"","IMPACT","OCCURRENCE"
"min",0.75,0
"q1",43.75,14.75
"median",65.75,26.75
"mean",61.7083795397838,32.5430634347602
"q3",82,48.75
"max",100,100
"iqr",38.25,34
