"","IMPACT","OCCURRENCE"
"min",1.75,0
"q1",45,22.5
"median",60.25,40
"mean",58.984152697563,39.3843823091644
"q3",75,52.75
"max",99.25,95
"iqr",30,30.25
