"","IMPACT","OCCURRENCE"
"min",0.25,0
"q1",49.5,24.5
"median",67.25,48.25
"mean",64.1340862422998,48.2909333927378
"q3",82,71
"max",100,100
"iqr",32.5,46.5
