"","IMPACT","OCCURRENCE"
"min",3,2.75
"q1",51.5,48.25
"median",66.75,66
"mean",65.6725056506296,63.4460556844548
"q3",82.75,82
"max",100,100
"iqr",31.25,33.75
