"","IMPACT","OCCURRENCE"
"min",1,1
"q1",50.75,45.5
"median",67.75,62
"mean",64.6929517984564,60.4498232113145
"q3",82,79.25
"max",100,100
"iqr",31.25,33.75
