"","IMPACT","OCCURRENCE"
"min",0.25,1
"q1",44.5,30
"median",62,47.75
"mean",59.8999070138151,48.5493494840736
"q3",78.25,63.5
"max",100,100
"iqr",33.75,33.5
