"","IMPACT","OCCURRENCE"
"min",0,0
"q1",7.5,52.375
"median",15,75
"mean",36.6666666666667,63.8429752066116
"q3",84.875,88.75
"max",100,100
"iqr",77.375,36.375
