"","IMPACT","OCCURRENCE"
"min",1.25,0
"q1",51,33.75
"median",72,53
"mean",66.3292519407198,52.4769404982499
"q3",84.75,73
"max",100,99.5
"iqr",33.75,39.25
