"","IMPACT","OCCURRENCE"
"min",0.25,0.75
"q1",40,25
"median",56.25,46.25
"mean",55.5792464526794,45.4562683746325
"q3",74,62
"max",99.75,100
"iqr",34,37
