"","IMPACT","OCCURRENCE"
"min",0,0
"q1",49,39.5
"median",64.25,52
"mean",62.3167629650507,51.1988445142472
"q3",78.25,64.75
"max",100,98.25
"iqr",29.25,25.25
