"","IMPACT","OCCURRENCE"
"min",1,1
"q1",46.75,35.5
"median",63.5,49.75
"mean",61.932735426009,50.3515481768181
"q3",81,66.75
"max",100,100
"iqr",34.25,31.25
