"","IMPACT","OCCURRENCE"
"min",3.5,0
"q1",43,31
"median",60,44.75
"mean",57.4369706594071,44.7333946343574
"q3",73.25,57
"max",99,93.5
"iqr",30.25,26
