"","IMPACT","OCCURRENCE"
"min",0,1
"q1",43.25,34
"median",56.75,50
"mean",57.4071523767215,49.4805478575997
"q3",72.25,64
"max",100,100
"iqr",29,30
