"","IMPACT","OCCURRENCE"
"min",2.25,0
"q1",38.25,21.5
"median",56,37
"mean",56.0046098123148,40.5369222824684
"q3",75.75,56.5
"max",100,100
"iqr",37.5,35
