"","IMPACT","OCCURRENCE"
"min",0,1
"q1",48,28.25
"median",69.25,46.5
"mean",64.4456999149901,49.3818161829376
"q3",84,74.5
"max",100,100
"iqr",36,46.25
