"","IMPACT","OCCURRENCE"
"min",0,0
"q1",35.5,19
"median",54.75,37.5
"mean",55.3224249682965,40.2400682427492
"q3",77,56.25
"max",100,99.5
"iqr",41.5,37.25
