"","IMPACT","OCCURRENCE"
"min",1,0
"q1",48,31
"median",66,47.5
"mean",62.5764696250205,48.9521434950878
"q3",80.25,67.125
"max",100,99.25
"iqr",32.25,36.125
