"","IMPACT","OCCURRENCE"
"min",0.25,0
"q1",57,19.75
"median",75.5,36.625
"mean",69.8068709377902,38.4124475034998
"q3",87,53.75
"max",100,96
"iqr",30,34
