"","IMPACT","OCCURRENCE"
"min",0,0.25
"q1",43,31.25
"median",59.5,46
"mean",58.0873489977433,46.2024450891007
"q3",75.25,59
"max",100,99.5
"iqr",32.25,27.75
