"","IMPACT","OCCURRENCE"
"min",1.25,1.25
"q1",39,47.5
"median",56.25,62
"mean",54.5487312995013,60.785182803601
"q3",70,76.5
"max",100,100
"iqr",31,29
