"","IMPACT","OCCURRENCE"
"min",0,1
"q1",46,36.5
"median",60.75,50
"mean",58.7044855846627,49.6214780600462
"q3",75,63.75
"max",99.25,99
"iqr",29,27.25
