"","IMPACT","OCCURRENCE"
"min",1.5,1
"q1",53.25,56.75
"median",70.5,71.25
"mean",66.7099850968703,68.7249840662843
"q3",83,84
"max",100,100
"iqr",29.75,27.25
