"","IMPACT","OCCURRENCE"
"min",1.75,0
"q1",44.25,21.5
"median",67.75,35
"mean",62.9381328894438,37.0281156759238
"q3",83.5,48
"max",100,100
"iqr",39.25,26.5
