"","IMPACT","OCCURRENCE"
"min",0,0.75
"q1",42,41.5
"median",57.75,55
"mean",56.9162600459242,54.6272392515924
"q3",73,71
"max",100,99.25
"iqr",31,29.5
