"","IMPACT","OCCURRENCE"
"min",2,0
"q1",49,24.25
"median",66,44.75
"mean",63.795719844358,44.8098207326578
"q3",81.5,60.5
"max",100,98.25
"iqr",32.5,36.25
