"","IMPACT","OCCURRENCE"
"min",1.75,0.5
"q1",41,38
"median",57.25,58
"mean",57.165081042988,55.3734765875561
"q3",75.25,75.75
"max",100,100
"iqr",34.25,37.75
