"","IMPACT","OCCURRENCE"
"min",2,1
"q1",45.25,36.25
"median",61.25,48
"mean",59.7635996600085,49.5653684907326
"q3",77,60.75
"max",100,97
"iqr",31.75,24.5
