"","IMPACT","OCCURRENCE"
"min",0,0.75
"q1",38,17.75
"median",52.75,37.25
"mean",52.9790374963094,37.4081343834605
"q3",68,52.75
"max",99.75,95.25
"iqr",30,35
