"","IMPACT","OCCURRENCE"
"min",0.75,0.25
"q1",54.75,43
"median",72.25,59.5
"mean",67.398421950526,57.9067667743775
"q3",83.75,77.75
"max",100,100
"iqr",29,34.75
