"","IMPACT","OCCURRENCE"
"min",40,10
"q1",46.25,22.375
"median",52.5,35
"mean",57.0689655172414,34.9507389162562
"q3",58.875,47.375
"max",90,60
"iqr",12.625,25
