"","IMPACT","OCCURRENCE"
"min",1,0
"q1",40,29.75
"median",57,47
"mean",55.9622870095357,45.8781911013859
"q3",74,60.75
"max",99.75,93.25
"iqr",34,31
