"","IMPACT","OCCURRENCE"
"min",0,0.5
"q1",51.5,23.25
"median",68.75,39
"mean",64.9214601769911,39.5425520141656
"q3",82.5,51
"max",100,95
"iqr",31,27.75
