"","IMPACT","OCCURRENCE"
"min",1,1
"q1",48,43.25
"median",62,55
"mean",61.779624165243,56.0598815529721
"q3",79.25,73
"max",100,97.25
"iqr",31.25,29.75
