"","IMPACT","OCCURRENCE"
"min",0.5,0
"q1",44,18.25
"median",58.75,37
"mean",57.7288285109386,36.202904040404
"q3",73.25,51.25
"max",100,95.5
"iqr",29.25,33
