"","IMPACT","OCCURRENCE"
"min",0.5,0
"q1",42.25,28.25
"median",56.75,45
"mean",57.3250992199261,45.4839640795382
"q3",74,59.5
"max",100,100
"iqr",31.75,31.25
