"","IMPACT","OCCURRENCE"
"min",0.75,0.75
"q1",52.25,49.75
"median",66,67.5
"mean",63.6258020477816,64.141670024174
"q3",79,81
"max",100,100
"iqr",26.75,31.25
