"","IMPACT","OCCURRENCE"
"min",0.5,1.25
"q1",45.75,32.75
"median",62,52
"mean",59.5266903914591,50.4074629664354
"q3",75.75,67.75
"max",100,99
"iqr",30,35
