"","IMPACT","OCCURRENCE"
"min",1.25,1
"q1",50,50.5
"median",67,68.5
"mean",63.8125117680286,64.8082943061375
"q3",80.75,84
"max",100,100
"iqr",30.75,33.5
