ANS2SURV_ID;ANS2SURV_DURATION;IMPACT;OCCURRENCE;X1PCT;Y1PCT;X2PCT;Y2PCT;PROZAHL;RPZ;GRAPHIO;GRAPHRPZ;QUES2SURV_ID;Q2SID_PREV;Q2SID_NEXT;QUES2SURV_QUESID;QUES_ID;QUES_TEXT;QUES_TYP;QUES2SURV_SURVID;SURV_NAME;QUES2SURV_SORT;QUES2SURV_METHOD;QUES2SURV_KBID;ANS2SURV_QUES2SURVID;ANS2SURV_ACC2SURVID;ANS2SURV_METHOD;MODIFIED;ACC2SURV_GROUPID;ACC2SURV_ACCID;ACC2SURV_FIRSTSTEP_DATE;ACC2SURV_MAILFIRST;ACC2SURV_MAILSECOND;ACC2SURV_ROLE;ACC_ADSUSER;ANS2SURV_ANSWERED;ANS2SURV_COMMENT;QUES_CAUSE;QUES_EFFECT
19650894;11;4;4;;;;;64;16;-1;-1;3995;4001;3992;1028;1028;[PO1] Langwierige Entscheidungsfindung;Risiko;301;E-CMZ Klinikum KL [Teil2 - Alle Fragen];36;classic;PO001;3995;1861;classic;08.10.2025;1;407;;;;1;ROLLJ;1;;;
19650899;12;4;3;;;;;48;12;-1;-1;3992;3995;3993;1029;1029;[PO2] Nicht vorhandene bzw. nicht kommunizierte QM-Standards;Risiko;301;E-CMZ Klinikum KL [Teil2 - Alle Fragen];37;classic;PO002;3992;1861;classic;08.10.2025;1;407;;;;1;ROLLJ;1;;;
19650904;28;;;;;;;;;-1;-1;3993;3992;3994;1030;1030;[PO3] fehlende selbständige interne Koordination (Informationsweitergabe) der Fachabteilung;Risiko;301;E-CMZ Klinikum KL [Teil2 - Alle Fragen];38;classic;PO003;3993;1861;classic;08.10.2025;1;407;;;;1;ROLLJ;-1;;;
19650909;25;3;4;;;;;48;12;-1;-1;3994;3993;3988;1031;1031;[PO4] Wechsel wesentlicher Schlüsselpersonen für die Umsetzung/Verantwortlicher im Projektteam (z. B. Projektleitung, Nutzer, Planer, Auftraggeber, Verantwortungsträger in einzelnen Bereichen z. B. Technik), Know-How-Träger stehen nicht zur Verfügung / Veränderung in den Entscheidungsstrukturen;Risiko;301;E-CMZ Klinikum KL [Teil2 - Alle Fragen];39;classic;PO004;3994;1861;classic;08.10.2025;1;407;;;;1;ROLLJ;1;;;
19650804;14;4;4;;;;;64;16;-1;-1;4013;4015;4012;1032;1032;[PA1] Kommunikationsfehler mit ausführenden Auftragnehmern (Betriebsführung, Instandhaltung);Risiko;301;E-CMZ Klinikum KL [Teil2 - Alle Fragen];18;classic;PA001;4013;1861;classic;08.10.2025;1;407;;;;1;ROLLJ;1;;;
19650809;16;;;;;;;;;-1;-1;4012;4013;4005;1033;1033;[PA2] Ressourcenverfügbarkeit bei ausführenden Auftragnehmern nicht vorhanden;Risiko;301;E-CMZ Klinikum KL [Teil2 - Alle Fragen];19;classic;PA002;4012;1861;classic;08.10.2025;1;407;;;;1;ROLLJ;-1;;;
19650814;23;4;3;;;;;48;12;-1;-1;4005;4012;4011;1034;1034;[PA3] Planung ungenau oder nicht vollständig;Risiko;301;E-CMZ Klinikum KL [Teil2 - Alle Fragen];20;classic;PA003;4005;1861;classic;08.10.2025;1;407;;;;1;ROLLJ;1;;;
19650819;18;;;;;;;;;-1;-1;4011;4005;4010;1035;1035;[PA4] Ausschreibung fehlerhaft;Risiko;301;E-CMZ Klinikum KL [Teil2 - Alle Fragen];21;classic;PA004;4011;1861;classic;08.10.2025;1;407;;;;1;ROLLJ;-1;;;
19650824;31;3;4;;;;;48;12;-1;-1;4010;4011;4009;1036;1036;[PA5] Projektdokumentation nicht vollständig bzw. nicht vorhanden;Risiko;301;E-CMZ Klinikum KL [Teil2 - Alle Fragen];22;classic;PA005;4010;1861;classic;08.10.2025;1;407;;;;1;ROLLJ;1;;;
19650829;11;3;4;;;;;48;12;-1;-1;4009;4010;4008;1037;1037;[PA6] Übergabedokumentation nicht vollständig bzw. nicht vorhanden;Risiko;301;E-CMZ Klinikum KL [Teil2 - Alle Fragen];23;classic;PA006;4009;1861;classic;08.10.2025;1;407;;;;1;ROLLJ;1;;;
19650834;37;4;4;;;;;64;16;-1;-1;4008;4009;4007;1038;1038;[PA7] Lange Projektdauer;Risiko;301;E-CMZ Klinikum KL [Teil2 - Alle Fragen];24;classic;PA007;4008;1861;classic;08.10.2025;1;407;;;;1;ROLLJ;1;;;
19650839;12;;;;;;;;;-1;-1;4007;4008;4006;1039;1039;[PA8] Vorgegebene Laufzeiten und Fristen sind nicht berücksichtigt (Beschlussfassung Aufsichtsrat, Einreichung Landesrechnungshof, Ausschreibungsverfahren uvm.);Risiko;301;E-CMZ Klinikum KL [Teil2 - Alle Fragen];25;classic;PA008;4007;1861;classic;08.10.2025;1;407;;;;1;ROLLJ;-1;;;
19650844;21;4;3;;;;;48;12;-1;-1;4006;4007;3998;1040;1040;[PA9] verzögerte Freigabe von Planungsschritten und Genehmigungschritten;Risiko;301;E-CMZ Klinikum KL [Teil2 - Alle Fragen];26;classic;PA009;4006;1861;classic;08.10.2025;1;407;;;;1;ROLLJ;1;;;
19650849;8;;;;;;;;;-1;-1;3998;4006;4002;1041;1041;[PF1] Folgekostenermittlung nicht transparent;Risiko;301;E-CMZ Klinikum KL [Teil2 - Alle Fragen];27;classic;PF001;3998;1861;classic;08.10.2025;1;407;;;;1;ROLLJ;-1;;;
19650864;13;4;3;;;;;48;12;-1;-1;4004;4003;3999;1042;1042;[PF2] Betriebsorganisationskonzept nicht gelöst;Risiko;301;E-CMZ Klinikum KL [Teil2 - Alle Fragen];30;classic;PF004;4004;1861;classic;08.10.2025;1;407;;;;1;ROLLJ;1;;;
19650874;35;3;3;;;;;36;9;-1;-1;3997;3999;3996;1043;1043;[PF3] unerfüllbare Erwartungshaltung an Auftragnehmer;Risiko;301;E-CMZ Klinikum KL [Teil2 - Alle Fragen];32;classic;PF006;3997;1861;classic;08.10.2025;1;407;;;;1;ROLLJ;1;;;
19650879;38;3;4;;;;;48;12;-1;-1;3996;3997;4000;1044;1044;[PF4] einschneidende organisatorische Veränderungen im Betrieb;Risiko;301;E-CMZ Klinikum KL [Teil2 - Alle Fragen];33;classic;PF007;3996;1861;classic;08.10.2025;1;407;;;;1;ROLLJ;1;;;
19650884;18;3;4;;;;;48;12;-1;-1;4000;3996;4001;1045;1045;[PF5] personelle Veränderungen (innerhalb der Auftraggeber Organisation) groß;Risiko;301;E-CMZ Klinikum KL [Teil2 - Alle Fragen];34;classic;PF008;4000;1861;classic;08.10.2025;1;407;;;;1;ROLLJ;1;;;
19650854;29;;;;;;;;;-1;-1;4002;3998;4003;1046;1046;[PF1] Harmonisierung unterschiedlicher Standards und Umsetzungsgrade in prozessübergreifenden Managementsystemen (z. B.  Qualitäts- und Risikomanagement, ISMS, Compliance) und anderen Systemen;Chance;301;E-CMZ Klinikum KL [Teil2 - Alle Fragen];28;classic;PF002;4002;1861;classic;08.10.2025;1;407;;;;1;ROLLJ;-1;;;
19650859;10;;;;;;;;;-1;-1;4003;4002;4004;1047;1047;[PF2] Baufeldfreimachung für zukünftige Projekte;Chance;301;E-CMZ Klinikum KL [Teil2 - Alle Fragen];29;classic;PF003;4003;1861;classic;08.10.2025;1;407;;;;1;ROLLJ;-1;;;
19650889;22;4;3;;;;;48;12;-1;-1;4001;4000;3995;1048;1048;[PF6] keine ausreichende Berücksichtigung der Schnittstellen zwischen Projekt und laufendem Betrieb (technisch);Risiko;301;E-CMZ Klinikum KL [Teil2 - Alle Fragen];35;classic;PF009;4001;1861;classic;08.10.2025;1;407;;;;1;ROLLJ;1;;;
19650869;24;4;4;;;;;64;16;-1;-1;3999;4004;3997;1049;1049;[PF3] Adaptierung/Modernisierung der räumlichen Strukturen an die Anforderungen des Versorgungsauftrags sowie an die Anforderungen der betroffenen Primär- und Sekundärversorgungsbereiche;Chance;301;E-CMZ Klinikum KL [Teil2 - Alle Fragen];31;classic;PF005;3999;1861;classic;08.10.2025;1;407;;;;1;ROLLJ;1;;;
19651004;15;3;4;;;;;48;12;-1;-1;3970;3974;3973;1050;1050;[SI1] Sperre von Bereichen in der Tiefgarage (Technik für die BRV Anlage fehlt während der Bauphase);Risiko;301;E-CMZ Klinikum KL [Teil2 - Alle Fragen];58;classic;SI001;3970;1861;classic;08.10.2025;1;407;;;;1;ROLLJ;1;;;
19651014;20;5;4;;;;;80;20;-1;-1;3972;3973;3971;1051;1051;[SI2] Patienten mit Infektion werden separiert geführt;Chance;301;E-CMZ Klinikum KL [Teil2 - Alle Fragen];60;classic;SI003;3972;1861;classic;08.10.2025;1;407;;;;1;ROLLJ;1;;;
19651019;20;4;4;;;;;64;16;-1;-1;3971;3972;3966;1052;1052;[SI3] Steigerung der Sicherheit von Patient: innen, Mitarbeiter: innen und Dritter;Chance;301;E-CMZ Klinikum KL [Teil2 - Alle Fragen];61;classic;SI004;3971;1861;classic;08.10.2025;1;407;;;;1;ROLLJ;1;;;
19651009;10;4;3;;;;;48;12;-1;-1;3973;3970;3972;1053;1053;[SI2] keine ausreichende Einbindung und Information der Sicherheitsbeauftragten über sicherheitsrelevante Faktoren;Risiko;301;E-CMZ Klinikum KL [Teil2 - Alle Fragen];59;classic;SI002;3973;1861;classic;08.10.2025;1;407;;;;1;ROLLJ;1;;;
19651024;11;4;4;;;;;64;16;-1;-1;3966;3971;3964;1054;1054;[TE1] Auswirkung an angrenzende Bereiche (befinden sich daneben, darüber, darunter);Risiko;301;E-CMZ Klinikum KL [Teil2 - Alle Fragen];62;classic;TE001;3966;1861;classic;08.10.2025;1;407;;;;1;ROLLJ;1;;;
19630917;11;4;3;;;;;48;12;-1;-1;3989;3982;3990;997;997;[PU2] Verbesserung der Positionierung am Arbeitsmarkt;Chance;301;E-CMZ Klinikum KL [Teil2 - Alle Fragen];43;classic;PU004;3989;1832;classic;22.09.2025;1;1101;;28.08.2025;;1;KREUZH;1;;;
19630918;5;4;4;;;;;64;16;-1;-1;3990;3989;3983;998;998;[PU3] Verbesserung der interdisziplinären Zusammenarbeit ;Chance;301;E-CMZ Klinikum KL [Teil2 - Alle Fragen];44;classic;PU005;3990;1832;classic;22.09.2025;1;1101;;28.08.2025;;1;KREUZH;1;;;
19630920;24;4;3;;;;;48;12;-1;-1;3991;3983;3984;999;999;[PU4] Integration der Pädaudiometrie in die HNO bzw. Kopfzentrum;Chance;301;E-CMZ Klinikum KL [Teil2 - Alle Fragen];46;classic;PU007;3991;1832;classic;22.09.2025;1;1101;;28.08.2025;;1;KREUZH;1;;;
19630923;7;4;2;;;;;32;8;-1;-1;3986;3985;3987;1000;1000;[PU6] Projektfortschritt bzw. -laufzeiten können nicht eingehalten werden;Risiko;301;E-CMZ Klinikum KL [Teil2 - Alle Fragen];49;classic;PU010;3986;1832;classic;22.09.2025;1;1101;;28.08.2025;;1;KREUZH;1;;;
19630924;10;5;2;;;;;40;10;-1;-1;3987;3986;3979;1001;1001;[PU7] keine Realisierungsentscheidung auf Grund fehlender finanzieller Mittel;Risiko;301;E-CMZ Klinikum KL [Teil2 - Alle Fragen];50;classic;PU011;3987;1832;classic;22.09.2025;1;1101;;28.08.2025;;1;KREUZH;1;;;
19630885;9;2;3;;;;;24;6;-1;-1;4016;4020;4021;1002;1002;[ÖU1] Umwelteinflüsse können Projekt behindern oder beeinflussen;Risiko;301;E-CMZ Klinikum KL [Teil2 - Alle Fragen];11;classic;ÖU002;4016;1832;classic;22.09.2025;1;1101;;28.08.2025;;1;KREUZH;1;;;
19630887;16;2;3;;;;;24;6;-1;-1;4019;4021;4018;1003;1003;[ÖU2] Lärm- und Staubbelästigung während der Bauphase und somit Einfluss auf die Patient: innen und Mitarbeiter: innen in den umliegenden Gebäude(-teile) ==> Nähe Notfallaufnahme ==> zentraler Verkehrsknotenpunkt;Risiko;301;E-CMZ Klinikum KL [Teil2 - Alle Fragen];13;classic;ÖU004;4019;1832;classic;22.09.2025;1;1101;;28.08.2025;;1;KREUZH;1;;;
19630884;13;4;4;;;;;64;16;-1;-1;4020;4028;4016;1004;1004;[ÖU1] Integration ressourcenschonender Energienutzungsmodelle in die Projektplanung (Alternativenergie, Passivhausstandard, Kühlung/Energiespeicherung durch Grundwasser, Photovoltaik (z. B. in Fassade integrieren oder am Dach), Erdwärme, Sonnenschutz - starke Lamellen, Fassadenfarbe, Niedertemperatur Heiz-Kühlsystem (Baukernaktivierung,  usw.);Chance;301;E-CMZ Klinikum KL [Teil2 - Alle Fragen];10;classic;ÖU001;4020;1832;classic;22.09.2025;1;1101;;28.08.2025;;1;KREUZH;1;;;
19630888;19;2;3;;;;;24;6;-1;-1;4018;4019;4017;1005;1005;[ÖU3] Erschütterungen während der Bauphase (Beeinflusst Medizin-und Labortechnik);Risiko;301;E-CMZ Klinikum KL [Teil2 - Alle Fragen];14;classic;ÖU005;4018;1832;classic;22.09.2025;1;1101;;28.08.2025;;1;KREUZH;1;;;
19630889;5;2;3;;;;;24;6;-1;-1;4017;4018;4014;1006;1006;[ÖU4] Verunreinigung angrenzender Gebäude;Risiko;301;E-CMZ Klinikum KL [Teil2 - Alle Fragen];15;classic;ÖU006;4017;1832;classic;22.09.2025;1;1101;;28.08.2025;;1;KREUZH;1;;;
19630890;4;2;3;;;;;24;6;-1;-1;4014;4017;4015;1007;1007;[ÖU5] Verunreinigung des Grundwasser;Risiko;301;E-CMZ Klinikum KL [Teil2 - Alle Fragen];16;classic;ÖU007;4014;1832;classic;22.09.2025;1;1101;;28.08.2025;;1;KREUZH;1;;;
19630891;10;3;4;;;;;48;12;-1;-1;4015;4014;4013;1008;1008;[ÖU6] unkontrollierter Wassereintritt;Risiko;301;E-CMZ Klinikum KL [Teil2 - Alle Fragen];17;classic;ÖU008;4015;1832;classic;22.09.2025;1;1101;;28.08.2025;;1;KREUZH;1;;;
19630886;11;3;4;;;;;48;12;-1;-1;4021;4016;4019;1009;1009;[ÖU2] Förderungen auf Grund der Neubausituation lukrieren;Chance;301;E-CMZ Klinikum KL [Teil2 - Alle Fragen];12;classic;ÖU003;4021;1832;classic;22.09.2025;1;1101;;28.08.2025;;1;KREUZH;1;;;
19630930;8;2;3;;;;;24;6;-1;-1;3975;3980;3974;1010;1010;[RA1] Verzögerungen in diversen Vergabeverfahren (Einsprüche) vor allem bei Schlüsselgewerken;Risiko;301;E-CMZ Klinikum KL [Teil2 - Alle Fragen];56;classic;RA001;3975;1832;classic;22.09.2025;1;1101;;28.08.2025;;1;KREUZH;1;;;
19630931;9;4;2;;;;;32;8;-1;-1;3974;3975;3970;1011;1011;[RA3] negative Stellungnahme durch den Landesrechnungshof;Risiko;301;E-CMZ Klinikum KL [Teil2 - Alle Fragen];57;classic;RA002;3974;1832;classic;22.09.2025;1;1101;;28.08.2025;;1;KREUZH;1;;;
19630943;7;2;3;;;;;24;6;-1;-1;3962;3963;3961;1012;1012;[UV1] veränderte Marktentwicklung;Risiko;301;E-CMZ Klinikum KL [Teil2 - Alle Fragen];69;classic;UV001;3962;1832;classic;22.09.2025;1;1101;;28.08.2025;;1;KREUZH;1;;;
19630944;7;2;3;;;;;24;6;-1;-1;3961;3962;0;1013;1013;[UV2] Änderung/Reduktion der/des medizinischen Leistungsplanung/-spektrums/-angebotsplanung bis zur Inbetriebnahme;Risiko;301;E-CMZ Klinikum KL [Teil2 - Alle Fragen];70;classic;UV002;3961;1832;classic;22.09.2025;1;1101;;28.08.2025;;1;KREUZH;1;;;
19630925;9;4;2;;;;;32;8;-1;-1;3979;3987;3976;1014;1014;[PV1] Enger Kostenrahmen, keine vollständige finanzielle Deckung vorhanden;Risiko;301;E-CMZ Klinikum KL [Teil2 - Alle Fragen];51;classic;PV001;3979;1832;classic;22.09.2025;1;1101;;28.08.2025;;1;KREUZH;1;;;
19630926;5;4;2;;;;;32;8;-1;-1;3976;3979;3977;1015;1015;[PV2] Zu eng gesetzter Projektterminplan;Risiko;301;E-CMZ Klinikum KL [Teil2 - Alle Fragen];52;classic;PV002;3976;1832;classic;22.09.2025;1;1101;;28.08.2025;;1;KREUZH;1;;;
19630927;5;2;3;;;;;24;6;-1;-1;3977;3976;3978;1016;1016;[PV3] Planungsfehler;Risiko;301;E-CMZ Klinikum KL [Teil2 - Alle Fragen];53;classic;PV003;3977;1832;classic;22.09.2025;1;1101;;28.08.2025;;1;KREUZH;1;;;
19630928;5;2;3;;;;;24;6;-1;-1;3978;3977;3980;1017;1017;[PV4] Kostenplanungsfehler (z. B. Vorhabens Budget, Investitionsprogramm, Betriebsbudget, Folgekosten usw.);Risiko;301;E-CMZ Klinikum KL [Teil2 - Alle Fragen];54;classic;PV004;3978;1832;classic;22.09.2025;1;1101;;28.08.2025;;1;KREUZH;1;;;
19630929;7;2;2;;;;;16;4;-1;-1;3980;3978;3975;1018;1018;[PV5] unzureichende Berücksichtigung der Nutzeranforderungen in der Planung ;Risiko;301;E-CMZ Klinikum KL [Teil2 - Alle Fragen];55;classic;PV005;3980;1832;classic;22.09.2025;1;1101;;28.08.2025;;1;KREUZH;1;;;
19630875;25;3;4;;;;;48;12;-1;-1;4026;0;4029;1019;1019;[BB1] Kommunikationsfehler (Verständnisfehler) mit Nutzer;Risiko;301;E-CMZ Klinikum KL [Teil2 - Alle Fragen];1;classic;BB001;4026;1832;classic;22.09.2025;1;1101;;28.08.2025;;1;KREUZH;1;;;
19630878;13;4;2;;;;;32;8;-1;-1;4027;4030;4025;1020;1020;[BB2] Personalwechsel in Schlüsselpositionen intern in der KABEG;Risiko;301;E-CMZ Klinikum KL [Teil2 - Alle Fragen];4;classic;BB004;4027;1832;classic;22.09.2025;1;1101;;28.08.2025;;1;KREUZH;1;;;
19630876;15;4;4;;;;;64;16;-1;-1;4029;4026;4030;1021;1021;[BB1] Nutzer sind ausreichend über das Projekt informiert;Chance;301;E-CMZ Klinikum KL [Teil2 - Alle Fragen];2;classic;BB002;4029;1832;classic;22.09.2025;1;1101;;28.08.2025;;1;KREUZH;1;;;
19630879;18;4;2;;;;;32;8;-1;-1;4025;4027;4024;1022;1022;[BB3] Projektanforderungen ändern sich;Risiko;301;E-CMZ Klinikum KL [Teil2 - Alle Fragen];5;classic;BB005;4025;1832;classic;22.09.2025;1;1101;;28.08.2025;;1;KREUZH;1;;;
19630877;222;4;4;;;;;64;16;-1;-1;4030;4029;4027;1023;1023;"[BB2] Nutzung der Erfahrung der Beteiligten aus den Fachbereichen; Fachbereichsmitarbeiter: innen zu Beteiligten machen und einbeziehen";Chance;301;E-CMZ Klinikum KL [Teil2 - Alle Fragen];3;classic;BB003;4030;1832;classic;22.09.2025;1;1101;;28.08.2025;;1;KREUZH;1;;;
19630880;17;2;3;;;;;24;6;-1;-1;4024;4025;4023;1024;1024;[BB4] Abhängigkeiten der Projektumsetzung von Einzelpersonen;Risiko;301;E-CMZ Klinikum KL [Teil2 - Alle Fragen];6;classic;BB006;4024;1832;classic;22.09.2025;1;1101;;28.08.2025;;1;KREUZH;1;;;
19630881;568;2;2;;;;;16;4;-1;-1;4023;4024;4022;1025;1025;[BB5] veränderte bzw. nicht/besonders wahrgenommene Zuständigkeit;Risiko;301;E-CMZ Klinikum KL [Teil2 - Alle Fragen];7;classic;BB007;4023;1832;classic;22.09.2025;1;1101;;28.08.2025;;1;KREUZH;1;;;
19630882;10;2;3;;;;;24;6;-1;-1;4022;4023;4028;1026;1026;[BB6] neue, überzogene (An-)Forderungen der Nutzer/Partner;Risiko;301;E-CMZ Klinikum KL [Teil2 - Alle Fragen];8;classic;BB008;4022;1832;classic;22.09.2025;1;1101;;28.08.2025;;1;KREUZH;1;;;
19630883;6;2;3;;;;;24;6;-1;-1;4028;4022;4020;1027;1027;[BB7] falsche oder nicht ausgesprochene Erwartungen durch Nutzer, Partner;Risiko;301;E-CMZ Klinikum KL [Teil2 - Alle Fragen];9;classic;BB009;4028;1832;classic;22.09.2025;1;1101;;28.08.2025;;1;KREUZH;1;;;
19630910;5;2;3;;;;;24;6;-1;-1;3995;4001;3992;1028;1028;[PO1] Langwierige Entscheidungsfindung;Risiko;301;E-CMZ Klinikum KL [Teil2 - Alle Fragen];36;classic;PO001;3995;1832;classic;22.09.2025;1;1101;;28.08.2025;;1;KREUZH;1;;;
19630911;5;2;3;;;;;24;6;-1;-1;3992;3995;3993;1029;1029;[PO2] Nicht vorhandene bzw. nicht kommunizierte QM-Standards;Risiko;301;E-CMZ Klinikum KL [Teil2 - Alle Fragen];37;classic;PO002;3992;1832;classic;22.09.2025;1;1101;;28.08.2025;;1;KREUZH;1;;;
19630912;41;2;2;;;;;16;4;-1;-1;3993;3992;3994;1030;1030;[PO3] fehlende selbständige interne Koordination (Informationsweitergabe) der Fachabteilung;Risiko;301;E-CMZ Klinikum KL [Teil2 - Alle Fragen];38;classic;PO003;3993;1832;classic;22.09.2025;1;1101;;28.08.2025;;1;KREUZH;1;;;
19630913;8;2;3;;;;;24;6;-1;-1;3994;3993;3988;1031;1031;[PO4] Wechsel wesentlicher Schlüsselpersonen für die Umsetzung/Verantwortlicher im Projektteam (z. B. Projektleitung, Nutzer, Planer, Auftraggeber, Verantwortungsträger in einzelnen Bereichen z. B. Technik), Know-How-Träger stehen nicht zur Verfügung / Veränderung in den Entscheidungsstrukturen;Risiko;301;E-CMZ Klinikum KL [Teil2 - Alle Fragen];39;classic;PO004;3994;1832;classic;22.09.2025;1;1101;;28.08.2025;;1;KREUZH;1;;;
19630892;9;2;3;;;;;24;6;-1;-1;4013;4015;4012;1032;1032;[PA1] Kommunikationsfehler mit ausführenden Auftragnehmern (Betriebsführung, Instandhaltung);Risiko;301;E-CMZ Klinikum KL [Teil2 - Alle Fragen];18;classic;PA001;4013;1832;classic;22.09.2025;1;1101;;28.08.2025;;1;KREUZH;1;;;
19630893;68;2;3;;;;;24;6;-1;-1;4012;4013;4005;1033;1033;[PA2] Ressourcenverfügbarkeit bei ausführenden Auftragnehmern nicht vorhanden;Risiko;301;E-CMZ Klinikum KL [Teil2 - Alle Fragen];19;classic;PA002;4012;1832;classic;22.09.2025;1;1101;;28.08.2025;;1;KREUZH;1;;;
19630894;7;2;3;;;;;24;6;-1;-1;4005;4012;4011;1034;1034;[PA3] Planung ungenau oder nicht vollständig;Risiko;301;E-CMZ Klinikum KL [Teil2 - Alle Fragen];20;classic;PA003;4005;1832;classic;22.09.2025;1;1101;;28.08.2025;;1;KREUZH;1;;;
19630895;126;2;2;;;;;16;4;-1;-1;4011;4005;4010;1035;1035;[PA4] Ausschreibung fehlerhaft;Risiko;301;E-CMZ Klinikum KL [Teil2 - Alle Fragen];21;classic;PA004;4011;1832;classic;22.09.2025;1;1101;;28.08.2025;;1;KREUZH;1;;;
19630896;9;2;3;;;;;24;6;-1;-1;4010;4011;4009;1036;1036;[PA5] Projektdokumentation nicht vollständig bzw. nicht vorhanden;Risiko;301;E-CMZ Klinikum KL [Teil2 - Alle Fragen];22;classic;PA005;4010;1832;classic;22.09.2025;1;1101;;28.08.2025;;1;KREUZH;1;;;
19630897;7;2;3;;;;;24;6;-1;-1;4009;4010;4008;1037;1037;[PA6] Übergabedokumentation nicht vollständig bzw. nicht vorhanden;Risiko;301;E-CMZ Klinikum KL [Teil2 - Alle Fragen];23;classic;PA006;4009;1832;classic;22.09.2025;1;1101;;28.08.2025;;1;KREUZH;1;;;
19630898;5;2;3;;;;;24;6;-1;-1;4008;4009;4007;1038;1038;[PA7] Lange Projektdauer;Risiko;301;E-CMZ Klinikum KL [Teil2 - Alle Fragen];24;classic;PA007;4008;1832;classic;22.09.2025;1;1101;;28.08.2025;;1;KREUZH;1;;;
19630899;12;2;2;;;;;16;4;-1;-1;4007;4008;4006;1039;1039;[PA8] Vorgegebene Laufzeiten und Fristen sind nicht berücksichtigt (Beschlussfassung Aufsichtsrat, Einreichung Landesrechnungshof, Ausschreibungsverfahren uvm.);Risiko;301;E-CMZ Klinikum KL [Teil2 - Alle Fragen];25;classic;PA008;4007;1832;classic;22.09.2025;1;1101;;28.08.2025;;1;KREUZH;1;;;
19630900;7;2;3;;;;;24;6;-1;-1;4006;4007;3998;1040;1040;[PA9] verzögerte Freigabe von Planungsschritten und Genehmigungschritten;Risiko;301;E-CMZ Klinikum KL [Teil2 - Alle Fragen];26;classic;PA009;4006;1832;classic;22.09.2025;1;1101;;28.08.2025;;1;KREUZH;1;;;
19630901;4;2;3;;;;;24;6;-1;-1;3998;4006;4002;1041;1041;[PF1] Folgekostenermittlung nicht transparent;Risiko;301;E-CMZ Klinikum KL [Teil2 - Alle Fragen];27;classic;PF001;3998;1832;classic;22.09.2025;1;1101;;28.08.2025;;1;KREUZH;1;;;
19630904;8;2;3;;;;;24;6;-1;-1;4004;4003;3999;1042;1042;[PF2] Betriebsorganisationskonzept nicht gelöst;Risiko;301;E-CMZ Klinikum KL [Teil2 - Alle Fragen];30;classic;PF004;4004;1832;classic;22.09.2025;1;1101;;28.08.2025;;1;KREUZH;1;;;
19630906;8;2;3;;;;;24;6;-1;-1;3997;3999;3996;1043;1043;[PF3] unerfüllbare Erwartungshaltung an Auftragnehmer;Risiko;301;E-CMZ Klinikum KL [Teil2 - Alle Fragen];32;classic;PF006;3997;1832;classic;22.09.2025;1;1101;;28.08.2025;;1;KREUZH;1;;;
19630907;65;2;3;;;;;24;6;-1;-1;3996;3997;4000;1044;1044;[PF4] einschneidende organisatorische Veränderungen im Betrieb;Risiko;301;E-CMZ Klinikum KL [Teil2 - Alle Fragen];33;classic;PF007;3996;1832;classic;22.09.2025;1;1101;;28.08.2025;;1;KREUZH;1;;;
19630908;7;2;3;;;;;24;6;-1;-1;4000;3996;4001;1045;1045;[PF5] personelle Veränderungen (innerhalb der Auftraggeber Organisation) groß;Risiko;301;E-CMZ Klinikum KL [Teil2 - Alle Fragen];34;classic;PF008;4000;1832;classic;22.09.2025;1;1101;;28.08.2025;;1;KREUZH;1;;;
19630902;19;2;3;;;;;24;6;-1;-1;4002;3998;4003;1046;1046;[PF1] Harmonisierung unterschiedlicher Standards und Umsetzungsgrade in prozessübergreifenden Managementsystemen (z. B.  Qualitäts- und Risikomanagement, ISMS, Compliance) und anderen Systemen;Chance;301;E-CMZ Klinikum KL [Teil2 - Alle Fragen];28;classic;PF002;4002;1832;classic;22.09.2025;1;1101;;28.08.2025;;1;KREUZH;1;;;
19630903;10;2;3;;;;;24;6;-1;-1;4003;4002;4004;1047;1047;[PF2] Baufeldfreimachung für zukünftige Projekte;Chance;301;E-CMZ Klinikum KL [Teil2 - Alle Fragen];29;classic;PF003;4003;1832;classic;22.09.2025;1;1101;;28.08.2025;;1;KREUZH;1;;;
19630909;7;2;3;;;;;24;6;-1;-1;4001;4000;3995;1048;1048;[PF6] keine ausreichende Berücksichtigung der Schnittstellen zwischen Projekt und laufendem Betrieb (technisch);Risiko;301;E-CMZ Klinikum KL [Teil2 - Alle Fragen];35;classic;PF009;4001;1832;classic;22.09.2025;1;1101;;28.08.2025;;1;KREUZH;1;;;
19630905;17;3;4;;;;;48;12;-1;-1;3999;4004;3997;1049;1049;[PF3] Adaptierung/Modernisierung der räumlichen Strukturen an die Anforderungen des Versorgungsauftrags sowie an die Anforderungen der betroffenen Primär- und Sekundärversorgungsbereiche;Chance;301;E-CMZ Klinikum KL [Teil2 - Alle Fragen];31;classic;PF005;3999;1832;classic;22.09.2025;1;1101;;28.08.2025;;1;KREUZH;1;;;
19630932;7;2;3;;;;;24;6;-1;-1;3970;3974;3973;1050;1050;[SI1] Sperre von Bereichen in der Tiefgarage (Technik für die BRV Anlage fehlt während der Bauphase);Risiko;301;E-CMZ Klinikum KL [Teil2 - Alle Fragen];58;classic;SI001;3970;1832;classic;22.09.2025;1;1101;;28.08.2025;;1;KREUZH;1;;;
19630934;8;4;3;;;;;48;12;-1;-1;3972;3973;3971;1051;1051;[SI2] Patienten mit Infektion werden separiert geführt;Chance;301;E-CMZ Klinikum KL [Teil2 - Alle Fragen];60;classic;SI003;3972;1832;classic;22.09.2025;1;1101;;28.08.2025;;1;KREUZH;1;;;
19630935;11;4;3;;;;;48;12;-1;-1;3971;3972;3966;1052;1052;[SI3] Steigerung der Sicherheit von Patient: innen, Mitarbeiter: innen und Dritter;Chance;301;E-CMZ Klinikum KL [Teil2 - Alle Fragen];61;classic;SI004;3971;1832;classic;22.09.2025;1;1101;;28.08.2025;;1;KREUZH;1;;;
19630933;11;2;3;;;;;24;6;-1;-1;3973;3970;3972;1053;1053;[SI2] keine ausreichende Einbindung und Information der Sicherheitsbeauftragten über sicherheitsrelevante Faktoren;Risiko;301;E-CMZ Klinikum KL [Teil2 - Alle Fragen];59;classic;SI002;3973;1832;classic;22.09.2025;1;1101;;28.08.2025;;1;KREUZH;1;;;
19630936;9;2;3;;;;;24;6;-1;-1;3966;3971;3964;1054;1054;[TE1] Auswirkung an angrenzende Bereiche (befinden sich daneben, darüber, darunter);Risiko;301;E-CMZ Klinikum KL [Teil2 - Alle Fragen];62;classic;TE001;3966;1832;classic;22.09.2025;1;1101;;28.08.2025;;1;KREUZH;1;;;
19630937;10;4;4;;;;;64;16;-1;-1;3964;3966;3965;1055;1055;[TE1] Verbesserung der technischen Betriebssicherheit;Chance;301;E-CMZ Klinikum KL [Teil2 - Alle Fragen];63;classic;TE002;3964;1832;classic;22.09.2025;1;1101;;28.08.2025;;1;KREUZH;1;;;
19630939;8;4;4;;;;;64;16;-1;-1;3969;3965;3967;1056;1056;[TE2] Zusammenführung, Anbindung (BMA, GLT, FTS, Zutritt usw.) , Harmonisierung struktureller und technischer Standards und deren Auslegung (alt/neu) ==> Implementierung aktueller Haus- und Betriebstechnik;Chance;301;E-CMZ Klinikum KL [Teil2 - Alle Fragen];65;classic;TE004;3969;1832;classic;22.09.2025;1;1101;;28.08.2025;;1;KREUZH;1;;;
19630940;5;4;4;;;;;64;16;-1;-1;3967;3969;3968;1057;1057;[TE3] Fernwärme/Kälteversorgung für zukünftige Versorgung berücksichtigen (Neuverlegung, Trassenführung);Chance;301;E-CMZ Klinikum KL [Teil2 - Alle Fragen];66;classic;TE005;3967;1832;classic;22.09.2025;1;1101;;28.08.2025;;1;KREUZH;1;;;
19630941;7;4;3;;;;;48;12;-1;-1;3968;3967;3963;1058;1058;[TE4] Kollektorgänge für zukünftige Erweiterungen vorbereitet (Onkozentrum);Chance;301;E-CMZ Klinikum KL [Teil2 - Alle Fragen];67;classic;TE006;3968;1832;classic;22.09.2025;1;1101;;28.08.2025;;1;KREUZH;1;;;
19630938;8;2;3;;;;;24;6;-1;-1;3965;3964;3969;1059;1059;[TE2] IT- und MT-Schnittstellenproblematiken zwischen den Einrichtungen werden nicht ausreichend berücksichtigt;Risiko;301;E-CMZ Klinikum KL [Teil2 - Alle Fragen];64;classic;TE003;3965;1832;classic;22.09.2025;1;1101;;28.08.2025;;1;KREUZH;1;;;
19630942;15;4;3;;;;;48;12;-1;-1;3963;3968;3962;1060;1060;[TE5] Business Continuity in Ableitung von der Unternehmensstrategie zu diesem Thema konzeptionell und in der Projektplanung vorsehen ;Chance;301;E-CMZ Klinikum KL [Teil2 - Alle Fragen];68;classic;TE007;3963;1832;classic;22.09.2025;1;1101;;28.08.2025;;1;KREUZH;1;;;
19632736;8;4;4;;;;;64;16;-1;-1;3981;3988;3982;991;991;[PU1] Konflikte mit anderen Projekten (nicht nur Bauprojekte) oder mit dem laufenden Betrieb;Risiko;301;E-CMZ Klinikum KL [Teil2 - Alle Fragen];41;classic;PU002;3981;1833;classic;07.09.2025;1;321;;28.08.2025;;1;SCHRATTERJ;1;;;
19632739;7;3;4;;;;;48;12;-1;-1;3982;3981;3989;992;992;[PU2] Politisch Einfluss auf das Projekt zu erwarten (bedeutender Projektinhalt);Risiko;301;E-CMZ Klinikum KL [Teil2 - Alle Fragen];42;classic;PU003;3982;1833;classic;07.09.2025;1;321;;28.08.2025;;1;SCHRATTERJ;1;;;
19632748;5;3;3;;;;;36;9;-1;-1;3983;3990;3991;993;993;[PU3] Widerstand und Einfluss von innen (Abteilungen, Stationen …);Risiko;301;E-CMZ Klinikum KL [Teil2 - Alle Fragen];45;classic;PU006;3983;1833;classic;07.09.2025;1;321;;28.08.2025;;1;SCHRATTERJ;1;;;
19632754;4;3;3;;;;;36;9;-1;-1;3984;3991;3985;994;994;[PU4] Widerstand und Einfluss von außen (z.B. Anrainer …);Risiko;301;E-CMZ Klinikum KL [Teil2 - Alle Fragen];47;classic;PU008;3984;1833;classic;07.09.2025;1;321;;28.08.2025;;1;SCHRATTERJ;1;;;
19632757;5;3;3;;;;;36;9;-1;-1;3985;3984;3986;995;995;[PU5] Bei Inbetriebnahme keine Kompatibilität der Projektziele mit dem Versorgungsauftrag  (z.B. Betriebsziele, politische Ziele, Umsetzung ÖSG-RSG usw.);Risiko;301;E-CMZ Klinikum KL [Teil2 - Alle Fragen];48;classic;PU009;3985;1833;classic;07.09.2025;1;321;;28.08.2025;;1;SCHRATTERJ;1;;;
19632733;6;3;3;;;;;36;9;-1;-1;3988;3994;3981;996;996;[PU1] Einhaltung aktueller gesetzlicher/betrieblicher Auflagen und Einschränkungen ;Chance;301;E-CMZ Klinikum KL [Teil2 - Alle Fragen];40;classic;PU001;3988;1833;classic;07.09.2025;1;321;;28.08.2025;;1;SCHRATTERJ;1;;;
19632742;5;4;4;;;;;64;16;-1;-1;3989;3982;3990;997;997;[PU2] Verbesserung der Positionierung am Arbeitsmarkt;Chance;301;E-CMZ Klinikum KL [Teil2 - Alle Fragen];43;classic;PU004;3989;1833;classic;07.09.2025;1;321;;28.08.2025;;1;SCHRATTERJ;1;;;
19632745;2;4;4;;;;;64;16;-1;-1;3990;3989;3983;998;998;[PU3] Verbesserung der interdisziplinären Zusammenarbeit ;Chance;301;E-CMZ Klinikum KL [Teil2 - Alle Fragen];44;classic;PU005;3990;1833;classic;07.09.2025;1;321;;28.08.2025;;1;SCHRATTERJ;1;;;
19632751;7;3;3;;;;;36;9;-1;-1;3991;3983;3984;999;999;[PU4] Integration der Pädaudiometrie in die HNO bzw. Kopfzentrum;Chance;301;E-CMZ Klinikum KL [Teil2 - Alle Fragen];46;classic;PU007;3991;1833;classic;07.09.2025;1;321;;28.08.2025;;1;SCHRATTERJ;1;;;
19632760;6;3;3;;;;;36;9;-1;-1;3986;3985;3987;1000;1000;[PU6] Projektfortschritt bzw. -laufzeiten können nicht eingehalten werden;Risiko;301;E-CMZ Klinikum KL [Teil2 - Alle Fragen];49;classic;PU010;3986;1833;classic;07.09.2025;1;321;;28.08.2025;;1;SCHRATTERJ;1;;;
19632763;4;3;3;;;;;36;9;-1;-1;3987;3986;3979;1001;1001;[PU7] keine Realisierungsentscheidung auf Grund fehlender finanzieller Mittel;Risiko;301;E-CMZ Klinikum KL [Teil2 - Alle Fragen];50;classic;PU011;3987;1833;classic;07.09.2025;1;321;;28.08.2025;;1;SCHRATTERJ;1;;;
19632646;7;3;3;;;;;36;9;-1;-1;4016;4020;4021;1002;1002;[ÖU1] Umwelteinflüsse können Projekt behindern oder beeinflussen;Risiko;301;E-CMZ Klinikum KL [Teil2 - Alle Fragen];11;classic;ÖU002;4016;1833;classic;07.09.2025;1;321;;28.08.2025;;1;SCHRATTERJ;1;;;
19632652;4;3;4;;;;;48;12;-1;-1;4019;4021;4018;1003;1003;[ÖU2] Lärm- und Staubbelästigung während der Bauphase und somit Einfluss auf die Patient: innen und Mitarbeiter: innen in den umliegenden Gebäude(-teile) ==> Nähe Notfallaufnahme ==> zentraler Verkehrsknotenpunkt;Risiko;301;E-CMZ Klinikum KL [Teil2 - Alle Fragen];13;classic;ÖU004;4019;1833;classic;07.09.2025;1;321;;28.08.2025;;1;SCHRATTERJ;1;;;
19632643;9;4;4;;;;;64;16;-1;-1;4020;4028;4016;1004;1004;[ÖU1] Integration ressourcenschonender Energienutzungsmodelle in die Projektplanung (Alternativenergie, Passivhausstandard, Kühlung/Energiespeicherung durch Grundwasser, Photovoltaik (z. B. in Fassade integrieren oder am Dach), Erdwärme, Sonnenschutz - starke Lamellen, Fassadenfarbe, Niedertemperatur Heiz-Kühlsystem (Baukernaktivierung,  usw.);Chance;301;E-CMZ Klinikum KL [Teil2 - Alle Fragen];10;classic;ÖU001;4020;1833;classic;07.09.2025;1;321;;28.08.2025;;1;SCHRATTERJ;1;;;
19632655;7;3;4;;;;;48;12;-1;-1;4018;4019;4017;1005;1005;[ÖU3] Erschütterungen während der Bauphase (Beeinflusst Medizin-und Labortechnik);Risiko;301;E-CMZ Klinikum KL [Teil2 - Alle Fragen];14;classic;ÖU005;4018;1833;classic;07.09.2025;1;321;;28.08.2025;;1;SCHRATTERJ;1;;;
19632658;4;3;4;;;;;48;12;-1;-1;4017;4018;4014;1006;1006;[ÖU4] Verunreinigung angrenzender Gebäude;Risiko;301;E-CMZ Klinikum KL [Teil2 - Alle Fragen];15;classic;ÖU006;4017;1833;classic;07.09.2025;1;321;;28.08.2025;;1;SCHRATTERJ;1;;;
19632661;4;3;3;;;;;36;9;-1;-1;4014;4017;4015;1007;1007;[ÖU5] Verunreinigung des Grundwasser;Risiko;301;E-CMZ Klinikum KL [Teil2 - Alle Fragen];16;classic;ÖU007;4014;1833;classic;07.09.2025;1;321;;28.08.2025;;1;SCHRATTERJ;1;;;
19632664;4;3;4;;;;;48;12;-1;-1;4015;4014;4013;1008;1008;[ÖU6] unkontrollierter Wassereintritt;Risiko;301;E-CMZ Klinikum KL [Teil2 - Alle Fragen];17;classic;ÖU008;4015;1833;classic;07.09.2025;1;321;;28.08.2025;;1;SCHRATTERJ;1;;;
19632649;7;4;4;;;;;64;16;-1;-1;4021;4016;4019;1009;1009;[ÖU2] Förderungen auf Grund der Neubausituation lukrieren;Chance;301;E-CMZ Klinikum KL [Teil2 - Alle Fragen];12;classic;ÖU003;4021;1833;classic;07.09.2025;1;321;;28.08.2025;;1;SCHRATTERJ;1;;;
19632781;5;3;3;;;;;36;9;-1;-1;3975;3980;3974;1010;1010;[RA1] Verzögerungen in diversen Vergabeverfahren (Einsprüche) vor allem bei Schlüsselgewerken;Risiko;301;E-CMZ Klinikum KL [Teil2 - Alle Fragen];56;classic;RA001;3975;1833;classic;07.09.2025;1;321;;28.08.2025;;1;SCHRATTERJ;1;;;
19632784;4;3;3;;;;;36;9;-1;-1;3974;3975;3970;1011;1011;[RA3] negative Stellungnahme durch den Landesrechnungshof;Risiko;301;E-CMZ Klinikum KL [Teil2 - Alle Fragen];57;classic;RA002;3974;1833;classic;07.09.2025;1;321;;28.08.2025;;1;SCHRATTERJ;1;;;
19632820;3;3;3;;;;;36;9;-1;-1;3962;3963;3961;1012;1012;[UV1] veränderte Marktentwicklung;Risiko;301;E-CMZ Klinikum KL [Teil2 - Alle Fragen];69;classic;UV001;3962;1833;classic;07.09.2025;1;321;;28.08.2025;;1;SCHRATTERJ;1;;;
19632823;8;3;3;;;;;36;9;-1;-1;3961;3962;0;1013;1013;[UV2] Änderung/Reduktion der/des medizinischen Leistungsplanung/-spektrums/-angebotsplanung bis zur Inbetriebnahme;Risiko;301;E-CMZ Klinikum KL [Teil2 - Alle Fragen];70;classic;UV002;3961;1833;classic;07.09.2025;1;321;;28.08.2025;;1;SCHRATTERJ;1;;;
19632766;4;3;4;;;;;48;12;-1;-1;3979;3987;3976;1014;1014;[PV1] Enger Kostenrahmen, keine vollständige finanzielle Deckung vorhanden;Risiko;301;E-CMZ Klinikum KL [Teil2 - Alle Fragen];51;classic;PV001;3979;1833;classic;07.09.2025;1;321;;28.08.2025;;1;SCHRATTERJ;1;;;
19632769;5;3;3;;;;;36;9;-1;-1;3976;3979;3977;1015;1015;[PV2] Zu eng gesetzter Projektterminplan;Risiko;301;E-CMZ Klinikum KL [Teil2 - Alle Fragen];52;classic;PV002;3976;1833;classic;07.09.2025;1;321;;28.08.2025;;1;SCHRATTERJ;1;;;
19632772;2;3;3;;;;;36;9;-1;-1;3977;3976;3978;1016;1016;[PV3] Planungsfehler;Risiko;301;E-CMZ Klinikum KL [Teil2 - Alle Fragen];53;classic;PV003;3977;1833;classic;07.09.2025;1;321;;28.08.2025;;1;SCHRATTERJ;1;;;
19632775;6;3;3;;;;;36;9;-1;-1;3978;3977;3980;1017;1017;[PV4] Kostenplanungsfehler (z. B. Vorhabens Budget, Investitionsprogramm, Betriebsbudget, Folgekosten usw.);Risiko;301;E-CMZ Klinikum KL [Teil2 - Alle Fragen];54;classic;PV004;3978;1833;classic;07.09.2025;1;321;;28.08.2025;;1;SCHRATTERJ;1;;;
19632778;5;3;4;;;;;48;12;-1;-1;3980;3978;3975;1018;1018;[PV5] unzureichende Berücksichtigung der Nutzeranforderungen in der Planung ;Risiko;301;E-CMZ Klinikum KL [Teil2 - Alle Fragen];55;classic;PV005;3980;1833;classic;07.09.2025;1;321;;28.08.2025;;1;SCHRATTERJ;1;;;
19632616;19;3;4;;;;;48;12;-1;-1;4026;0;4029;1019;1019;[BB1] Kommunikationsfehler (Verständnisfehler) mit Nutzer;Risiko;301;E-CMZ Klinikum KL [Teil2 - Alle Fragen];1;classic;BB001;4026;1833;classic;07.09.2025;1;321;;28.08.2025;;1;SCHRATTERJ;1;;;
19632625;16;3;4;;;;;48;12;-1;-1;4027;4030;4025;1020;1020;[BB2] Personalwechsel in Schlüsselpositionen intern in der KABEG;Risiko;301;E-CMZ Klinikum KL [Teil2 - Alle Fragen];4;classic;BB004;4027;1833;classic;07.09.2025;1;321;;28.08.2025;;1;SCHRATTERJ;1;;;
19632619;18;4;3;;;;;48;12;-1;-1;4029;4026;4030;1021;1021;[BB1] Nutzer sind ausreichend über das Projekt informiert;Chance;301;E-CMZ Klinikum KL [Teil2 - Alle Fragen];2;classic;BB002;4029;1833;classic;07.09.2025;1;321;;28.08.2025;;1;SCHRATTERJ;1;;;
19632628;4;3;4;;;;;48;12;-1;-1;4025;4027;4024;1022;1022;[BB3] Projektanforderungen ändern sich;Risiko;301;E-CMZ Klinikum KL [Teil2 - Alle Fragen];5;classic;BB005;4025;1833;classic;07.09.2025;1;321;;28.08.2025;;1;SCHRATTERJ;1;;;
19632622;7;4;4;;;;;64;16;-1;-1;4030;4029;4027;1023;1023;"[BB2] Nutzung der Erfahrung der Beteiligten aus den Fachbereichen; Fachbereichsmitarbeiter: innen zu Beteiligten machen und einbeziehen";Chance;301;E-CMZ Klinikum KL [Teil2 - Alle Fragen];3;classic;BB003;4030;1833;classic;07.09.2025;1;321;;28.08.2025;;1;SCHRATTERJ;1;;;
19632631;11;2;2;;;;;16;4;-1;-1;4024;4025;4023;1024;1024;[BB4] Abhängigkeiten der Projektumsetzung von Einzelpersonen;Risiko;301;E-CMZ Klinikum KL [Teil2 - Alle Fragen];6;classic;BB006;4024;1833;classic;07.09.2025;1;321;;28.08.2025;;1;SCHRATTERJ;1;;;
19632634;7;4;3;;;;;48;12;-1;-1;4023;4024;4022;1025;1025;[BB5] veränderte bzw. nicht/besonders wahrgenommene Zuständigkeit;Risiko;301;E-CMZ Klinikum KL [Teil2 - Alle Fragen];7;classic;BB007;4023;1833;classic;07.09.2025;1;321;;28.08.2025;;1;SCHRATTERJ;1;;;
19632637;5;3;4;;;;;48;12;-1;-1;4022;4023;4028;1026;1026;[BB6] neue, überzogene (An-)Forderungen der Nutzer/Partner;Risiko;301;E-CMZ Klinikum KL [Teil2 - Alle Fragen];8;classic;BB008;4022;1833;classic;07.09.2025;1;321;;28.08.2025;;1;SCHRATTERJ;1;;;
19632640;5;3;4;;;;;48;12;-1;-1;4028;4022;4020;1027;1027;[BB7] falsche oder nicht ausgesprochene Erwartungen durch Nutzer, Partner;Risiko;301;E-CMZ Klinikum KL [Teil2 - Alle Fragen];9;classic;BB009;4028;1833;classic;07.09.2025;1;321;;28.08.2025;;1;SCHRATTERJ;1;;;
19632721;3;3;3;;;;;36;9;-1;-1;3995;4001;3992;1028;1028;[PO1] Langwierige Entscheidungsfindung;Risiko;301;E-CMZ Klinikum KL [Teil2 - Alle Fragen];36;classic;PO001;3995;1833;classic;07.09.2025;1;321;;28.08.2025;;1;SCHRATTERJ;1;;;
19632724;3;3;3;;;;;36;9;-1;-1;3992;3995;3993;1029;1029;[PO2] Nicht vorhandene bzw. nicht kommunizierte QM-Standards;Risiko;301;E-CMZ Klinikum KL [Teil2 - Alle Fragen];37;classic;PO002;3992;1833;classic;07.09.2025;1;321;;28.08.2025;;1;SCHRATTERJ;1;;;
19632727;5;4;3;;;;;48;12;-1;-1;3993;3992;3994;1030;1030;[PO3] fehlende selbständige interne Koordination (Informationsweitergabe) der Fachabteilung;Risiko;301;E-CMZ Klinikum KL [Teil2 - Alle Fragen];38;classic;PO003;3993;1833;classic;07.09.2025;1;321;;28.08.2025;;1;SCHRATTERJ;1;;;
19651029;20;5;5;;;;;100;25;-1;-1;3964;3966;3965;1055;1055;[TE1] Verbesserung der technischen Betriebssicherheit;Chance;301;E-CMZ Klinikum KL [Teil2 - Alle Fragen];63;classic;TE002;3964;1861;classic;08.10.2025;1;407;;;;1;ROLLJ;1;;;
19651039;33;4;5;;;;;80;20;-1;-1;3969;3965;3967;1056;1056;[TE2] Zusammenführung, Anbindung (BMA, GLT, FTS, Zutritt usw.) , Harmonisierung struktureller und technischer Standards und deren Auslegung (alt/neu) ==> Implementierung aktueller Haus- und Betriebstechnik;Chance;301;E-CMZ Klinikum KL [Teil2 - Alle Fragen];65;classic;TE004;3969;1861;classic;08.10.2025;1;407;;;;1;ROLLJ;1;;;
19651044;25;;;;;;;;;-1;-1;3967;3969;3968;1057;1057;[TE3] Fernwärme/Kälteversorgung für zukünftige Versorgung berücksichtigen (Neuverlegung, Trassenführung);Chance;301;E-CMZ Klinikum KL [Teil2 - Alle Fragen];66;classic;TE005;3967;1861;classic;08.10.2025;1;407;;;;1;ROLLJ;-1;;;
19651049;11;;;;;;;;;-1;-1;3968;3967;3963;1058;1058;[TE4] Kollektorgänge für zukünftige Erweiterungen vorbereitet (Onkozentrum);Chance;301;E-CMZ Klinikum KL [Teil2 - Alle Fragen];67;classic;TE006;3968;1861;classic;08.10.2025;1;407;;;;1;ROLLJ;-1;;;
19651034;35;4;4;;;;;64;16;-1;-1;3965;3964;3969;1059;1059;[TE2] IT- und MT-Schnittstellenproblematiken zwischen den Einrichtungen werden nicht ausreichend berücksichtigt;Risiko;301;E-CMZ Klinikum KL [Teil2 - Alle Fragen];64;classic;TE003;3965;1861;classic;08.10.2025;1;407;;;;1;ROLLJ;1;;;
19651054;9;;;;;;;;;-1;-1;3963;3968;3962;1060;1060;[TE5] Business Continuity in Ableitung von der Unternehmensstrategie zu diesem Thema konzeptionell und in der Projektplanung vorsehen ;Chance;301;E-CMZ Klinikum KL [Teil2 - Alle Fragen];68;classic;TE007;3963;1861;classic;08.10.2025;1;407;;;;1;ROLLJ;-1;;;
19632730;7;3;4;;;;;48;12;-1;-1;3994;3993;3988;1031;1031;[PO4] Wechsel wesentlicher Schlüsselpersonen für die Umsetzung/Verantwortlicher im Projektteam (z. B. Projektleitung, Nutzer, Planer, Auftraggeber, Verantwortungsträger in einzelnen Bereichen z. B. Technik), Know-How-Träger stehen nicht zur Verfügung / Veränderung in den Entscheidungsstrukturen;Risiko;301;E-CMZ Klinikum KL [Teil2 - Alle Fragen];39;classic;PO004;3994;1833;classic;07.09.2025;1;321;;28.08.2025;;1;SCHRATTERJ;1;;;
19632667;7;4;2;;;;;32;8;-1;-1;4013;4015;4012;1032;1032;[PA1] Kommunikationsfehler mit ausführenden Auftragnehmern (Betriebsführung, Instandhaltung);Risiko;301;E-CMZ Klinikum KL [Teil2 - Alle Fragen];18;classic;PA001;4013;1833;classic;07.09.2025;1;321;;28.08.2025;;1;SCHRATTERJ;1;;;
19632670;11;3;4;;;;;48;12;-1;-1;4012;4013;4005;1033;1033;[PA2] Ressourcenverfügbarkeit bei ausführenden Auftragnehmern nicht vorhanden;Risiko;301;E-CMZ Klinikum KL [Teil2 - Alle Fragen];19;classic;PA002;4012;1833;classic;07.09.2025;1;321;;28.08.2025;;1;SCHRATTERJ;1;;;
19632673;9;3;3;;;;;36;9;-1;-1;4005;4012;4011;1034;1034;[PA3] Planung ungenau oder nicht vollständig;Risiko;301;E-CMZ Klinikum KL [Teil2 - Alle Fragen];20;classic;PA003;4005;1833;classic;07.09.2025;1;321;;28.08.2025;;1;SCHRATTERJ;1;;;
19632676;3;3;3;;;;;36;9;-1;-1;4011;4005;4010;1035;1035;[PA4] Ausschreibung fehlerhaft;Risiko;301;E-CMZ Klinikum KL [Teil2 - Alle Fragen];21;classic;PA004;4011;1833;classic;07.09.2025;1;321;;28.08.2025;;1;SCHRATTERJ;1;;;
19632679;4;3;3;;;;;36;9;-1;-1;4010;4011;4009;1036;1036;[PA5] Projektdokumentation nicht vollständig bzw. nicht vorhanden;Risiko;301;E-CMZ Klinikum KL [Teil2 - Alle Fragen];22;classic;PA005;4010;1833;classic;07.09.2025;1;321;;28.08.2025;;1;SCHRATTERJ;1;;;
19632682;6;3;3;;;;;36;9;-1;-1;4009;4010;4008;1037;1037;[PA6] Übergabedokumentation nicht vollständig bzw. nicht vorhanden;Risiko;301;E-CMZ Klinikum KL [Teil2 - Alle Fragen];23;classic;PA006;4009;1833;classic;07.09.2025;1;321;;28.08.2025;;1;SCHRATTERJ;1;;;
19632685;5;3;3;;;;;36;9;-1;-1;4008;4009;4007;1038;1038;[PA7] Lange Projektdauer;Risiko;301;E-CMZ Klinikum KL [Teil2 - Alle Fragen];24;classic;PA007;4008;1833;classic;07.09.2025;1;321;;28.08.2025;;1;SCHRATTERJ;1;;;
19632688;8;3;3;;;;;36;9;-1;-1;4007;4008;4006;1039;1039;[PA8] Vorgegebene Laufzeiten und Fristen sind nicht berücksichtigt (Beschlussfassung Aufsichtsrat, Einreichung Landesrechnungshof, Ausschreibungsverfahren uvm.);Risiko;301;E-CMZ Klinikum KL [Teil2 - Alle Fragen];25;classic;PA008;4007;1833;classic;07.09.2025;1;321;;28.08.2025;;1;SCHRATTERJ;1;;;
19632691;7;3;3;;;;;36;9;-1;-1;4006;4007;3998;1040;1040;[PA9] verzögerte Freigabe von Planungsschritten und Genehmigungschritten;Risiko;301;E-CMZ Klinikum KL [Teil2 - Alle Fragen];26;classic;PA009;4006;1833;classic;07.09.2025;1;321;;28.08.2025;;1;SCHRATTERJ;1;;;
19632694;3;3;3;;;;;36;9;-1;-1;3998;4006;4002;1041;1041;[PF1] Folgekostenermittlung nicht transparent;Risiko;301;E-CMZ Klinikum KL [Teil2 - Alle Fragen];27;classic;PF001;3998;1833;classic;07.09.2025;1;321;;28.08.2025;;1;SCHRATTERJ;1;;;
19632703;5;3;3;;;;;36;9;-1;-1;4004;4003;3999;1042;1042;[PF2] Betriebsorganisationskonzept nicht gelöst;Risiko;301;E-CMZ Klinikum KL [Teil2 - Alle Fragen];30;classic;PF004;4004;1833;classic;07.09.2025;1;321;;28.08.2025;;1;SCHRATTERJ;1;;;
19632709;8;3;4;;;;;48;12;-1;-1;3997;3999;3996;1043;1043;[PF3] unerfüllbare Erwartungshaltung an Auftragnehmer;Risiko;301;E-CMZ Klinikum KL [Teil2 - Alle Fragen];32;classic;PF006;3997;1833;classic;07.09.2025;1;321;;28.08.2025;;1;SCHRATTERJ;1;;;
19632712;4;3;4;;;;;48;12;-1;-1;3996;3997;4000;1044;1044;[PF4] einschneidende organisatorische Veränderungen im Betrieb;Risiko;301;E-CMZ Klinikum KL [Teil2 - Alle Fragen];33;classic;PF007;3996;1833;classic;07.09.2025;1;321;;28.08.2025;;1;SCHRATTERJ;1;;;
19632715;4;3;4;;;;;48;12;-1;-1;4000;3996;4001;1045;1045;[PF5] personelle Veränderungen (innerhalb der Auftraggeber Organisation) groß;Risiko;301;E-CMZ Klinikum KL [Teil2 - Alle Fragen];34;classic;PF008;4000;1833;classic;07.09.2025;1;321;;28.08.2025;;1;SCHRATTERJ;1;;;
19632697;10;3;4;;;;;48;12;-1;-1;4002;3998;4003;1046;1046;[PF1] Harmonisierung unterschiedlicher Standards und Umsetzungsgrade in prozessübergreifenden Managementsystemen (z. B.  Qualitäts- und Risikomanagement, ISMS, Compliance) und anderen Systemen;Chance;301;E-CMZ Klinikum KL [Teil2 - Alle Fragen];28;classic;PF002;4002;1833;classic;07.09.2025;1;321;;28.08.2025;;1;SCHRATTERJ;1;;;
19632700;6;4;4;;;;;64;16;-1;-1;4003;4002;4004;1047;1047;[PF2] Baufeldfreimachung für zukünftige Projekte;Chance;301;E-CMZ Klinikum KL [Teil2 - Alle Fragen];29;classic;PF003;4003;1833;classic;07.09.2025;1;321;;28.08.2025;;1;SCHRATTERJ;1;;;
19632718;6;3;3;;;;;36;9;-1;-1;4001;4000;3995;1048;1048;[PF6] keine ausreichende Berücksichtigung der Schnittstellen zwischen Projekt und laufendem Betrieb (technisch);Risiko;301;E-CMZ Klinikum KL [Teil2 - Alle Fragen];35;classic;PF009;4001;1833;classic;07.09.2025;1;321;;28.08.2025;;1;SCHRATTERJ;1;;;
19632706;12;3;4;;;;;48;12;-1;-1;3999;4004;3997;1049;1049;[PF3] Adaptierung/Modernisierung der räumlichen Strukturen an die Anforderungen des Versorgungsauftrags sowie an die Anforderungen der betroffenen Primär- und Sekundärversorgungsbereiche;Chance;301;E-CMZ Klinikum KL [Teil2 - Alle Fragen];31;classic;PF005;3999;1833;classic;07.09.2025;1;321;;28.08.2025;;1;SCHRATTERJ;1;;;
19632787;3;3;3;;;;;36;9;-1;-1;3970;3974;3973;1050;1050;[SI1] Sperre von Bereichen in der Tiefgarage (Technik für die BRV Anlage fehlt während der Bauphase);Risiko;301;E-CMZ Klinikum KL [Teil2 - Alle Fragen];58;classic;SI001;3970;1833;classic;07.09.2025;1;321;;28.08.2025;;1;SCHRATTERJ;1;;;
19632793;5;4;3;;;;;48;12;-1;-1;3972;3973;3971;1051;1051;[SI2] Patienten mit Infektion werden separiert geführt;Chance;301;E-CMZ Klinikum KL [Teil2 - Alle Fragen];60;classic;SI003;3972;1833;classic;07.09.2025;1;321;;28.08.2025;;1;SCHRATTERJ;1;;;
19632796;188;4;4;;;;;64;16;-1;-1;3971;3972;3966;1052;1052;[SI3] Steigerung der Sicherheit von Patient: innen, Mitarbeiter: innen und Dritter;Chance;301;E-CMZ Klinikum KL [Teil2 - Alle Fragen];61;classic;SI004;3971;1833;classic;07.09.2025;1;321;;28.08.2025;;1;SCHRATTERJ;1;;;
19632790;5;3;3;;;;;36;9;-1;-1;3973;3970;3972;1053;1053;[SI2] keine ausreichende Einbindung und Information der Sicherheitsbeauftragten über sicherheitsrelevante Faktoren;Risiko;301;E-CMZ Klinikum KL [Teil2 - Alle Fragen];59;classic;SI002;3973;1833;classic;07.09.2025;1;321;;28.08.2025;;1;SCHRATTERJ;1;;;
19632799;5;3;4;;;;;48;12;-1;-1;3966;3971;3964;1054;1054;[TE1] Auswirkung an angrenzende Bereiche (befinden sich daneben, darüber, darunter);Risiko;301;E-CMZ Klinikum KL [Teil2 - Alle Fragen];62;classic;TE001;3966;1833;classic;07.09.2025;1;321;;28.08.2025;;1;SCHRATTERJ;1;;;
19632802;3;4;4;;;;;64;16;-1;-1;3964;3966;3965;1055;1055;[TE1] Verbesserung der technischen Betriebssicherheit;Chance;301;E-CMZ Klinikum KL [Teil2 - Alle Fragen];63;classic;TE002;3964;1833;classic;07.09.2025;1;321;;28.08.2025;;1;SCHRATTERJ;1;;;
19632808;6;4;4;;;;;64;16;-1;-1;3969;3965;3967;1056;1056;[TE2] Zusammenführung, Anbindung (BMA, GLT, FTS, Zutritt usw.) , Harmonisierung struktureller und technischer Standards und deren Auslegung (alt/neu) ==> Implementierung aktueller Haus- und Betriebstechnik;Chance;301;E-CMZ Klinikum KL [Teil2 - Alle Fragen];65;classic;TE004;3969;1833;classic;07.09.2025;1;321;;28.08.2025;;1;SCHRATTERJ;1;;;
19632811;4;3;3;;;;;36;9;-1;-1;3967;3969;3968;1057;1057;[TE3] Fernwärme/Kälteversorgung für zukünftige Versorgung berücksichtigen (Neuverlegung, Trassenführung);Chance;301;E-CMZ Klinikum KL [Teil2 - Alle Fragen];66;classic;TE005;3967;1833;classic;07.09.2025;1;321;;28.08.2025;;1;SCHRATTERJ;1;;;
19632814;9;2;2;;;;;16;4;-1;-1;3968;3967;3963;1058;1058;[TE4] Kollektorgänge für zukünftige Erweiterungen vorbereitet (Onkozentrum);Chance;301;E-CMZ Klinikum KL [Teil2 - Alle Fragen];67;classic;TE006;3968;1833;classic;07.09.2025;1;321;;28.08.2025;;1;SCHRATTERJ;1;;;
19632805;8;3;3;;;;;36;9;-1;-1;3965;3964;3969;1059;1059;[TE2] IT- und MT-Schnittstellenproblematiken zwischen den Einrichtungen werden nicht ausreichend berücksichtigt;Risiko;301;E-CMZ Klinikum KL [Teil2 - Alle Fragen];64;classic;TE003;3965;1833;classic;07.09.2025;1;321;;28.08.2025;;1;SCHRATTERJ;1;;;
19632817;5;3;3;;;;;36;9;-1;-1;3963;3968;3962;1060;1060;[TE5] Business Continuity in Ableitung von der Unternehmensstrategie zu diesem Thema konzeptionell und in der Projektplanung vorsehen ;Chance;301;E-CMZ Klinikum KL [Teil2 - Alle Fragen];68;classic;TE007;3963;1833;classic;07.09.2025;1;321;;28.08.2025;;1;SCHRATTERJ;1;;;
19631165;10;2;2;;;;;16;4;-1;-1;3981;3988;3982;991;991;[PU1] Konflikte mit anderen Projekten (nicht nur Bauprojekte) oder mit dem laufenden Betrieb;Risiko;301;E-CMZ Klinikum KL [Teil2 - Alle Fragen];41;classic;PU002;3981;1834;classic;18.09.2025;1;1102;;28.08.2025;;1;JARNIGH;1;;;
19631167;10;4;4;;;;;64;16;-1;-1;3982;3981;3989;992;992;[PU2] Politisch Einfluss auf das Projekt zu erwarten (bedeutender Projektinhalt);Risiko;301;E-CMZ Klinikum KL [Teil2 - Alle Fragen];42;classic;PU003;3982;1834;classic;18.09.2025;1;1102;;28.08.2025;;1;JARNIGH;1;;;
19631173;11;4;2;;;;;32;8;-1;-1;3983;3990;3991;993;993;[PU3] Widerstand und Einfluss von innen (Abteilungen, Stationen …);Risiko;301;E-CMZ Klinikum KL [Teil2 - Alle Fragen];45;classic;PU006;3983;1834;classic;18.09.2025;1;1102;;28.08.2025;;1;JARNIGH;1;;;
19631177;6;4;2;;;;;32;8;-1;-1;3984;3991;3985;994;994;[PU4] Widerstand und Einfluss von außen (z.B. Anrainer …);Risiko;301;E-CMZ Klinikum KL [Teil2 - Alle Fragen];47;classic;PU008;3984;1834;classic;18.09.2025;1;1102;;28.08.2025;;1;JARNIGH;1;;;
19631179;12;3;3;;;;;36;9;-1;-1;3985;3984;3986;995;995;[PU5] Bei Inbetriebnahme keine Kompatibilität der Projektziele mit dem Versorgungsauftrag  (z.B. Betriebsziele, politische Ziele, Umsetzung ÖSG-RSG usw.);Risiko;301;E-CMZ Klinikum KL [Teil2 - Alle Fragen];48;classic;PU009;3985;1834;classic;18.09.2025;1;1102;;28.08.2025;;1;JARNIGH;1;;;
19631163;21;4;3;;;;;48;12;-1;-1;3988;3994;3981;996;996;[PU1] Einhaltung aktueller gesetzlicher/betrieblicher Auflagen und Einschränkungen ;Chance;301;E-CMZ Klinikum KL [Teil2 - Alle Fragen];40;classic;PU001;3988;1834;classic;18.09.2025;1;1102;;28.08.2025;;1;JARNIGH;1;;;
19631169;11;5;3;;;;;60;15;-1;-1;3989;3982;3990;997;997;[PU2] Verbesserung der Positionierung am Arbeitsmarkt;Chance;301;E-CMZ Klinikum KL [Teil2 - Alle Fragen];43;classic;PU004;3989;1834;classic;18.09.2025;1;1102;;28.08.2025;;1;JARNIGH;1;;;
19631171;5;3;3;;;;;36;9;-1;-1;3990;3989;3983;998;998;[PU3] Verbesserung der interdisziplinären Zusammenarbeit ;Chance;301;E-CMZ Klinikum KL [Teil2 - Alle Fragen];44;classic;PU005;3990;1834;classic;18.09.2025;1;1102;;28.08.2025;;1;JARNIGH;1;;;
19631175;13;4;4;;;;;64;16;-1;-1;3991;3983;3984;999;999;[PU4] Integration der Pädaudiometrie in die HNO bzw. Kopfzentrum;Chance;301;E-CMZ Klinikum KL [Teil2 - Alle Fragen];46;classic;PU007;3991;1834;classic;18.09.2025;1;1102;;28.08.2025;;1;JARNIGH;1;;;
19631181;8;3;4;;;;;48;12;-1;-1;3986;3985;3987;1000;1000;[PU6] Projektfortschritt bzw. -laufzeiten können nicht eingehalten werden;Risiko;301;E-CMZ Klinikum KL [Teil2 - Alle Fragen];49;classic;PU010;3986;1834;classic;18.09.2025;1;1102;;28.08.2025;;1;JARNIGH;1;;;
19631183;15;4;2;;;;;32;8;-1;-1;3987;3986;3979;1001;1001;[PU7] keine Realisierungsentscheidung auf Grund fehlender finanzieller Mittel;Risiko;301;E-CMZ Klinikum KL [Teil2 - Alle Fragen];50;classic;PU011;3987;1834;classic;18.09.2025;1;1102;;28.08.2025;;1;JARNIGH;1;;;
19631105;49;4;3;;;;;48;12;-1;-1;4016;4020;4021;1002;1002;[ÖU1] Umwelteinflüsse können Projekt behindern oder beeinflussen;Risiko;301;E-CMZ Klinikum KL [Teil2 - Alle Fragen];11;classic;ÖU002;4016;1834;classic;18.09.2025;1;1102;;28.08.2025;;1;JARNIGH;1;;;
19631109;11;4;4;;;;;64;16;-1;-1;4019;4021;4018;1003;1003;[ÖU2] Lärm- und Staubbelästigung während der Bauphase und somit Einfluss auf die Patient: innen und Mitarbeiter: innen in den umliegenden Gebäude(-teile) ==> Nähe Notfallaufnahme ==> zentraler Verkehrsknotenpunkt;Risiko;301;E-CMZ Klinikum KL [Teil2 - Alle Fragen];13;classic;ÖU004;4019;1834;classic;18.09.2025;1;1102;;28.08.2025;;1;JARNIGH;1;;;
19631103;22;4;4;;;;;64;16;-1;-1;4020;4028;4016;1004;1004;[ÖU1] Integration ressourcenschonender Energienutzungsmodelle in die Projektplanung (Alternativenergie, Passivhausstandard, Kühlung/Energiespeicherung durch Grundwasser, Photovoltaik (z. B. in Fassade integrieren oder am Dach), Erdwärme, Sonnenschutz - starke Lamellen, Fassadenfarbe, Niedertemperatur Heiz-Kühlsystem (Baukernaktivierung,  usw.);Chance;301;E-CMZ Klinikum KL [Teil2 - Alle Fragen];10;classic;ÖU001;4020;1834;classic;18.09.2025;1;1102;;28.08.2025;;1;JARNIGH;1;;;
19631111;7;4;4;;;;;64;16;-1;-1;4018;4019;4017;1005;1005;[ÖU3] Erschütterungen während der Bauphase (Beeinflusst Medizin-und Labortechnik);Risiko;301;E-CMZ Klinikum KL [Teil2 - Alle Fragen];14;classic;ÖU005;4018;1834;classic;18.09.2025;1;1102;;28.08.2025;;1;JARNIGH;1;;;
19631113;5;4;4;;;;;64;16;-1;-1;4017;4018;4014;1006;1006;[ÖU4] Verunreinigung angrenzender Gebäude;Risiko;301;E-CMZ Klinikum KL [Teil2 - Alle Fragen];15;classic;ÖU006;4017;1834;classic;18.09.2025;1;1102;;28.08.2025;;1;JARNIGH;1;;;
19631115;13;4;3;;;;;48;12;-1;-1;4014;4017;4015;1007;1007;[ÖU5] Verunreinigung des Grundwasser;Risiko;301;E-CMZ Klinikum KL [Teil2 - Alle Fragen];16;classic;ÖU007;4014;1834;classic;18.09.2025;1;1102;;28.08.2025;;1;JARNIGH;1;;;
19631117;12;4;4;;;;;64;16;-1;-1;4015;4014;4013;1008;1008;[ÖU6] unkontrollierter Wassereintritt;Risiko;301;E-CMZ Klinikum KL [Teil2 - Alle Fragen];17;classic;ÖU008;4015;1834;classic;18.09.2025;1;1102;;28.08.2025;;1;JARNIGH;1;;;
19631107;12;4;3;;;;;48;12;-1;-1;4021;4016;4019;1009;1009;[ÖU2] Förderungen auf Grund der Neubausituation lukrieren;Chance;301;E-CMZ Klinikum KL [Teil2 - Alle Fragen];12;classic;ÖU003;4021;1834;classic;18.09.2025;1;1102;;28.08.2025;;1;JARNIGH;1;;;
19631195;12;4;2;;;;;32;8;-1;-1;3975;3980;3974;1010;1010;[RA1] Verzögerungen in diversen Vergabeverfahren (Einsprüche) vor allem bei Schlüsselgewerken;Risiko;301;E-CMZ Klinikum KL [Teil2 - Alle Fragen];56;classic;RA001;3975;1834;classic;18.09.2025;1;1102;;28.08.2025;;1;JARNIGH;1;;;
19631197;10;4;2;;;;;32;8;-1;-1;3974;3975;3970;1011;1011;[RA3] negative Stellungnahme durch den Landesrechnungshof;Risiko;301;E-CMZ Klinikum KL [Teil2 - Alle Fragen];57;classic;RA002;3974;1834;classic;18.09.2025;1;1102;;28.08.2025;;1;JARNIGH;1;;;
19631221;12;2;3;;;;;24;6;-1;-1;3962;3963;3961;1012;1012;[UV1] veränderte Marktentwicklung;Risiko;301;E-CMZ Klinikum KL [Teil2 - Alle Fragen];69;classic;UV001;3962;1834;classic;18.09.2025;1;1102;;28.08.2025;;1;JARNIGH;1;;;
19631223;10;3;2;;;;;24;6;-1;-1;3961;3962;0;1013;1013;[UV2] Änderung/Reduktion der/des medizinischen Leistungsplanung/-spektrums/-angebotsplanung bis zur Inbetriebnahme;Risiko;301;E-CMZ Klinikum KL [Teil2 - Alle Fragen];70;classic;UV002;3961;1834;classic;18.09.2025;1;1102;;28.08.2025;;1;JARNIGH;1;;;
19631185;10;5;2;;;;;40;10;-1;-1;3979;3987;3976;1014;1014;[PV1] Enger Kostenrahmen, keine vollständige finanzielle Deckung vorhanden;Risiko;301;E-CMZ Klinikum KL [Teil2 - Alle Fragen];51;classic;PV001;3979;1834;classic;18.09.2025;1;1102;;28.08.2025;;1;JARNIGH;1;;;
19631187;10;2;3;;;;;24;6;-1;-1;3976;3979;3977;1015;1015;[PV2] Zu eng gesetzter Projektterminplan;Risiko;301;E-CMZ Klinikum KL [Teil2 - Alle Fragen];52;classic;PV002;3976;1834;classic;18.09.2025;1;1102;;28.08.2025;;1;JARNIGH;1;;;
19631189;9;4;3;;;;;48;12;-1;-1;3977;3976;3978;1016;1016;[PV3] Planungsfehler;Risiko;301;E-CMZ Klinikum KL [Teil2 - Alle Fragen];53;classic;PV003;3977;1834;classic;18.09.2025;1;1102;;28.08.2025;;1;JARNIGH;1;;;
19631191;14;5;2;;;;;40;10;-1;-1;3978;3977;3980;1017;1017;[PV4] Kostenplanungsfehler (z. B. Vorhabens Budget, Investitionsprogramm, Betriebsbudget, Folgekosten usw.);Risiko;301;E-CMZ Klinikum KL [Teil2 - Alle Fragen];54;classic;PV004;3978;1834;classic;18.09.2025;1;1102;;28.08.2025;;1;JARNIGH;1;;;
19631193;33;4;2;;;;;32;8;-1;-1;3980;3978;3975;1018;1018;[PV5] unzureichende Berücksichtigung der Nutzeranforderungen in der Planung ;Risiko;301;E-CMZ Klinikum KL [Teil2 - Alle Fragen];55;classic;PV005;3980;1834;classic;18.09.2025;1;1102;;28.08.2025;;1;JARNIGH;1;;;
19631085;74;2;3;;;;;24;6;-1;-1;4026;0;4029;1019;1019;[BB1] Kommunikationsfehler (Verständnisfehler) mit Nutzer;Risiko;301;E-CMZ Klinikum KL [Teil2 - Alle Fragen];1;classic;BB001;4026;1834;classic;18.09.2025;1;1102;;28.08.2025;;1;JARNIGH;1;;;
19631091;21;3;3;;;;;36;9;-1;-1;4027;4030;4025;1020;1020;[BB2] Personalwechsel in Schlüsselpositionen intern in der KABEG;Risiko;301;E-CMZ Klinikum KL [Teil2 - Alle Fragen];4;classic;BB004;4027;1834;classic;18.09.2025;1;1102;;28.08.2025;;1;JARNIGH;1;;;
19631087;17;4;2;;;;;32;8;-1;-1;4029;4026;4030;1021;1021;[BB1] Nutzer sind ausreichend über das Projekt informiert;Chance;301;E-CMZ Klinikum KL [Teil2 - Alle Fragen];2;classic;BB002;4029;1834;classic;18.09.2025;1;1102;;28.08.2025;;1;JARNIGH;1;;;
19631093;15;4;3;;;;;48;12;-1;-1;4025;4027;4024;1022;1022;[BB3] Projektanforderungen ändern sich;Risiko;301;E-CMZ Klinikum KL [Teil2 - Alle Fragen];5;classic;BB005;4025;1834;classic;18.09.2025;1;1102;;28.08.2025;;1;JARNIGH;1;;;
19631089;74;4;4;;;;;64;16;-1;-1;4030;4029;4027;1023;1023;"[BB2] Nutzung der Erfahrung der Beteiligten aus den Fachbereichen; Fachbereichsmitarbeiter: innen zu Beteiligten machen und einbeziehen";Chance;301;E-CMZ Klinikum KL [Teil2 - Alle Fragen];3;classic;BB003;4030;1834;classic;18.09.2025;1;1102;;28.08.2025;;1;JARNIGH;1;;;
19631095;27;3;3;;;;;36;9;-1;-1;4024;4025;4023;1024;1024;[BB4] Abhängigkeiten der Projektumsetzung von Einzelpersonen;Risiko;301;E-CMZ Klinikum KL [Teil2 - Alle Fragen];6;classic;BB006;4024;1834;classic;18.09.2025;1;1102;;28.08.2025;;1;JARNIGH;1;;;
19631097;9;3;4;;;;;48;12;-1;-1;4023;4024;4022;1025;1025;[BB5] veränderte bzw. nicht/besonders wahrgenommene Zuständigkeit;Risiko;301;E-CMZ Klinikum KL [Teil2 - Alle Fragen];7;classic;BB007;4023;1834;classic;18.09.2025;1;1102;;28.08.2025;;1;JARNIGH;1;;;
19631099;118;3;4;;;;;48;12;-1;-1;4022;4023;4028;1026;1026;[BB6] neue, überzogene (An-)Forderungen der Nutzer/Partner;Risiko;301;E-CMZ Klinikum KL [Teil2 - Alle Fragen];8;classic;BB008;4022;1834;classic;18.09.2025;1;1102;;28.08.2025;;1;JARNIGH;1;;;
19631101;8;3;4;;;;;48;12;-1;-1;4028;4022;4020;1027;1027;[BB7] falsche oder nicht ausgesprochene Erwartungen durch Nutzer, Partner;Risiko;301;E-CMZ Klinikum KL [Teil2 - Alle Fragen];9;classic;BB009;4028;1834;classic;18.09.2025;1;1102;;28.08.2025;;1;JARNIGH;1;;;
19631155;7;2;4;;;;;32;8;-1;-1;3995;4001;3992;1028;1028;[PO1] Langwierige Entscheidungsfindung;Risiko;301;E-CMZ Klinikum KL [Teil2 - Alle Fragen];36;classic;PO001;3995;1834;classic;18.09.2025;1;1102;;28.08.2025;;1;JARNIGH;1;;;
19631157;7;3;4;;;;;48;12;-1;-1;3992;3995;3993;1029;1029;[PO2] Nicht vorhandene bzw. nicht kommunizierte QM-Standards;Risiko;301;E-CMZ Klinikum KL [Teil2 - Alle Fragen];37;classic;PO002;3992;1834;classic;18.09.2025;1;1102;;28.08.2025;;1;JARNIGH;1;;;
19631159;8;3;3;;;;;36;9;-1;-1;3993;3992;3994;1030;1030;[PO3] fehlende selbständige interne Koordination (Informationsweitergabe) der Fachabteilung;Risiko;301;E-CMZ Klinikum KL [Teil2 - Alle Fragen];38;classic;PO003;3993;1834;classic;18.09.2025;1;1102;;28.08.2025;;1;JARNIGH;1;;;
19631161;9;4;4;;;;;64;16;-1;-1;3994;3993;3988;1031;1031;[PO4] Wechsel wesentlicher Schlüsselpersonen für die Umsetzung/Verantwortlicher im Projektteam (z. B. Projektleitung, Nutzer, Planer, Auftraggeber, Verantwortungsträger in einzelnen Bereichen z. B. Technik), Know-How-Träger stehen nicht zur Verfügung / Veränderung in den Entscheidungsstrukturen;Risiko;301;E-CMZ Klinikum KL [Teil2 - Alle Fragen];39;classic;PO004;3994;1834;classic;18.09.2025;1;1102;;28.08.2025;;1;JARNIGH;1;;;
19631119;13;4;3;;;;;48;12;-1;-1;4013;4015;4012;1032;1032;[PA1] Kommunikationsfehler mit ausführenden Auftragnehmern (Betriebsführung, Instandhaltung);Risiko;301;E-CMZ Klinikum KL [Teil2 - Alle Fragen];18;classic;PA001;4013;1834;classic;18.09.2025;1;1102;;28.08.2025;;1;JARNIGH;1;;;
19631121;10;4;3;;;;;48;12;-1;-1;4012;4013;4005;1033;1033;[PA2] Ressourcenverfügbarkeit bei ausführenden Auftragnehmern nicht vorhanden;Risiko;301;E-CMZ Klinikum KL [Teil2 - Alle Fragen];19;classic;PA002;4012;1834;classic;18.09.2025;1;1102;;28.08.2025;;1;JARNIGH;1;;;
19631123;5;4;3;;;;;48;12;-1;-1;4005;4012;4011;1034;1034;[PA3] Planung ungenau oder nicht vollständig;Risiko;301;E-CMZ Klinikum KL [Teil2 - Alle Fragen];20;classic;PA003;4005;1834;classic;18.09.2025;1;1102;;28.08.2025;;1;JARNIGH;1;;;
19631125;6;3;4;;;;;48;12;-1;-1;4011;4005;4010;1035;1035;[PA4] Ausschreibung fehlerhaft;Risiko;301;E-CMZ Klinikum KL [Teil2 - Alle Fragen];21;classic;PA004;4011;1834;classic;18.09.2025;1;1102;;28.08.2025;;1;JARNIGH;1;;;
19631127;6;4;3;;;;;48;12;-1;-1;4010;4011;4009;1036;1036;[PA5] Projektdokumentation nicht vollständig bzw. nicht vorhanden;Risiko;301;E-CMZ Klinikum KL [Teil2 - Alle Fragen];22;classic;PA005;4010;1834;classic;18.09.2025;1;1102;;28.08.2025;;1;JARNIGH;1;;;
19631129;6;4;3;;;;;48;12;-1;-1;4009;4010;4008;1037;1037;[PA6] Übergabedokumentation nicht vollständig bzw. nicht vorhanden;Risiko;301;E-CMZ Klinikum KL [Teil2 - Alle Fragen];23;classic;PA006;4009;1834;classic;18.09.2025;1;1102;;28.08.2025;;1;JARNIGH;1;;;
19631131;8;4;4;;;;;64;16;-1;-1;4008;4009;4007;1038;1038;[PA7] Lange Projektdauer;Risiko;301;E-CMZ Klinikum KL [Teil2 - Alle Fragen];24;classic;PA007;4008;1834;classic;18.09.2025;1;1102;;28.08.2025;;1;JARNIGH;1;;;
19631133;9;4;4;;;;;64;16;-1;-1;4007;4008;4006;1039;1039;[PA8] Vorgegebene Laufzeiten und Fristen sind nicht berücksichtigt (Beschlussfassung Aufsichtsrat, Einreichung Landesrechnungshof, Ausschreibungsverfahren uvm.);Risiko;301;E-CMZ Klinikum KL [Teil2 - Alle Fragen];25;classic;PA008;4007;1834;classic;18.09.2025;1;1102;;28.08.2025;;1;JARNIGH;1;;;
19631135;4;4;4;;;;;64;16;-1;-1;4006;4007;3998;1040;1040;[PA9] verzögerte Freigabe von Planungsschritten und Genehmigungschritten;Risiko;301;E-CMZ Klinikum KL [Teil2 - Alle Fragen];26;classic;PA009;4006;1834;classic;18.09.2025;1;1102;;28.08.2025;;1;JARNIGH;1;;;
19631137;7;3;3;;;;;36;9;-1;-1;3998;4006;4002;1041;1041;[PF1] Folgekostenermittlung nicht transparent;Risiko;301;E-CMZ Klinikum KL [Teil2 - Alle Fragen];27;classic;PF001;3998;1834;classic;18.09.2025;1;1102;;28.08.2025;;1;JARNIGH;1;;;
19631143;10;4;3;;;;;48;12;-1;-1;4004;4003;3999;1042;1042;[PF2] Betriebsorganisationskonzept nicht gelöst;Risiko;301;E-CMZ Klinikum KL [Teil2 - Alle Fragen];30;classic;PF004;4004;1834;classic;18.09.2025;1;1102;;28.08.2025;;1;JARNIGH;1;;;
19631147;9;3;4;;;;;48;12;-1;-1;3997;3999;3996;1043;1043;[PF3] unerfüllbare Erwartungshaltung an Auftragnehmer;Risiko;301;E-CMZ Klinikum KL [Teil2 - Alle Fragen];32;classic;PF006;3997;1834;classic;18.09.2025;1;1102;;28.08.2025;;1;JARNIGH;1;;;
19631149;8;4;4;;;;;64;16;-1;-1;3996;3997;4000;1044;1044;[PF4] einschneidende organisatorische Veränderungen im Betrieb;Risiko;301;E-CMZ Klinikum KL [Teil2 - Alle Fragen];33;classic;PF007;3996;1834;classic;18.09.2025;1;1102;;28.08.2025;;1;JARNIGH;1;;;
19631151;7;3;4;;;;;48;12;-1;-1;4000;3996;4001;1045;1045;[PF5] personelle Veränderungen (innerhalb der Auftraggeber Organisation) groß;Risiko;301;E-CMZ Klinikum KL [Teil2 - Alle Fragen];34;classic;PF008;4000;1834;classic;18.09.2025;1;1102;;28.08.2025;;1;JARNIGH;1;;;
19631139;11;4;2;;;;;32;8;-1;-1;4002;3998;4003;1046;1046;[PF1] Harmonisierung unterschiedlicher Standards und Umsetzungsgrade in prozessübergreifenden Managementsystemen (z. B.  Qualitäts- und Risikomanagement, ISMS, Compliance) und anderen Systemen;Chance;301;E-CMZ Klinikum KL [Teil2 - Alle Fragen];28;classic;PF002;4002;1834;classic;18.09.2025;1;1102;;28.08.2025;;1;JARNIGH;1;;;
19631141;10;4;3;;;;;48;12;-1;-1;4003;4002;4004;1047;1047;[PF2] Baufeldfreimachung für zukünftige Projekte;Chance;301;E-CMZ Klinikum KL [Teil2 - Alle Fragen];29;classic;PF003;4003;1834;classic;18.09.2025;1;1102;;28.08.2025;;1;JARNIGH;1;;;
19631153;8;4;3;;;;;48;12;-1;-1;4001;4000;3995;1048;1048;[PF6] keine ausreichende Berücksichtigung der Schnittstellen zwischen Projekt und laufendem Betrieb (technisch);Risiko;301;E-CMZ Klinikum KL [Teil2 - Alle Fragen];35;classic;PF009;4001;1834;classic;18.09.2025;1;1102;;28.08.2025;;1;JARNIGH;1;;;
19631145;278;4;3;;;;;48;12;-1;-1;3999;4004;3997;1049;1049;[PF3] Adaptierung/Modernisierung der räumlichen Strukturen an die Anforderungen des Versorgungsauftrags sowie an die Anforderungen der betroffenen Primär- und Sekundärversorgungsbereiche;Chance;301;E-CMZ Klinikum KL [Teil2 - Alle Fragen];31;classic;PF005;3999;1834;classic;18.09.2025;1;1102;;28.08.2025;;1;JARNIGH;1;;;
19631199;12;2;3;;;;;24;6;-1;-1;3970;3974;3973;1050;1050;[SI1] Sperre von Bereichen in der Tiefgarage (Technik für die BRV Anlage fehlt während der Bauphase);Risiko;301;E-CMZ Klinikum KL [Teil2 - Alle Fragen];58;classic;SI001;3970;1834;classic;18.09.2025;1;1102;;28.08.2025;;1;JARNIGH;1;;;
19631203;12;3;3;;;;;36;9;-1;-1;3972;3973;3971;1051;1051;[SI2] Patienten mit Infektion werden separiert geführt;Chance;301;E-CMZ Klinikum KL [Teil2 - Alle Fragen];60;classic;SI003;3972;1834;classic;18.09.2025;1;1102;;28.08.2025;;1;JARNIGH;1;;;
19631205;10;4;4;;;;;64;16;-1;-1;3971;3972;3966;1052;1052;[SI3] Steigerung der Sicherheit von Patient: innen, Mitarbeiter: innen und Dritter;Chance;301;E-CMZ Klinikum KL [Teil2 - Alle Fragen];61;classic;SI004;3971;1834;classic;18.09.2025;1;1102;;28.08.2025;;1;JARNIGH;1;;;
19631201;10;3;2;;;;;24;6;-1;-1;3973;3970;3972;1053;1053;[SI2] keine ausreichende Einbindung und Information der Sicherheitsbeauftragten über sicherheitsrelevante Faktoren;Risiko;301;E-CMZ Klinikum KL [Teil2 - Alle Fragen];59;classic;SI002;3973;1834;classic;18.09.2025;1;1102;;28.08.2025;;1;JARNIGH;1;;;
19631207;11;3;1;;;;;12;3;-1;-1;3966;3971;3964;1054;1054;[TE1] Auswirkung an angrenzende Bereiche (befinden sich daneben, darüber, darunter);Risiko;301;E-CMZ Klinikum KL [Teil2 - Alle Fragen];62;classic;TE001;3966;1834;classic;18.09.2025;1;1102;;28.08.2025;;1;JARNIGH;1;;;
19631209;7;5;4;;;;;80;20;-1;-1;3964;3966;3965;1055;1055;[TE1] Verbesserung der technischen Betriebssicherheit;Chance;301;E-CMZ Klinikum KL [Teil2 - Alle Fragen];63;classic;TE002;3964;1834;classic;18.09.2025;1;1102;;28.08.2025;;1;JARNIGH;1;;;
19631213;12;3;3;;;;;36;9;-1;-1;3969;3965;3967;1056;1056;[TE2] Zusammenführung, Anbindung (BMA, GLT, FTS, Zutritt usw.) , Harmonisierung struktureller und technischer Standards und deren Auslegung (alt/neu) ==> Implementierung aktueller Haus- und Betriebstechnik;Chance;301;E-CMZ Klinikum KL [Teil2 - Alle Fragen];65;classic;TE004;3969;1834;classic;18.09.2025;1;1102;;28.08.2025;;1;JARNIGH;1;;;
19631215;9;4;5;;;;;80;20;-1;-1;3967;3969;3968;1057;1057;[TE3] Fernwärme/Kälteversorgung für zukünftige Versorgung berücksichtigen (Neuverlegung, Trassenführung);Chance;301;E-CMZ Klinikum KL [Teil2 - Alle Fragen];66;classic;TE005;3967;1834;classic;18.09.2025;1;1102;;28.08.2025;;1;JARNIGH;1;;;
19631217;7;4;5;;;;;80;20;-1;-1;3968;3967;3963;1058;1058;[TE4] Kollektorgänge für zukünftige Erweiterungen vorbereitet (Onkozentrum);Chance;301;E-CMZ Klinikum KL [Teil2 - Alle Fragen];67;classic;TE006;3968;1834;classic;18.09.2025;1;1102;;28.08.2025;;1;JARNIGH;1;;;
19631211;11;3;2;;;;;24;6;-1;-1;3965;3964;3969;1059;1059;[TE2] IT- und MT-Schnittstellenproblematiken zwischen den Einrichtungen werden nicht ausreichend berücksichtigt;Risiko;301;E-CMZ Klinikum KL [Teil2 - Alle Fragen];64;classic;TE003;3965;1834;classic;18.09.2025;1;1102;;28.08.2025;;1;JARNIGH;1;;;
19631219;7;4;4;;;;;64;16;-1;-1;3963;3968;3962;1060;1060;[TE5] Business Continuity in Ableitung von der Unternehmensstrategie zu diesem Thema konzeptionell und in der Projektplanung vorsehen ;Chance;301;E-CMZ Klinikum KL [Teil2 - Alle Fragen];68;classic;TE007;3963;1834;classic;18.09.2025;1;1102;;28.08.2025;;1;JARNIGH;1;;;
19647258;7;3;4;;;;;48;12;-1;-1;3981;3988;3982;991;991;[PU1] Konflikte mit anderen Projekten (nicht nur Bauprojekte) oder mit dem laufenden Betrieb;Risiko;301;E-CMZ Klinikum KL [Teil2 - Alle Fragen];41;classic;PU002;3981;1837;classic;01.10.2025;1;1121;;28.08.2025;;1;KAB_HOLZINGERD;1;;;
19647262;4;3;4;;;;;48;12;-1;-1;3982;3981;3989;992;992;[PU2] Politisch Einfluss auf das Projekt zu erwarten (bedeutender Projektinhalt);Risiko;301;E-CMZ Klinikum KL [Teil2 - Alle Fragen];42;classic;PU003;3982;1837;classic;01.10.2025;1;1121;;28.08.2025;;1;KAB_HOLZINGERD;1;;;
19647274;8;4;1;;;;;16;4;-1;-1;3983;3990;3991;993;993;[PU3] Widerstand und Einfluss von innen (Abteilungen, Stationen …);Risiko;301;E-CMZ Klinikum KL [Teil2 - Alle Fragen];45;classic;PU006;3983;1837;classic;01.10.2025;1;1121;;28.08.2025;;1;KAB_HOLZINGERD;1;;;
19647282;6;3;1;;;;;12;3;-1;-1;3984;3991;3985;994;994;[PU4] Widerstand und Einfluss von außen (z.B. Anrainer …);Risiko;301;E-CMZ Klinikum KL [Teil2 - Alle Fragen];47;classic;PU008;3984;1837;classic;01.10.2025;1;1121;;28.08.2025;;1;KAB_HOLZINGERD;1;;;
19647286;7;3;3;;;;;36;9;-1;-1;3985;3984;3986;995;995;[PU5] Bei Inbetriebnahme keine Kompatibilität der Projektziele mit dem Versorgungsauftrag  (z.B. Betriebsziele, politische Ziele, Umsetzung ÖSG-RSG usw.);Risiko;301;E-CMZ Klinikum KL [Teil2 - Alle Fragen];48;classic;PU009;3985;1837;classic;01.10.2025;1;1121;;28.08.2025;;1;KAB_HOLZINGERD;1;;;
19647254;4;4;4;;;;;64;16;-1;-1;3988;3994;3981;996;996;[PU1] Einhaltung aktueller gesetzlicher/betrieblicher Auflagen und Einschränkungen ;Chance;301;E-CMZ Klinikum KL [Teil2 - Alle Fragen];40;classic;PU001;3988;1837;classic;01.10.2025;1;1121;;28.08.2025;;1;KAB_HOLZINGERD;1;;;
19647266;4;;;;;;;;;-1;-1;3989;3982;3990;997;997;[PU2] Verbesserung der Positionierung am Arbeitsmarkt;Chance;301;E-CMZ Klinikum KL [Teil2 - Alle Fragen];43;classic;PU004;3989;1837;classic;01.10.2025;1;1121;;28.08.2025;;1;KAB_HOLZINGERD;-1;;;
19647270;4;4;4;;;;;64;16;-1;-1;3990;3989;3983;998;998;[PU3] Verbesserung der interdisziplinären Zusammenarbeit ;Chance;301;E-CMZ Klinikum KL [Teil2 - Alle Fragen];44;classic;PU005;3990;1837;classic;01.10.2025;1;1121;;28.08.2025;;1;KAB_HOLZINGERD;1;;;
19647278;5;;;;;;;;;-1;-1;3991;3983;3984;999;999;[PU4] Integration der Pädaudiometrie in die HNO bzw. Kopfzentrum;Chance;301;E-CMZ Klinikum KL [Teil2 - Alle Fragen];46;classic;PU007;3991;1837;classic;01.10.2025;1;1121;;28.08.2025;;1;KAB_HOLZINGERD;-1;;;
19647290;4;3;3;;;;;36;9;-1;-1;3986;3985;3987;1000;1000;[PU6] Projektfortschritt bzw. -laufzeiten können nicht eingehalten werden;Risiko;301;E-CMZ Klinikum KL [Teil2 - Alle Fragen];49;classic;PU010;3986;1837;classic;01.10.2025;1;1121;;28.08.2025;;1;KAB_HOLZINGERD;1;;;
19647294;9;4;3;;;;;48;12;-1;-1;3987;3986;3979;1001;1001;[PU7] keine Realisierungsentscheidung auf Grund fehlender finanzieller Mittel;Risiko;301;E-CMZ Klinikum KL [Teil2 - Alle Fragen];50;classic;PU011;3987;1837;classic;01.10.2025;1;1121;;28.08.2025;;1;KAB_HOLZINGERD;1;;;
19647138;8;3;1;;;;;12;3;-1;-1;4016;4020;4021;1002;1002;[ÖU1] Umwelteinflüsse können Projekt behindern oder beeinflussen;Risiko;301;E-CMZ Klinikum KL [Teil2 - Alle Fragen];11;classic;ÖU002;4016;1837;classic;01.10.2025;1;1121;;28.08.2025;;1;KAB_HOLZINGERD;1;;;
19647146;10;3;3;;;;;36;9;-1;-1;4019;4021;4018;1003;1003;[ÖU2] Lärm- und Staubbelästigung während der Bauphase und somit Einfluss auf die Patient: innen und Mitarbeiter: innen in den umliegenden Gebäude(-teile) ==> Nähe Notfallaufnahme ==> zentraler Verkehrsknotenpunkt;Risiko;301;E-CMZ Klinikum KL [Teil2 - Alle Fragen];13;classic;ÖU004;4019;1837;classic;01.10.2025;1;1121;;28.08.2025;;1;KAB_HOLZINGERD;1;;;
19647134;9;4;4;;;;;64;16;-1;-1;4020;4028;4016;1004;1004;[ÖU1] Integration ressourcenschonender Energienutzungsmodelle in die Projektplanung (Alternativenergie, Passivhausstandard, Kühlung/Energiespeicherung durch Grundwasser, Photovoltaik (z. B. in Fassade integrieren oder am Dach), Erdwärme, Sonnenschutz - starke Lamellen, Fassadenfarbe, Niedertemperatur Heiz-Kühlsystem (Baukernaktivierung,  usw.);Chance;301;E-CMZ Klinikum KL [Teil2 - Alle Fragen];10;classic;ÖU001;4020;1837;classic;01.10.2025;1;1121;;28.08.2025;;1;KAB_HOLZINGERD;1;;;
19647150;5;3;3;;;;;36;9;-1;-1;4018;4019;4017;1005;1005;[ÖU3] Erschütterungen während der Bauphase (Beeinflusst Medizin-und Labortechnik);Risiko;301;E-CMZ Klinikum KL [Teil2 - Alle Fragen];14;classic;ÖU005;4018;1837;classic;01.10.2025;1;1121;;28.08.2025;;1;KAB_HOLZINGERD;1;;;
19647154;4;3;3;;;;;36;9;-1;-1;4017;4018;4014;1006;1006;[ÖU4] Verunreinigung angrenzender Gebäude;Risiko;301;E-CMZ Klinikum KL [Teil2 - Alle Fragen];15;classic;ÖU006;4017;1837;classic;01.10.2025;1;1121;;28.08.2025;;1;KAB_HOLZINGERD;1;;;
19647158;12;2;3;;;;;24;6;-1;-1;4014;4017;4015;1007;1007;[ÖU5] Verunreinigung des Grundwasser;Risiko;301;E-CMZ Klinikum KL [Teil2 - Alle Fragen];16;classic;ÖU007;4014;1837;classic;01.10.2025;1;1121;;28.08.2025;;1;KAB_HOLZINGERD;1;;;
19647162;8;3;3;;;;;36;9;-1;-1;4015;4014;4013;1008;1008;[ÖU6] unkontrollierter Wassereintritt;Risiko;301;E-CMZ Klinikum KL [Teil2 - Alle Fragen];17;classic;ÖU008;4015;1837;classic;01.10.2025;1;1121;;28.08.2025;;1;KAB_HOLZINGERD;1;;;
19647142;6;3;3;;;;;36;9;-1;-1;4021;4016;4019;1009;1009;[ÖU2] Förderungen auf Grund der Neubausituation lukrieren;Chance;301;E-CMZ Klinikum KL [Teil2 - Alle Fragen];12;classic;ÖU003;4021;1837;classic;01.10.2025;1;1121;;28.08.2025;;1;KAB_HOLZINGERD;1;;;
19647318;5;3;3;;;;;36;9;-1;-1;3975;3980;3974;1010;1010;[RA1] Verzögerungen in diversen Vergabeverfahren (Einsprüche) vor allem bei Schlüsselgewerken;Risiko;301;E-CMZ Klinikum KL [Teil2 - Alle Fragen];56;classic;RA001;3975;1837;classic;01.10.2025;1;1121;;28.08.2025;;1;KAB_HOLZINGERD;1;;;
19647322;3;3;3;;;;;36;9;-1;-1;3974;3975;3970;1011;1011;[RA3] negative Stellungnahme durch den Landesrechnungshof;Risiko;301;E-CMZ Klinikum KL [Teil2 - Alle Fragen];57;classic;RA002;3974;1837;classic;01.10.2025;1;1121;;28.08.2025;;1;KAB_HOLZINGERD;1;;;
19647370;9;3;3;;;;;36;9;-1;-1;3962;3963;3961;1012;1012;[UV1] veränderte Marktentwicklung;Risiko;301;E-CMZ Klinikum KL [Teil2 - Alle Fragen];69;classic;UV001;3962;1837;classic;01.10.2025;1;1121;;28.08.2025;;1;KAB_HOLZINGERD;1;;;
19647374;5;3;3;;;;;36;9;-1;-1;3961;3962;0;1013;1013;[UV2] Änderung/Reduktion der/des medizinischen Leistungsplanung/-spektrums/-angebotsplanung bis zur Inbetriebnahme;Risiko;301;E-CMZ Klinikum KL [Teil2 - Alle Fragen];70;classic;UV002;3961;1837;classic;01.10.2025;1;1121;;28.08.2025;;1;KAB_HOLZINGERD;1;;;
19647298;6;4;3;;;;;48;12;-1;-1;3979;3987;3976;1014;1014;[PV1] Enger Kostenrahmen, keine vollständige finanzielle Deckung vorhanden;Risiko;301;E-CMZ Klinikum KL [Teil2 - Alle Fragen];51;classic;PV001;3979;1837;classic;01.10.2025;1;1121;;28.08.2025;;1;KAB_HOLZINGERD;1;;;
19647302;9;3;3;;;;;36;9;-1;-1;3976;3979;3977;1015;1015;[PV2] Zu eng gesetzter Projektterminplan;Risiko;301;E-CMZ Klinikum KL [Teil2 - Alle Fragen];52;classic;PV002;3976;1837;classic;01.10.2025;1;1121;;28.08.2025;;1;KAB_HOLZINGERD;1;;;
19647306;7;3;1;;;;;12;3;-1;-1;3977;3976;3978;1016;1016;[PV3] Planungsfehler;Risiko;301;E-CMZ Klinikum KL [Teil2 - Alle Fragen];53;classic;PV003;3977;1837;classic;01.10.2025;1;1121;;28.08.2025;;1;KAB_HOLZINGERD;1;;;
19647310;9;3;1;;;;;12;3;-1;-1;3978;3977;3980;1017;1017;[PV4] Kostenplanungsfehler (z. B. Vorhabens Budget, Investitionsprogramm, Betriebsbudget, Folgekosten usw.);Risiko;301;E-CMZ Klinikum KL [Teil2 - Alle Fragen];54;classic;PV004;3978;1837;classic;01.10.2025;1;1121;;28.08.2025;;1;KAB_HOLZINGERD;1;;;
19647314;8;3;1;;;;;12;3;-1;-1;3980;3978;3975;1018;1018;[PV5] unzureichende Berücksichtigung der Nutzeranforderungen in der Planung ;Risiko;301;E-CMZ Klinikum KL [Teil2 - Alle Fragen];55;classic;PV005;3980;1837;classic;01.10.2025;1;1121;;28.08.2025;;1;KAB_HOLZINGERD;1;;;
19647098;20;3;4;;;;;48;12;-1;-1;4026;0;4029;1019;1019;[BB1] Kommunikationsfehler (Verständnisfehler) mit Nutzer;Risiko;301;E-CMZ Klinikum KL [Teil2 - Alle Fragen];1;classic;BB001;4026;1837;classic;01.10.2025;1;1121;;28.08.2025;;1;KAB_HOLZINGERD;1;;;
19647110;15;3;3;;;;;36;9;-1;-1;4027;4030;4025;1020;1020;[BB2] Personalwechsel in Schlüsselpositionen intern in der KABEG;Risiko;301;E-CMZ Klinikum KL [Teil2 - Alle Fragen];4;classic;BB004;4027;1837;classic;01.10.2025;1;1121;;28.08.2025;;1;KAB_HOLZINGERD;1;;;
19647102;10;3;1;;;;;12;3;-1;-1;4029;4026;4030;1021;1021;[BB1] Nutzer sind ausreichend über das Projekt informiert;Chance;301;E-CMZ Klinikum KL [Teil2 - Alle Fragen];2;classic;BB002;4029;1837;classic;01.10.2025;1;1121;;28.08.2025;;1;KAB_HOLZINGERD;1;;;
19647114;16;3;4;;;;;48;12;-1;-1;4025;4027;4024;1022;1022;[BB3] Projektanforderungen ändern sich;Risiko;301;E-CMZ Klinikum KL [Teil2 - Alle Fragen];5;classic;BB005;4025;1837;classic;01.10.2025;1;1121;;28.08.2025;;1;KAB_HOLZINGERD;1;;;
19647106;16;4;4;;;;;64;16;-1;-1;4030;4029;4027;1023;1023;"[BB2] Nutzung der Erfahrung der Beteiligten aus den Fachbereichen; Fachbereichsmitarbeiter: innen zu Beteiligten machen und einbeziehen";Chance;301;E-CMZ Klinikum KL [Teil2 - Alle Fragen];3;classic;BB003;4030;1837;classic;01.10.2025;1;1121;;28.08.2025;;1;KAB_HOLZINGERD;1;;;
19647118;11;4;2;;;;;32;8;-1;-1;4024;4025;4023;1024;1024;[BB4] Abhängigkeiten der Projektumsetzung von Einzelpersonen;Risiko;301;E-CMZ Klinikum KL [Teil2 - Alle Fragen];6;classic;BB006;4024;1837;classic;01.10.2025;1;1121;;28.08.2025;;1;KAB_HOLZINGERD;1;;;
19647122;5;3;2;;;;;24;6;-1;-1;4023;4024;4022;1025;1025;[BB5] veränderte bzw. nicht/besonders wahrgenommene Zuständigkeit;Risiko;301;E-CMZ Klinikum KL [Teil2 - Alle Fragen];7;classic;BB007;4023;1837;classic;01.10.2025;1;1121;;28.08.2025;;1;KAB_HOLZINGERD;1;;;
19647126;8;4;3;;;;;48;12;-1;-1;4022;4023;4028;1026;1026;[BB6] neue, überzogene (An-)Forderungen der Nutzer/Partner;Risiko;301;E-CMZ Klinikum KL [Teil2 - Alle Fragen];8;classic;BB008;4022;1837;classic;01.10.2025;1;1121;;28.08.2025;;1;KAB_HOLZINGERD;1;;;
19647130;9;4;2;;;;;32;8;-1;-1;4028;4022;4020;1027;1027;[BB7] falsche oder nicht ausgesprochene Erwartungen durch Nutzer, Partner;Risiko;301;E-CMZ Klinikum KL [Teil2 - Alle Fragen];9;classic;BB009;4028;1837;classic;01.10.2025;1;1121;;28.08.2025;;1;KAB_HOLZINGERD;1;;;
19647238;4;3;4;;;;;48;12;-1;-1;3995;4001;3992;1028;1028;[PO1] Langwierige Entscheidungsfindung;Risiko;301;E-CMZ Klinikum KL [Teil2 - Alle Fragen];36;classic;PO001;3995;1837;classic;01.10.2025;1;1121;;28.08.2025;;1;KAB_HOLZINGERD;1;;;
19647242;4;;;;;;;;;-1;-1;3992;3995;3993;1029;1029;[PO2] Nicht vorhandene bzw. nicht kommunizierte QM-Standards;Risiko;301;E-CMZ Klinikum KL [Teil2 - Alle Fragen];37;classic;PO002;3992;1837;classic;01.10.2025;1;1121;;28.08.2025;;1;KAB_HOLZINGERD;-1;;;
19647246;11;2;4;;;;;32;8;-1;-1;3993;3992;3994;1030;1030;[PO3] fehlende selbständige interne Koordination (Informationsweitergabe) der Fachabteilung;Risiko;301;E-CMZ Klinikum KL [Teil2 - Alle Fragen];38;classic;PO003;3993;1837;classic;01.10.2025;1;1121;;28.08.2025;;1;KAB_HOLZINGERD;1;;;
19647250;7;3;3;;;;;36;9;-1;-1;3994;3993;3988;1031;1031;[PO4] Wechsel wesentlicher Schlüsselpersonen für die Umsetzung/Verantwortlicher im Projektteam (z. B. Projektleitung, Nutzer, Planer, Auftraggeber, Verantwortungsträger in einzelnen Bereichen z. B. Technik), Know-How-Träger stehen nicht zur Verfügung / Veränderung in den Entscheidungsstrukturen;Risiko;301;E-CMZ Klinikum KL [Teil2 - Alle Fragen];39;classic;PO004;3994;1837;classic;01.10.2025;1;1121;;28.08.2025;;1;KAB_HOLZINGERD;1;;;
19647166;13;4;2;;;;;32;8;-1;-1;4013;4015;4012;1032;1032;[PA1] Kommunikationsfehler mit ausführenden Auftragnehmern (Betriebsführung, Instandhaltung);Risiko;301;E-CMZ Klinikum KL [Teil2 - Alle Fragen];18;classic;PA001;4013;1837;classic;01.10.2025;1;1121;;28.08.2025;;1;KAB_HOLZINGERD;1;;;
19647170;12;4;2;;;;;32;8;-1;-1;4012;4013;4005;1033;1033;[PA2] Ressourcenverfügbarkeit bei ausführenden Auftragnehmern nicht vorhanden;Risiko;301;E-CMZ Klinikum KL [Teil2 - Alle Fragen];19;classic;PA002;4012;1837;classic;01.10.2025;1;1121;;28.08.2025;;1;KAB_HOLZINGERD;1;;;
19647174;7;2;2;;;;;16;4;-1;-1;4005;4012;4011;1034;1034;[PA3] Planung ungenau oder nicht vollständig;Risiko;301;E-CMZ Klinikum KL [Teil2 - Alle Fragen];20;classic;PA003;4005;1837;classic;01.10.2025;1;1121;;28.08.2025;;1;KAB_HOLZINGERD;1;;;
19647178;5;3;3;;;;;36;9;-1;-1;4011;4005;4010;1035;1035;[PA4] Ausschreibung fehlerhaft;Risiko;301;E-CMZ Klinikum KL [Teil2 - Alle Fragen];21;classic;PA004;4011;1837;classic;01.10.2025;1;1121;;28.08.2025;;1;KAB_HOLZINGERD;1;;;
19647182;4;3;3;;;;;36;9;-1;-1;4010;4011;4009;1036;1036;[PA5] Projektdokumentation nicht vollständig bzw. nicht vorhanden;Risiko;301;E-CMZ Klinikum KL [Teil2 - Alle Fragen];22;classic;PA005;4010;1837;classic;01.10.2025;1;1121;;28.08.2025;;1;KAB_HOLZINGERD;1;;;
19647186;4;3;3;;;;;36;9;-1;-1;4009;4010;4008;1037;1037;[PA6] Übergabedokumentation nicht vollständig bzw. nicht vorhanden;Risiko;301;E-CMZ Klinikum KL [Teil2 - Alle Fragen];23;classic;PA006;4009;1837;classic;01.10.2025;1;1121;;28.08.2025;;1;KAB_HOLZINGERD;1;;;
19647190;10;4;2;;;;;32;8;-1;-1;4008;4009;4007;1038;1038;[PA7] Lange Projektdauer;Risiko;301;E-CMZ Klinikum KL [Teil2 - Alle Fragen];24;classic;PA007;4008;1837;classic;01.10.2025;1;1121;;28.08.2025;;1;KAB_HOLZINGERD;1;;;
19647194;12;3;3;;;;;36;9;-1;-1;4007;4008;4006;1039;1039;[PA8] Vorgegebene Laufzeiten und Fristen sind nicht berücksichtigt (Beschlussfassung Aufsichtsrat, Einreichung Landesrechnungshof, Ausschreibungsverfahren uvm.);Risiko;301;E-CMZ Klinikum KL [Teil2 - Alle Fragen];25;classic;PA008;4007;1837;classic;01.10.2025;1;1121;;28.08.2025;;1;KAB_HOLZINGERD;1;;;
19647198;8;4;3;;;;;48;12;-1;-1;4006;4007;3998;1040;1040;[PA9] verzögerte Freigabe von Planungsschritten und Genehmigungschritten;Risiko;301;E-CMZ Klinikum KL [Teil2 - Alle Fragen];26;classic;PA009;4006;1837;classic;01.10.2025;1;1121;;28.08.2025;;1;KAB_HOLZINGERD;1;;;
19647202;4;3;2;;;;;24;6;-1;-1;3998;4006;4002;1041;1041;[PF1] Folgekostenermittlung nicht transparent;Risiko;301;E-CMZ Klinikum KL [Teil2 - Alle Fragen];27;classic;PF001;3998;1837;classic;01.10.2025;1;1121;;28.08.2025;;1;KAB_HOLZINGERD;1;;;
19647214;7;3;4;;;;;48;12;-1;-1;4004;4003;3999;1042;1042;[PF2] Betriebsorganisationskonzept nicht gelöst;Risiko;301;E-CMZ Klinikum KL [Teil2 - Alle Fragen];30;classic;PF004;4004;1837;classic;01.10.2025;1;1121;;28.08.2025;;1;KAB_HOLZINGERD;1;;;
19647222;11;;;;;;;;;-1;-1;3997;3999;3996;1043;1043;[PF3] unerfüllbare Erwartungshaltung an Auftragnehmer;Risiko;301;E-CMZ Klinikum KL [Teil2 - Alle Fragen];32;classic;PF006;3997;1837;classic;01.10.2025;1;1121;;28.08.2025;;1;KAB_HOLZINGERD;-1;;;
19647226;6;4;3;;;;;48;12;-1;-1;3996;3997;4000;1044;1044;[PF4] einschneidende organisatorische Veränderungen im Betrieb;Risiko;301;E-CMZ Klinikum KL [Teil2 - Alle Fragen];33;classic;PF007;3996;1837;classic;01.10.2025;1;1121;;28.08.2025;;1;KAB_HOLZINGERD;1;;;
19629992;10;4;4;;;;;64;16;-1;-1;3981;3988;3982;991;991;[PU1] Konflikte mit anderen Projekten (nicht nur Bauprojekte) oder mit dem laufenden Betrieb;Risiko;301;E-CMZ Klinikum KL [Teil2 - Alle Fragen];41;classic;PU002;3981;1802;classic;09.09.2025;1;22;;28.08.2025;;1;KUTEJA;1;;;
19629993;8;2;2;;;;;16;4;-1;-1;3982;3981;3989;992;992;[PU2] Politisch Einfluss auf das Projekt zu erwarten (bedeutender Projektinhalt);Risiko;301;E-CMZ Klinikum KL [Teil2 - Alle Fragen];42;classic;PU003;3982;1802;classic;09.09.2025;1;22;;28.08.2025;;1;KUTEJA;1;;;
19629996;8;3;3;;;;;36;9;-1;-1;3983;3990;3991;993;993;[PU3] Widerstand und Einfluss von innen (Abteilungen, Stationen …);Risiko;301;E-CMZ Klinikum KL [Teil2 - Alle Fragen];45;classic;PU006;3983;1802;classic;09.09.2025;1;22;;28.08.2025;;1;KUTEJA;1;;;
19629998;6;2;3;;;;;24;6;-1;-1;3984;3991;3985;994;994;[PU4] Widerstand und Einfluss von außen (z.B. Anrainer …);Risiko;301;E-CMZ Klinikum KL [Teil2 - Alle Fragen];47;classic;PU008;3984;1802;classic;09.09.2025;1;22;;28.08.2025;;1;KUTEJA;1;;;
19629999;9;2;2;;;;;16;4;-1;-1;3985;3984;3986;995;995;[PU5] Bei Inbetriebnahme keine Kompatibilität der Projektziele mit dem Versorgungsauftrag  (z.B. Betriebsziele, politische Ziele, Umsetzung ÖSG-RSG usw.);Risiko;301;E-CMZ Klinikum KL [Teil2 - Alle Fragen];48;classic;PU009;3985;1802;classic;09.09.2025;1;22;;28.08.2025;;1;KUTEJA;1;;;
19629991;13;3;4;;;;;48;12;-1;-1;3988;3994;3981;996;996;[PU1] Einhaltung aktueller gesetzlicher/betrieblicher Auflagen und Einschränkungen ;Chance;301;E-CMZ Klinikum KL [Teil2 - Alle Fragen];40;classic;PU001;3988;1802;classic;09.09.2025;1;22;;28.08.2025;;1;KUTEJA;1;;;
19629994;6;2;2;;;;;16;4;-1;-1;3989;3982;3990;997;997;[PU2] Verbesserung der Positionierung am Arbeitsmarkt;Chance;301;E-CMZ Klinikum KL [Teil2 - Alle Fragen];43;classic;PU004;3989;1802;classic;09.09.2025;1;22;;28.08.2025;;1;KUTEJA;1;;;
19629995;10;4;4;;;;;64;16;-1;-1;3990;3989;3983;998;998;[PU3] Verbesserung der interdisziplinären Zusammenarbeit ;Chance;301;E-CMZ Klinikum KL [Teil2 - Alle Fragen];44;classic;PU005;3990;1802;classic;09.09.2025;1;22;;28.08.2025;;1;KUTEJA;1;;;
19629997;3;2;2;;;;;16;4;-1;-1;3991;3983;3984;999;999;[PU4] Integration der Pädaudiometrie in die HNO bzw. Kopfzentrum;Chance;301;E-CMZ Klinikum KL [Teil2 - Alle Fragen];46;classic;PU007;3991;1802;classic;09.09.2025;1;22;;28.08.2025;;1;KUTEJA;1;;;
19630000;9;4;5;;;;;80;20;-1;-1;3986;3985;3987;1000;1000;[PU6] Projektfortschritt bzw. -laufzeiten können nicht eingehalten werden;Risiko;301;E-CMZ Klinikum KL [Teil2 - Alle Fragen];49;classic;PU010;3986;1802;classic;09.09.2025;1;22;;28.08.2025;;1;KUTEJA;1;;;
19630001;20;5;3;;;;;60;15;-1;-1;3987;3986;3979;1001;1001;[PU7] keine Realisierungsentscheidung auf Grund fehlender finanzieller Mittel;Risiko;301;E-CMZ Klinikum KL [Teil2 - Alle Fragen];50;classic;PU011;3987;1802;classic;09.09.2025;1;22;;28.08.2025;;1;KUTEJA;1;;;
19629962;28;2;3;;;;;24;6;-1;-1;4016;4020;4021;1002;1002;[ÖU1] Umwelteinflüsse können Projekt behindern oder beeinflussen;Risiko;301;E-CMZ Klinikum KL [Teil2 - Alle Fragen];11;classic;ÖU002;4016;1802;classic;09.09.2025;1;22;;28.08.2025;;1;KUTEJA;1;;;
19629964;9;3;4;;;;;48;12;-1;-1;4019;4021;4018;1003;1003;[ÖU2] Lärm- und Staubbelästigung während der Bauphase und somit Einfluss auf die Patient: innen und Mitarbeiter: innen in den umliegenden Gebäude(-teile) ==> Nähe Notfallaufnahme ==> zentraler Verkehrsknotenpunkt;Risiko;301;E-CMZ Klinikum KL [Teil2 - Alle Fragen];13;classic;ÖU004;4019;1802;classic;09.09.2025;1;22;;28.08.2025;;1;KUTEJA;1;;;
19629961;8;5;4;;;;;80;20;-1;-1;4020;4028;4016;1004;1004;[ÖU1] Integration ressourcenschonender Energienutzungsmodelle in die Projektplanung (Alternativenergie, Passivhausstandard, Kühlung/Energiespeicherung durch Grundwasser, Photovoltaik (z. B. in Fassade integrieren oder am Dach), Erdwärme, Sonnenschutz - starke Lamellen, Fassadenfarbe, Niedertemperatur Heiz-Kühlsystem (Baukernaktivierung,  usw.);Chance;301;E-CMZ Klinikum KL [Teil2 - Alle Fragen];10;classic;ÖU001;4020;1802;classic;09.09.2025;1;22;;28.08.2025;;1;KUTEJA;1;;;
19629965;4;3;4;;;;;48;12;-1;-1;4018;4019;4017;1005;1005;[ÖU3] Erschütterungen während der Bauphase (Beeinflusst Medizin-und Labortechnik);Risiko;301;E-CMZ Klinikum KL [Teil2 - Alle Fragen];14;classic;ÖU005;4018;1802;classic;09.09.2025;1;22;;28.08.2025;;1;KUTEJA;1;;;
19629966;3;3;4;;;;;48;12;-1;-1;4017;4018;4014;1006;1006;[ÖU4] Verunreinigung angrenzender Gebäude;Risiko;301;E-CMZ Klinikum KL [Teil2 - Alle Fragen];15;classic;ÖU006;4017;1802;classic;09.09.2025;1;22;;28.08.2025;;1;KUTEJA;1;;;
19629967;10;2;3;;;;;24;6;-1;-1;4014;4017;4015;1007;1007;[ÖU5] Verunreinigung des Grundwasser;Risiko;301;E-CMZ Klinikum KL [Teil2 - Alle Fragen];16;classic;ÖU007;4014;1802;classic;09.09.2025;1;22;;28.08.2025;;1;KUTEJA;1;;;
19629968;7;4;3;;;;;48;12;-1;-1;4015;4014;4013;1008;1008;[ÖU6] unkontrollierter Wassereintritt;Risiko;301;E-CMZ Klinikum KL [Teil2 - Alle Fragen];17;classic;ÖU008;4015;1802;classic;09.09.2025;1;22;;28.08.2025;;1;KUTEJA;1;;;
19629963;10;2;3;;;;;24;6;-1;-1;4021;4016;4019;1009;1009;[ÖU2] Förderungen auf Grund der Neubausituation lukrieren;Chance;301;E-CMZ Klinikum KL [Teil2 - Alle Fragen];12;classic;ÖU003;4021;1802;classic;09.09.2025;1;22;;28.08.2025;;1;KUTEJA;1;;;
19630007;9;3;4;;;;;48;12;-1;-1;3975;3980;3974;1010;1010;[RA1] Verzögerungen in diversen Vergabeverfahren (Einsprüche) vor allem bei Schlüsselgewerken;Risiko;301;E-CMZ Klinikum KL [Teil2 - Alle Fragen];56;classic;RA001;3975;1802;classic;09.09.2025;1;22;;28.08.2025;;1;KUTEJA;1;;;
19630008;8;4;3;;;;;48;12;-1;-1;3974;3975;3970;1011;1011;[RA3] negative Stellungnahme durch den Landesrechnungshof;Risiko;301;E-CMZ Klinikum KL [Teil2 - Alle Fragen];57;classic;RA002;3974;1802;classic;09.09.2025;1;22;;28.08.2025;;1;KUTEJA;1;;;
19630020;6;3;4;;;;;48;12;-1;-1;3962;3963;3961;1012;1012;[UV1] veränderte Marktentwicklung;Risiko;301;E-CMZ Klinikum KL [Teil2 - Alle Fragen];69;classic;UV001;3962;1802;classic;09.09.2025;1;22;;28.08.2025;;1;KUTEJA;1;;;
19630021;17;3;3;;;;;36;9;-1;-1;3961;3962;0;1013;1013;[UV2] Änderung/Reduktion der/des medizinischen Leistungsplanung/-spektrums/-angebotsplanung bis zur Inbetriebnahme;Risiko;301;E-CMZ Klinikum KL [Teil2 - Alle Fragen];70;classic;UV002;3961;1802;classic;09.09.2025;1;22;;28.08.2025;;1;KUTEJA;1;;;
19647230;8;2;4;;;;;32;8;-1;-1;4000;3996;4001;1045;1045;[PF5] personelle Veränderungen (innerhalb der Auftraggeber Organisation) groß;Risiko;301;E-CMZ Klinikum KL [Teil2 - Alle Fragen];34;classic;PF008;4000;1837;classic;01.10.2025;1;1121;;28.08.2025;;1;KAB_HOLZINGERD;1;;;
19647206;6;3;3;;;;;36;9;-1;-1;4002;3998;4003;1046;1046;[PF1] Harmonisierung unterschiedlicher Standards und Umsetzungsgrade in prozessübergreifenden Managementsystemen (z. B.  Qualitäts- und Risikomanagement, ISMS, Compliance) und anderen Systemen;Chance;301;E-CMZ Klinikum KL [Teil2 - Alle Fragen];28;classic;PF002;4002;1837;classic;01.10.2025;1;1121;;28.08.2025;;1;KAB_HOLZINGERD;1;;;
19647210;4;4;4;;;;;64;16;-1;-1;4003;4002;4004;1047;1047;[PF2] Baufeldfreimachung für zukünftige Projekte;Chance;301;E-CMZ Klinikum KL [Teil2 - Alle Fragen];29;classic;PF003;4003;1837;classic;01.10.2025;1;1121;;28.08.2025;;1;KAB_HOLZINGERD;1;;;
19647234;6;3;2;;;;;24;6;-1;-1;4001;4000;3995;1048;1048;[PF6] keine ausreichende Berücksichtigung der Schnittstellen zwischen Projekt und laufendem Betrieb (technisch);Risiko;301;E-CMZ Klinikum KL [Teil2 - Alle Fragen];35;classic;PF009;4001;1837;classic;01.10.2025;1;1121;;28.08.2025;;1;KAB_HOLZINGERD;1;;;
19647218;13;3;3;;;;;36;9;-1;-1;3999;4004;3997;1049;1049;[PF3] Adaptierung/Modernisierung der räumlichen Strukturen an die Anforderungen des Versorgungsauftrags sowie an die Anforderungen der betroffenen Primär- und Sekundärversorgungsbereiche;Chance;301;E-CMZ Klinikum KL [Teil2 - Alle Fragen];31;classic;PF005;3999;1837;classic;01.10.2025;1;1121;;28.08.2025;;1;KAB_HOLZINGERD;1;;;
19647326;7;2;1;;;;;8;2;-1;-1;3970;3974;3973;1050;1050;[SI1] Sperre von Bereichen in der Tiefgarage (Technik für die BRV Anlage fehlt während der Bauphase);Risiko;301;E-CMZ Klinikum KL [Teil2 - Alle Fragen];58;classic;SI001;3970;1837;classic;01.10.2025;1;1121;;28.08.2025;;1;KAB_HOLZINGERD;1;;;
19647334;5;4;4;;;;;64;16;-1;-1;3972;3973;3971;1051;1051;[SI2] Patienten mit Infektion werden separiert geführt;Chance;301;E-CMZ Klinikum KL [Teil2 - Alle Fragen];60;classic;SI003;3972;1837;classic;01.10.2025;1;1121;;28.08.2025;;1;KAB_HOLZINGERD;1;;;
19647338;4;4;4;;;;;64;16;-1;-1;3971;3972;3966;1052;1052;[SI3] Steigerung der Sicherheit von Patient: innen, Mitarbeiter: innen und Dritter;Chance;301;E-CMZ Klinikum KL [Teil2 - Alle Fragen];61;classic;SI004;3971;1837;classic;01.10.2025;1;1121;;28.08.2025;;1;KAB_HOLZINGERD;1;;;
19647330;5;2;1;;;;;8;2;-1;-1;3973;3970;3972;1053;1053;[SI2] keine ausreichende Einbindung und Information der Sicherheitsbeauftragten über sicherheitsrelevante Faktoren;Risiko;301;E-CMZ Klinikum KL [Teil2 - Alle Fragen];59;classic;SI002;3973;1837;classic;01.10.2025;1;1121;;28.08.2025;;1;KAB_HOLZINGERD;1;;;
19647342;5;3;3;;;;;36;9;-1;-1;3966;3971;3964;1054;1054;[TE1] Auswirkung an angrenzende Bereiche (befinden sich daneben, darüber, darunter);Risiko;301;E-CMZ Klinikum KL [Teil2 - Alle Fragen];62;classic;TE001;3966;1837;classic;01.10.2025;1;1121;;28.08.2025;;1;KAB_HOLZINGERD;1;;;
19647346;4;4;4;;;;;64;16;-1;-1;3964;3966;3965;1055;1055;[TE1] Verbesserung der technischen Betriebssicherheit;Chance;301;E-CMZ Klinikum KL [Teil2 - Alle Fragen];63;classic;TE002;3964;1837;classic;01.10.2025;1;1121;;28.08.2025;;1;KAB_HOLZINGERD;1;;;
19647354;8;3;3;;;;;36;9;-1;-1;3969;3965;3967;1056;1056;[TE2] Zusammenführung, Anbindung (BMA, GLT, FTS, Zutritt usw.) , Harmonisierung struktureller und technischer Standards und deren Auslegung (alt/neu) ==> Implementierung aktueller Haus- und Betriebstechnik;Chance;301;E-CMZ Klinikum KL [Teil2 - Alle Fragen];65;classic;TE004;3969;1837;classic;01.10.2025;1;1121;;28.08.2025;;1;KAB_HOLZINGERD;1;;;
19647358;6;4;4;;;;;64;16;-1;-1;3967;3969;3968;1057;1057;[TE3] Fernwärme/Kälteversorgung für zukünftige Versorgung berücksichtigen (Neuverlegung, Trassenführung);Chance;301;E-CMZ Klinikum KL [Teil2 - Alle Fragen];66;classic;TE005;3967;1837;classic;01.10.2025;1;1121;;28.08.2025;;1;KAB_HOLZINGERD;1;;;
19647362;7;4;4;;;;;64;16;-1;-1;3968;3967;3963;1058;1058;[TE4] Kollektorgänge für zukünftige Erweiterungen vorbereitet (Onkozentrum);Chance;301;E-CMZ Klinikum KL [Teil2 - Alle Fragen];67;classic;TE006;3968;1837;classic;01.10.2025;1;1121;;28.08.2025;;1;KAB_HOLZINGERD;1;;;
19647350;5;3;3;;;;;36;9;-1;-1;3965;3964;3969;1059;1059;[TE2] IT- und MT-Schnittstellenproblematiken zwischen den Einrichtungen werden nicht ausreichend berücksichtigt;Risiko;301;E-CMZ Klinikum KL [Teil2 - Alle Fragen];64;classic;TE003;3965;1837;classic;01.10.2025;1;1121;;28.08.2025;;1;KAB_HOLZINGERD;1;;;
19647366;5;;;;;;;;;-1;-1;3963;3968;3962;1060;1060;[TE5] Business Continuity in Ableitung von der Unternehmensstrategie zu diesem Thema konzeptionell und in der Projektplanung vorsehen ;Chance;301;E-CMZ Klinikum KL [Teil2 - Alle Fragen];68;classic;TE007;3963;1837;classic;01.10.2025;1;1121;;28.08.2025;;1;KAB_HOLZINGERD;-1;;;
19650919;14;3;4;;;;;48;12;-1;-1;3981;3988;3982;991;991;[PU1] Konflikte mit anderen Projekten (nicht nur Bauprojekte) oder mit dem laufenden Betrieb;Risiko;301;E-CMZ Klinikum KL [Teil2 - Alle Fragen];41;classic;PU002;3981;1861;classic;08.10.2025;1;407;;;;1;ROLLJ;1;;;
19650924;29;4;4;;;;;64;16;-1;-1;3982;3981;3989;992;992;[PU2] Politisch Einfluss auf das Projekt zu erwarten (bedeutender Projektinhalt);Risiko;301;E-CMZ Klinikum KL [Teil2 - Alle Fragen];42;classic;PU003;3982;1861;classic;08.10.2025;1;407;;;;1;ROLLJ;1;;;
19650939;14;3;4;;;;;48;12;-1;-1;3983;3990;3991;993;993;[PU3] Widerstand und Einfluss von innen (Abteilungen, Stationen …);Risiko;301;E-CMZ Klinikum KL [Teil2 - Alle Fragen];45;classic;PU006;3983;1861;classic;08.10.2025;1;407;;;;1;ROLLJ;1;;;
19650949;22;4;4;;;;;64;16;-1;-1;3984;3991;3985;994;994;[PU4] Widerstand und Einfluss von außen (z.B. Anrainer …);Risiko;301;E-CMZ Klinikum KL [Teil2 - Alle Fragen];47;classic;PU008;3984;1861;classic;08.10.2025;1;407;;;;1;ROLLJ;1;;;
19650954;19;5;3;;;;;60;15;-1;-1;3985;3984;3986;995;995;[PU5] Bei Inbetriebnahme keine Kompatibilität der Projektziele mit dem Versorgungsauftrag  (z.B. Betriebsziele, politische Ziele, Umsetzung ÖSG-RSG usw.);Risiko;301;E-CMZ Klinikum KL [Teil2 - Alle Fragen];48;classic;PU009;3985;1861;classic;08.10.2025;1;407;;;;1;ROLLJ;1;;;
19650914;15;4;4;;;;;64;16;-1;-1;3988;3994;3981;996;996;[PU1] Einhaltung aktueller gesetzlicher/betrieblicher Auflagen und Einschränkungen ;Chance;301;E-CMZ Klinikum KL [Teil2 - Alle Fragen];40;classic;PU001;3988;1861;classic;08.10.2025;1;407;;;;1;ROLLJ;1;;;
19650929;19;4;4;;;;;64;16;-1;-1;3989;3982;3990;997;997;[PU2] Verbesserung der Positionierung am Arbeitsmarkt;Chance;301;E-CMZ Klinikum KL [Teil2 - Alle Fragen];43;classic;PU004;3989;1861;classic;08.10.2025;1;407;;;;1;ROLLJ;1;;;
19650934;8;4;4;;;;;64;16;-1;-1;3990;3989;3983;998;998;[PU3] Verbesserung der interdisziplinären Zusammenarbeit ;Chance;301;E-CMZ Klinikum KL [Teil2 - Alle Fragen];44;classic;PU005;3990;1861;classic;08.10.2025;1;407;;;;1;ROLLJ;1;;;
19650944;10;;;;;;;;;-1;-1;3991;3983;3984;999;999;[PU4] Integration der Pädaudiometrie in die HNO bzw. Kopfzentrum;Chance;301;E-CMZ Klinikum KL [Teil2 - Alle Fragen];46;classic;PU007;3991;1861;classic;08.10.2025;1;407;;;;1;ROLLJ;-1;;;
19630002;5;5;3;;;;;60;15;-1;-1;3979;3987;3976;1014;1014;[PV1] Enger Kostenrahmen, keine vollständige finanzielle Deckung vorhanden;Risiko;301;E-CMZ Klinikum KL [Teil2 - Alle Fragen];51;classic;PV001;3979;1802;classic;09.09.2025;1;22;;28.08.2025;;1;KUTEJA;1;;;
19630003;6;4;4;;;;;64;16;-1;-1;3976;3979;3977;1015;1015;[PV2] Zu eng gesetzter Projektterminplan;Risiko;301;E-CMZ Klinikum KL [Teil2 - Alle Fragen];52;classic;PV002;3976;1802;classic;09.09.2025;1;22;;28.08.2025;;1;KUTEJA;1;;;
19630004;9;4;2;;;;;32;8;-1;-1;3977;3976;3978;1016;1016;[PV3] Planungsfehler;Risiko;301;E-CMZ Klinikum KL [Teil2 - Alle Fragen];53;classic;PV003;3977;1802;classic;09.09.2025;1;22;;28.08.2025;;1;KUTEJA;1;;;
19630005;5;5;3;;;;;60;15;-1;-1;3978;3977;3980;1017;1017;[PV4] Kostenplanungsfehler (z. B. Vorhabens Budget, Investitionsprogramm, Betriebsbudget, Folgekosten usw.);Risiko;301;E-CMZ Klinikum KL [Teil2 - Alle Fragen];54;classic;PV004;3978;1802;classic;09.09.2025;1;22;;28.08.2025;;1;KUTEJA;1;;;
19630006;9;4;3;;;;;48;12;-1;-1;3980;3978;3975;1018;1018;[PV5] unzureichende Berücksichtigung der Nutzeranforderungen in der Planung ;Risiko;301;E-CMZ Klinikum KL [Teil2 - Alle Fragen];55;classic;PV005;3980;1802;classic;09.09.2025;1;22;;28.08.2025;;1;KUTEJA;1;;;
19629952;15;3;4;;;;;48;12;-1;-1;4026;0;4029;1019;1019;[BB1] Kommunikationsfehler (Verständnisfehler) mit Nutzer;Risiko;301;E-CMZ Klinikum KL [Teil2 - Alle Fragen];1;classic;BB001;4026;1802;classic;09.09.2025;1;22;;28.08.2025;;1;KUTEJA;1;;;
19629955;9;4;4;;;;;64;16;-1;-1;4027;4030;4025;1020;1020;[BB2] Personalwechsel in Schlüsselpositionen intern in der KABEG;Risiko;301;E-CMZ Klinikum KL [Teil2 - Alle Fragen];4;classic;BB004;4027;1802;classic;09.09.2025;1;22;;28.08.2025;;1;KUTEJA;1;;;
19629953;11;3;4;;;;;48;12;-1;-1;4029;4026;4030;1021;1021;[BB1] Nutzer sind ausreichend über das Projekt informiert;Chance;301;E-CMZ Klinikum KL [Teil2 - Alle Fragen];2;classic;BB002;4029;1802;classic;09.09.2025;1;22;;28.08.2025;;1;KUTEJA;1;;;
19629956;16;4;3;;;;;48;12;-1;-1;4025;4027;4024;1022;1022;[BB3] Projektanforderungen ändern sich;Risiko;301;E-CMZ Klinikum KL [Teil2 - Alle Fragen];5;classic;BB005;4025;1802;classic;09.09.2025;1;22;;28.08.2025;;1;KUTEJA;1;;;
19629954;12;4;4;;;;;64;16;-1;-1;4030;4029;4027;1023;1023;"[BB2] Nutzung der Erfahrung der Beteiligten aus den Fachbereichen; Fachbereichsmitarbeiter: innen zu Beteiligten machen und einbeziehen";Chance;301;E-CMZ Klinikum KL [Teil2 - Alle Fragen];3;classic;BB003;4030;1802;classic;09.09.2025;1;22;;28.08.2025;;1;KUTEJA;1;;;
19629957;9;4;3;;;;;48;12;-1;-1;4024;4025;4023;1024;1024;[BB4] Abhängigkeiten der Projektumsetzung von Einzelpersonen;Risiko;301;E-CMZ Klinikum KL [Teil2 - Alle Fragen];6;classic;BB006;4024;1802;classic;09.09.2025;1;22;;28.08.2025;;1;KUTEJA;1;;;
19629958;8;3;2;;;;;24;6;-1;-1;4023;4024;4022;1025;1025;[BB5] veränderte bzw. nicht/besonders wahrgenommene Zuständigkeit;Risiko;301;E-CMZ Klinikum KL [Teil2 - Alle Fragen];7;classic;BB007;4023;1802;classic;09.09.2025;1;22;;28.08.2025;;1;KUTEJA;1;;;
19629959;8;3;3;;;;;36;9;-1;-1;4022;4023;4028;1026;1026;[BB6] neue, überzogene (An-)Forderungen der Nutzer/Partner;Risiko;301;E-CMZ Klinikum KL [Teil2 - Alle Fragen];8;classic;BB008;4022;1802;classic;09.09.2025;1;22;;28.08.2025;;1;KUTEJA;1;;;
19629960;8;3;2;;;;;24;6;-1;-1;4028;4022;4020;1027;1027;[BB7] falsche oder nicht ausgesprochene Erwartungen durch Nutzer, Partner;Risiko;301;E-CMZ Klinikum KL [Teil2 - Alle Fragen];9;classic;BB009;4028;1802;classic;09.09.2025;1;22;;28.08.2025;;1;KUTEJA;1;;;
19629987;8;4;3;;;;;48;12;-1;-1;3995;4001;3992;1028;1028;[PO1] Langwierige Entscheidungsfindung;Risiko;301;E-CMZ Klinikum KL [Teil2 - Alle Fragen];36;classic;PO001;3995;1802;classic;09.09.2025;1;22;;28.08.2025;;1;KUTEJA;1;;;
19629988;6;2;2;;;;;16;4;-1;-1;3992;3995;3993;1029;1029;[PO2] Nicht vorhandene bzw. nicht kommunizierte QM-Standards;Risiko;301;E-CMZ Klinikum KL [Teil2 - Alle Fragen];37;classic;PO002;3992;1802;classic;09.09.2025;1;22;;28.08.2025;;1;KUTEJA;1;;;
19629989;11;3;3;;;;;36;9;-1;-1;3993;3992;3994;1030;1030;[PO3] fehlende selbständige interne Koordination (Informationsweitergabe) der Fachabteilung;Risiko;301;E-CMZ Klinikum KL [Teil2 - Alle Fragen];38;classic;PO003;3993;1802;classic;09.09.2025;1;22;;28.08.2025;;1;KUTEJA;1;;;
19629990;10;4;4;;;;;64;16;-1;-1;3994;3993;3988;1031;1031;[PO4] Wechsel wesentlicher Schlüsselpersonen für die Umsetzung/Verantwortlicher im Projektteam (z. B. Projektleitung, Nutzer, Planer, Auftraggeber, Verantwortungsträger in einzelnen Bereichen z. B. Technik), Know-How-Träger stehen nicht zur Verfügung / Veränderung in den Entscheidungsstrukturen;Risiko;301;E-CMZ Klinikum KL [Teil2 - Alle Fragen];39;classic;PO004;3994;1802;classic;09.09.2025;1;22;;28.08.2025;;1;KUTEJA;1;;;
19629969;15;4;3;;;;;48;12;-1;-1;4013;4015;4012;1032;1032;[PA1] Kommunikationsfehler mit ausführenden Auftragnehmern (Betriebsführung, Instandhaltung);Risiko;301;E-CMZ Klinikum KL [Teil2 - Alle Fragen];18;classic;PA001;4013;1802;classic;09.09.2025;1;22;;28.08.2025;;1;KUTEJA;1;;;
19629970;8;3;2;;;;;24;6;-1;-1;4012;4013;4005;1033;1033;[PA2] Ressourcenverfügbarkeit bei ausführenden Auftragnehmern nicht vorhanden;Risiko;301;E-CMZ Klinikum KL [Teil2 - Alle Fragen];19;classic;PA002;4012;1802;classic;09.09.2025;1;22;;28.08.2025;;1;KUTEJA;1;;;
19629971;8;4;2;;;;;32;8;-1;-1;4005;4012;4011;1034;1034;[PA3] Planung ungenau oder nicht vollständig;Risiko;301;E-CMZ Klinikum KL [Teil2 - Alle Fragen];20;classic;PA003;4005;1802;classic;09.09.2025;1;22;;28.08.2025;;1;KUTEJA;1;;;
19629972;8;3;3;;;;;36;9;-1;-1;4011;4005;4010;1035;1035;[PA4] Ausschreibung fehlerhaft;Risiko;301;E-CMZ Klinikum KL [Teil2 - Alle Fragen];21;classic;PA004;4011;1802;classic;09.09.2025;1;22;;28.08.2025;;1;KUTEJA;1;;;
19629973;8;4;2;;;;;32;8;-1;-1;4010;4011;4009;1036;1036;[PA5] Projektdokumentation nicht vollständig bzw. nicht vorhanden;Risiko;301;E-CMZ Klinikum KL [Teil2 - Alle Fragen];22;classic;PA005;4010;1802;classic;09.09.2025;1;22;;28.08.2025;;1;KUTEJA;1;;;
19629974;9;4;3;;;;;48;12;-1;-1;4009;4010;4008;1037;1037;[PA6] Übergabedokumentation nicht vollständig bzw. nicht vorhanden;Risiko;301;E-CMZ Klinikum KL [Teil2 - Alle Fragen];23;classic;PA006;4009;1802;classic;09.09.2025;1;22;;28.08.2025;;1;KUTEJA;1;;;
19629975;20;4;5;;;;;80;20;-1;-1;4008;4009;4007;1038;1038;[PA7] Lange Projektdauer;Risiko;301;E-CMZ Klinikum KL [Teil2 - Alle Fragen];24;classic;PA007;4008;1802;classic;09.09.2025;1;22;;28.08.2025;;1;KUTEJA;1;;;
19629976;7;4;4;;;;;64;16;-1;-1;4007;4008;4006;1039;1039;[PA8] Vorgegebene Laufzeiten und Fristen sind nicht berücksichtigt (Beschlussfassung Aufsichtsrat, Einreichung Landesrechnungshof, Ausschreibungsverfahren uvm.);Risiko;301;E-CMZ Klinikum KL [Teil2 - Alle Fragen];25;classic;PA008;4007;1802;classic;09.09.2025;1;22;;28.08.2025;;1;KUTEJA;1;;;
19629977;8;4;4;;;;;64;16;-1;-1;4006;4007;3998;1040;1040;[PA9] verzögerte Freigabe von Planungsschritten und Genehmigungschritten;Risiko;301;E-CMZ Klinikum KL [Teil2 - Alle Fragen];26;classic;PA009;4006;1802;classic;09.09.2025;1;22;;28.08.2025;;1;KUTEJA;1;;;
19629978;6;3;3;;;;;36;9;-1;-1;3998;4006;4002;1041;1041;[PF1] Folgekostenermittlung nicht transparent;Risiko;301;E-CMZ Klinikum KL [Teil2 - Alle Fragen];27;classic;PF001;3998;1802;classic;09.09.2025;1;22;;28.08.2025;;1;KUTEJA;1;;;
19650959;9;4;4;;;;;64;16;-1;-1;3986;3985;3987;1000;1000;[PU6] Projektfortschritt bzw. -laufzeiten können nicht eingehalten werden;Risiko;301;E-CMZ Klinikum KL [Teil2 - Alle Fragen];49;classic;PU010;3986;1861;classic;08.10.2025;1;407;;;;1;ROLLJ;1;;;
19650964;14;4;4;;;;;64;16;-1;-1;3987;3986;3979;1001;1001;[PU7] keine Realisierungsentscheidung auf Grund fehlender finanzieller Mittel;Risiko;301;E-CMZ Klinikum KL [Teil2 - Alle Fragen];50;classic;PU011;3987;1861;classic;08.10.2025;1;407;;;;1;ROLLJ;1;;;
19650769;32;3;3;;;;;36;9;-1;-1;4016;4020;4021;1002;1002;[ÖU1] Umwelteinflüsse können Projekt behindern oder beeinflussen;Risiko;301;E-CMZ Klinikum KL [Teil2 - Alle Fragen];11;classic;ÖU002;4016;1861;classic;08.10.2025;1;407;;;;1;ROLLJ;1;;;
19650779;32;4;4;;;;;64;16;-1;-1;4019;4021;4018;1003;1003;[ÖU2] Lärm- und Staubbelästigung während der Bauphase und somit Einfluss auf die Patient: innen und Mitarbeiter: innen in den umliegenden Gebäude(-teile) ==> Nähe Notfallaufnahme ==> zentraler Verkehrsknotenpunkt;Risiko;301;E-CMZ Klinikum KL [Teil2 - Alle Fragen];13;classic;ÖU004;4019;1861;classic;08.10.2025;1;407;;;;1;ROLLJ;1;;;
19650764;20;4;4;;;;;64;16;-1;-1;4020;4028;4016;1004;1004;[ÖU1] Integration ressourcenschonender Energienutzungsmodelle in die Projektplanung (Alternativenergie, Passivhausstandard, Kühlung/Energiespeicherung durch Grundwasser, Photovoltaik (z. B. in Fassade integrieren oder am Dach), Erdwärme, Sonnenschutz - starke Lamellen, Fassadenfarbe, Niedertemperatur Heiz-Kühlsystem (Baukernaktivierung,  usw.);Chance;301;E-CMZ Klinikum KL [Teil2 - Alle Fragen];10;classic;ÖU001;4020;1861;classic;08.10.2025;1;407;;;;1;ROLLJ;1;;;
19650784;12;4;4;;;;;64;16;-1;-1;4018;4019;4017;1005;1005;[ÖU3] Erschütterungen während der Bauphase (Beeinflusst Medizin-und Labortechnik);Risiko;301;E-CMZ Klinikum KL [Teil2 - Alle Fragen];14;classic;ÖU005;4018;1861;classic;08.10.2025;1;407;;;;1;ROLLJ;1;;;
19650789;13;4;4;;;;;64;16;-1;-1;4017;4018;4014;1006;1006;[ÖU4] Verunreinigung angrenzender Gebäude;Risiko;301;E-CMZ Klinikum KL [Teil2 - Alle Fragen];15;classic;ÖU006;4017;1861;classic;08.10.2025;1;407;;;;1;ROLLJ;1;;;
19650794;97;3;3;;;;;36;9;-1;-1;4014;4017;4015;1007;1007;[ÖU5] Verunreinigung des Grundwasser;Risiko;301;E-CMZ Klinikum KL [Teil2 - Alle Fragen];16;classic;ÖU007;4014;1861;classic;08.10.2025;1;407;;;;1;ROLLJ;1;;;
19650799;27;4;4;;;;;64;16;-1;-1;4015;4014;4013;1008;1008;[ÖU6] unkontrollierter Wassereintritt;Risiko;301;E-CMZ Klinikum KL [Teil2 - Alle Fragen];17;classic;ÖU008;4015;1861;classic;08.10.2025;1;407;;;;1;ROLLJ;1;;;
19650774;20;;;;;;;;;-1;-1;4021;4016;4019;1009;1009;[ÖU2] Förderungen auf Grund der Neubausituation lukrieren;Chance;301;E-CMZ Klinikum KL [Teil2 - Alle Fragen];12;classic;ÖU003;4021;1861;classic;08.10.2025;1;407;;;;1;ROLLJ;-1;;;
19650994;11;4;4;;;;;64;16;-1;-1;3975;3980;3974;1010;1010;[RA1] Verzögerungen in diversen Vergabeverfahren (Einsprüche) vor allem bei Schlüsselgewerken;Risiko;301;E-CMZ Klinikum KL [Teil2 - Alle Fragen];56;classic;RA001;3975;1861;classic;08.10.2025;1;407;;;;1;ROLLJ;1;;;
19650999;11;;;;;;;;;-1;-1;3974;3975;3970;1011;1011;[RA3] negative Stellungnahme durch den Landesrechnungshof;Risiko;301;E-CMZ Klinikum KL [Teil2 - Alle Fragen];57;classic;RA002;3974;1861;classic;08.10.2025;1;407;;;;1;ROLLJ;-1;;;
19651059;16;4;4;;;;;64;16;-1;-1;3962;3963;3961;1012;1012;[UV1] veränderte Marktentwicklung;Risiko;301;E-CMZ Klinikum KL [Teil2 - Alle Fragen];69;classic;UV001;3962;1861;classic;08.10.2025;1;407;;;;1;ROLLJ;1;;;
19651064;28;4;4;;;;;64;16;-1;-1;3961;3962;0;1013;1013;[UV2] Änderung/Reduktion der/des medizinischen Leistungsplanung/-spektrums/-angebotsplanung bis zur Inbetriebnahme;Risiko;301;E-CMZ Klinikum KL [Teil2 - Alle Fragen];70;classic;UV002;3961;1861;classic;08.10.2025;1;407;;;;1;ROLLJ;1;;;
19650969;30;4;4;;;;;64;16;-1;-1;3979;3987;3976;1014;1014;[PV1] Enger Kostenrahmen, keine vollständige finanzielle Deckung vorhanden;Risiko;301;E-CMZ Klinikum KL [Teil2 - Alle Fragen];51;classic;PV001;3979;1861;classic;08.10.2025;1;407;;;;1;ROLLJ;1;;;
19650974;8;4;4;;;;;64;16;-1;-1;3976;3979;3977;1015;1015;[PV2] Zu eng gesetzter Projektterminplan;Risiko;301;E-CMZ Klinikum KL [Teil2 - Alle Fragen];52;classic;PV002;3976;1861;classic;08.10.2025;1;407;;;;1;ROLLJ;1;;;
19650979;6;4;4;;;;;64;16;-1;-1;3977;3976;3978;1016;1016;[PV3] Planungsfehler;Risiko;301;E-CMZ Klinikum KL [Teil2 - Alle Fragen];53;classic;PV003;3977;1861;classic;08.10.2025;1;407;;;;1;ROLLJ;1;;;
19650984;11;4;4;;;;;64;16;-1;-1;3978;3977;3980;1017;1017;[PV4] Kostenplanungsfehler (z. B. Vorhabens Budget, Investitionsprogramm, Betriebsbudget, Folgekosten usw.);Risiko;301;E-CMZ Klinikum KL [Teil2 - Alle Fragen];54;classic;PV004;3978;1861;classic;08.10.2025;1;407;;;;1;ROLLJ;1;;;
19650989;25;4;3;;;;;48;12;-1;-1;3980;3978;3975;1018;1018;[PV5] unzureichende Berücksichtigung der Nutzeranforderungen in der Planung ;Risiko;301;E-CMZ Klinikum KL [Teil2 - Alle Fragen];55;classic;PV005;3980;1861;classic;08.10.2025;1;407;;;;1;ROLLJ;1;;;
19650719;93;3;3;;;;;36;9;-1;-1;4026;0;4029;1019;1019;[BB1] Kommunikationsfehler (Verständnisfehler) mit Nutzer;Risiko;301;E-CMZ Klinikum KL [Teil2 - Alle Fragen];1;classic;BB001;4026;1861;classic;08.10.2025;1;407;;;;1;ROLLJ;1;;;
19650734;26;3;4;;;;;48;12;-1;-1;4027;4030;4025;1020;1020;[BB2] Personalwechsel in Schlüsselpositionen intern in der KABEG;Risiko;301;E-CMZ Klinikum KL [Teil2 - Alle Fragen];4;classic;BB004;4027;1861;classic;08.10.2025;1;407;;;;1;ROLLJ;1;;;
19650724;37;4;4;;;;;64;16;-1;-1;4029;4026;4030;1021;1021;[BB1] Nutzer sind ausreichend über das Projekt informiert;Chance;301;E-CMZ Klinikum KL [Teil2 - Alle Fragen];2;classic;BB002;4029;1861;classic;08.10.2025;1;407;;;;1;ROLLJ;1;;;
19650739;21;3;4;;;;;48;12;-1;-1;4025;4027;4024;1022;1022;[BB3] Projektanforderungen ändern sich;Risiko;301;E-CMZ Klinikum KL [Teil2 - Alle Fragen];5;classic;BB005;4025;1861;classic;08.10.2025;1;407;;;;1;ROLLJ;1;;;
19650729;30;4;4;;;;;64;16;-1;-1;4030;4029;4027;1023;1023;"[BB2] Nutzung der Erfahrung der Beteiligten aus den Fachbereichen; Fachbereichsmitarbeiter: innen zu Beteiligten machen und einbeziehen";Chance;301;E-CMZ Klinikum KL [Teil2 - Alle Fragen];3;classic;BB003;4030;1861;classic;08.10.2025;1;407;;;;1;ROLLJ;1;;;
19650744;123;3;3;;;;;36;9;-1;-1;4024;4025;4023;1024;1024;[BB4] Abhängigkeiten der Projektumsetzung von Einzelpersonen;Risiko;301;E-CMZ Klinikum KL [Teil2 - Alle Fragen];6;classic;BB006;4024;1861;classic;08.10.2025;1;407;;;;1;ROLLJ;1;;;
19650749;36;4;3;;;;;48;12;-1;-1;4023;4024;4022;1025;1025;[BB5] veränderte bzw. nicht/besonders wahrgenommene Zuständigkeit;Risiko;301;E-CMZ Klinikum KL [Teil2 - Alle Fragen];7;classic;BB007;4023;1861;classic;08.10.2025;1;407;;;;1;ROLLJ;1;;;
19650754;24;4;4;;;;;64;16;-1;-1;4022;4023;4028;1026;1026;[BB6] neue, überzogene (An-)Forderungen der Nutzer/Partner;Risiko;301;E-CMZ Klinikum KL [Teil2 - Alle Fragen];8;classic;BB008;4022;1861;classic;08.10.2025;1;407;;;;1;ROLLJ;1;;;
19650759;9;4;4;;;;;64;16;-1;-1;4028;4022;4020;1027;1027;[BB7] falsche oder nicht ausgesprochene Erwartungen durch Nutzer, Partner;Risiko;301;E-CMZ Klinikum KL [Teil2 - Alle Fragen];9;classic;BB009;4028;1861;classic;08.10.2025;1;407;;;;1;ROLLJ;1;;;
19629981;6;3;4;;;;;48;12;-1;-1;4004;4003;3999;1042;1042;[PF2] Betriebsorganisationskonzept nicht gelöst;Risiko;301;E-CMZ Klinikum KL [Teil2 - Alle Fragen];30;classic;PF004;4004;1802;classic;09.09.2025;1;22;;28.08.2025;;1;KUTEJA;1;;;
19629983;15;4;2;;;;;32;8;-1;-1;3997;3999;3996;1043;1043;[PF3] unerfüllbare Erwartungshaltung an Auftragnehmer;Risiko;301;E-CMZ Klinikum KL [Teil2 - Alle Fragen];32;classic;PF006;3997;1802;classic;09.09.2025;1;22;;28.08.2025;;1;KUTEJA;1;;;
19629984;8;4;2;;;;;32;8;-1;-1;3996;3997;4000;1044;1044;[PF4] einschneidende organisatorische Veränderungen im Betrieb;Risiko;301;E-CMZ Klinikum KL [Teil2 - Alle Fragen];33;classic;PF007;3996;1802;classic;09.09.2025;1;22;;28.08.2025;;1;KUTEJA;1;;;
19629985;16;3;4;;;;;48;12;-1;-1;4000;3996;4001;1045;1045;[PF5] personelle Veränderungen (innerhalb der Auftraggeber Organisation) groß;Risiko;301;E-CMZ Klinikum KL [Teil2 - Alle Fragen];34;classic;PF008;4000;1802;classic;09.09.2025;1;22;;28.08.2025;;1;KUTEJA;1;;;
19629979;9;3;3;;;;;36;9;-1;-1;4002;3998;4003;1046;1046;[PF1] Harmonisierung unterschiedlicher Standards und Umsetzungsgrade in prozessübergreifenden Managementsystemen (z. B.  Qualitäts- und Risikomanagement, ISMS, Compliance) und anderen Systemen;Chance;301;E-CMZ Klinikum KL [Teil2 - Alle Fragen];28;classic;PF002;4002;1802;classic;09.09.2025;1;22;;28.08.2025;;1;KUTEJA;1;;;
19629980;4;2;3;;;;;24;6;-1;-1;4003;4002;4004;1047;1047;[PF2] Baufeldfreimachung für zukünftige Projekte;Chance;301;E-CMZ Klinikum KL [Teil2 - Alle Fragen];29;classic;PF003;4003;1802;classic;09.09.2025;1;22;;28.08.2025;;1;KUTEJA;1;;;
19629986;6;4;3;;;;;48;12;-1;-1;4001;4000;3995;1048;1048;[PF6] keine ausreichende Berücksichtigung der Schnittstellen zwischen Projekt und laufendem Betrieb (technisch);Risiko;301;E-CMZ Klinikum KL [Teil2 - Alle Fragen];35;classic;PF009;4001;1802;classic;09.09.2025;1;22;;28.08.2025;;1;KUTEJA;1;;;
19629982;13;4;3;;;;;48;12;-1;-1;3999;4004;3997;1049;1049;[PF3] Adaptierung/Modernisierung der räumlichen Strukturen an die Anforderungen des Versorgungsauftrags sowie an die Anforderungen der betroffenen Primär- und Sekundärversorgungsbereiche;Chance;301;E-CMZ Klinikum KL [Teil2 - Alle Fragen];31;classic;PF005;3999;1802;classic;09.09.2025;1;22;;28.08.2025;;1;KUTEJA;1;;;
19630009;5;2;2;;;;;16;4;-1;-1;3970;3974;3973;1050;1050;[SI1] Sperre von Bereichen in der Tiefgarage (Technik für die BRV Anlage fehlt während der Bauphase);Risiko;301;E-CMZ Klinikum KL [Teil2 - Alle Fragen];58;classic;SI001;3970;1802;classic;09.09.2025;1;22;;28.08.2025;;1;KUTEJA;1;;;
19630011;9;4;4;;;;;64;16;-1;-1;3972;3973;3971;1051;1051;[SI2] Patienten mit Infektion werden separiert geführt;Chance;301;E-CMZ Klinikum KL [Teil2 - Alle Fragen];60;classic;SI003;3972;1802;classic;09.09.2025;1;22;;28.08.2025;;1;KUTEJA;1;;;
19630012;13;4;2;;;;;32;8;-1;-1;3971;3972;3966;1052;1052;[SI3] Steigerung der Sicherheit von Patient: innen, Mitarbeiter: innen und Dritter;Chance;301;E-CMZ Klinikum KL [Teil2 - Alle Fragen];61;classic;SI004;3971;1802;classic;09.09.2025;1;22;;28.08.2025;;1;KUTEJA;1;;;
19630010;9;3;4;;;;;48;12;-1;-1;3973;3970;3972;1053;1053;[SI2] keine ausreichende Einbindung und Information der Sicherheitsbeauftragten über sicherheitsrelevante Faktoren;Risiko;301;E-CMZ Klinikum KL [Teil2 - Alle Fragen];59;classic;SI002;3973;1802;classic;09.09.2025;1;22;;28.08.2025;;1;KUTEJA;1;;;
19630013;6;4;4;;;;;64;16;-1;-1;3966;3971;3964;1054;1054;[TE1] Auswirkung an angrenzende Bereiche (befinden sich daneben, darüber, darunter);Risiko;301;E-CMZ Klinikum KL [Teil2 - Alle Fragen];62;classic;TE001;3966;1802;classic;09.09.2025;1;22;;28.08.2025;;1;KUTEJA;1;;;
19630014;5;2;2;;;;;16;4;-1;-1;3964;3966;3965;1055;1055;[TE1] Verbesserung der technischen Betriebssicherheit;Chance;301;E-CMZ Klinikum KL [Teil2 - Alle Fragen];63;classic;TE002;3964;1802;classic;09.09.2025;1;22;;28.08.2025;;1;KUTEJA;1;;;
19630016;5;2;2;;;;;16;4;-1;-1;3969;3965;3967;1056;1056;[TE2] Zusammenführung, Anbindung (BMA, GLT, FTS, Zutritt usw.) , Harmonisierung struktureller und technischer Standards und deren Auslegung (alt/neu) ==> Implementierung aktueller Haus- und Betriebstechnik;Chance;301;E-CMZ Klinikum KL [Teil2 - Alle Fragen];65;classic;TE004;3969;1802;classic;09.09.2025;1;22;;28.08.2025;;1;KUTEJA;1;;;
19630017;4;1;2;;;;;8;2;-1;-1;3967;3969;3968;1057;1057;[TE3] Fernwärme/Kälteversorgung für zukünftige Versorgung berücksichtigen (Neuverlegung, Trassenführung);Chance;301;E-CMZ Klinikum KL [Teil2 - Alle Fragen];66;classic;TE005;3967;1802;classic;09.09.2025;1;22;;28.08.2025;;1;KUTEJA;1;;;
19630018;4;3;3;;;;;36;9;-1;-1;3968;3967;3963;1058;1058;[TE4] Kollektorgänge für zukünftige Erweiterungen vorbereitet (Onkozentrum);Chance;301;E-CMZ Klinikum KL [Teil2 - Alle Fragen];67;classic;TE006;3968;1802;classic;09.09.2025;1;22;;28.08.2025;;1;KUTEJA;1;;;
19630015;6;2;2;;;;;16;4;-1;-1;3965;3964;3969;1059;1059;[TE2] IT- und MT-Schnittstellenproblematiken zwischen den Einrichtungen werden nicht ausreichend berücksichtigt;Risiko;301;E-CMZ Klinikum KL [Teil2 - Alle Fragen];64;classic;TE003;3965;1802;classic;09.09.2025;1;22;;28.08.2025;;1;KUTEJA;1;;;
19630019;15;3;3;;;;;36;9;-1;-1;3963;3968;3962;1060;1060;[TE5] Business Continuity in Ableitung von der Unternehmensstrategie zu diesem Thema konzeptionell und in der Projektplanung vorsehen ;Chance;301;E-CMZ Klinikum KL [Teil2 - Alle Fragen];68;classic;TE007;3963;1802;classic;09.09.2025;1;22;;28.08.2025;;1;KUTEJA;1;;;
19630915;18;4;3;;;;;48;12;-1;-1;3981;3988;3982;991;991;[PU1] Konflikte mit anderen Projekten (nicht nur Bauprojekte) oder mit dem laufenden Betrieb;Risiko;301;E-CMZ Klinikum KL [Teil2 - Alle Fragen];41;classic;PU002;3981;1832;classic;22.09.2025;1;1101;;28.08.2025;;1;KREUZH;1;;;
19630916;11;4;3;;;;;48;12;-1;-1;3982;3981;3989;992;992;[PU2] Politisch Einfluss auf das Projekt zu erwarten (bedeutender Projektinhalt);Risiko;301;E-CMZ Klinikum KL [Teil2 - Alle Fragen];42;classic;PU003;3982;1832;classic;22.09.2025;1;1101;;28.08.2025;;1;KREUZH;1;;;
19630919;8;2;3;;;;;24;6;-1;-1;3983;3990;3991;993;993;[PU3] Widerstand und Einfluss von innen (Abteilungen, Stationen …);Risiko;301;E-CMZ Klinikum KL [Teil2 - Alle Fragen];45;classic;PU006;3983;1832;classic;22.09.2025;1;1101;;28.08.2025;;1;KREUZH;1;;;
19630921;8;4;3;;;;;48;12;-1;-1;3984;3991;3985;994;994;[PU4] Widerstand und Einfluss von außen (z.B. Anrainer …);Risiko;301;E-CMZ Klinikum KL [Teil2 - Alle Fragen];47;classic;PU008;3984;1832;classic;22.09.2025;1;1101;;28.08.2025;;1;KREUZH;1;;;
19630922;10;4;2;;;;;32;8;-1;-1;3985;3984;3986;995;995;[PU5] Bei Inbetriebnahme keine Kompatibilität der Projektziele mit dem Versorgungsauftrag  (z.B. Betriebsziele, politische Ziele, Umsetzung ÖSG-RSG usw.);Risiko;301;E-CMZ Klinikum KL [Teil2 - Alle Fragen];48;classic;PU009;3985;1832;classic;22.09.2025;1;1101;;28.08.2025;;1;KREUZH;1;;;
19630914;9;4;4;;;;;64;16;-1;-1;3988;3994;3981;996;996;[PU1] Einhaltung aktueller gesetzlicher/betrieblicher Auflagen und Einschränkungen ;Chance;301;E-CMZ Klinikum KL [Teil2 - Alle Fragen];40;classic;PU001;3988;1832;classic;22.09.2025;1;1101;;28.08.2025;;1;KREUZH;1;;;
