"","scenario","type","method1","method2","distance","pValue"
"1","281","IMPACT","classic","area",8.8422,NA
"2","281","OCCURRENCE","classic","area",10.0111,NA
"3","281","IMPACT","classic","center",8.7196,NA
"4","281","OCCURRENCE","classic","center",10.7375,NA
"5","281","IMPACT","classic","centertogrid",8.2857,NA
"6","281","OCCURRENCE","classic","centertogrid",9.4286,NA
"7","281","IMPACT","classic","reachedgrid",7.3421,NA
"8","281","OCCURRENCE","classic","reachedgrid",10.4933,NA
"9","281","IMPACT","classic","weighted",8.9662,NA
"10","281","OCCURRENCE","classic","weighted",10.8971,NA
"11","281","IMPACT","classic","pooling",14.8242,NA
"12","281","OCCURRENCE","classic","pooling",17.7788,NA
"13","281","IMPACT","area","center",1.8733,NA
"14","281","OCCURRENCE","area","center",1.4185,NA
"15","281","IMPACT","area","centertogrid",5.2549,NA
"16","281","OCCURRENCE","area","centertogrid",5.0877,NA
"17","281","IMPACT","area","reachedgrid",5.1033,NA
"18","281","OCCURRENCE","area","reachedgrid",5.1345,NA
"19","281","IMPACT","area","weighted",1.2948,NA
"20","281","OCCURRENCE","area","weighted",1.0935,NA
"21","281","IMPACT","area","pooling",18.7606,NA
"22","281","OCCURRENCE","area","pooling",19.5901,NA
"23","281","IMPACT","center","centertogrid",4.8518,NA
"24","281","OCCURRENCE","center","centertogrid",4.9161,NA
"25","281","IMPACT","center","reachedgrid",5.3456,NA
"26","281","OCCURRENCE","center","reachedgrid",5.197,NA
"27","281","IMPACT","center","weighted",1.646,NA
"28","281","OCCURRENCE","center","weighted",1.2646,NA
"29","281","IMPACT","center","pooling",17.7793,NA
"30","281","OCCURRENCE","center","pooling",19.6868,NA
"31","281","IMPACT","centertogrid","reachedgrid",2.1391,NA
"32","281","OCCURRENCE","centertogrid","reachedgrid",2.4664,NA
"33","281","IMPACT","centertogrid","weighted",5.1121,NA
"34","281","OCCURRENCE","centertogrid","weighted",5.1515,NA
"35","281","IMPACT","centertogrid","pooling",19.1217,NA
"36","281","OCCURRENCE","centertogrid","pooling",19.3277,NA
"37","281","IMPACT","reachedgrid","weighted",5.3363,NA
"38","281","OCCURRENCE","reachedgrid","weighted",5.076,NA
"39","281","IMPACT","reachedgrid","pooling",19.9765,NA
"40","281","OCCURRENCE","reachedgrid","pooling",19.2194,NA
"41","281","IMPACT","weighted","pooling",17.9884,NA
"42","281","OCCURRENCE","weighted","pooling",19.915,NA
"43","282","IMPACT","classic","area",6.0023,NA
"44","282","OCCURRENCE","classic","area",6.7739,NA
"45","282","IMPACT","classic","center",5.1007,NA
"46","282","OCCURRENCE","classic","center",6.1042,NA
"47","282","IMPACT","classic","centertogrid",2.5,NA
"48","282","OCCURRENCE","classic","centertogrid",5,NA
"49","282","IMPACT","classic","reachedgrid",3.9135,NA
"50","282","OCCURRENCE","classic","reachedgrid",5.8454,NA
"51","282","IMPACT","classic","weighted",5.716,NA
"52","282","OCCURRENCE","classic","weighted",6.3604,NA
"53","282","IMPACT","classic","pooling",15.7828,NA
"54","282","OCCURRENCE","classic","pooling",18.0539,NA
"55","282","IMPACT","area","center",3.7938,NA
"56","282","OCCURRENCE","area","center",2.1052,NA
"57","282","IMPACT","area","centertogrid",5.8455,NA
"58","282","OCCURRENCE","area","centertogrid",4.8069,NA
"59","282","IMPACT","area","reachedgrid",4.9226,NA
"60","282","OCCURRENCE","area","reachedgrid",4.698,NA
"61","282","IMPACT","area","weighted",3.2047,NA
"62","282","OCCURRENCE","area","weighted",1.1353,NA
"63","282","IMPACT","area","pooling",19.2549,NA
"64","282","OCCURRENCE","area","pooling",18.8052,NA
"65","282","IMPACT","center","centertogrid",4.5104,NA
"66","282","OCCURRENCE","center","centertogrid",3.7812,NA
"67","282","IMPACT","center","reachedgrid",5.617,NA
"68","282","OCCURRENCE","center","reachedgrid",4.1742,NA
"69","282","IMPACT","center","weighted",1.2389,NA
"70","282","OCCURRENCE","center","weighted",1.5629,NA
"71","282","IMPACT","center","pooling",16.5374,NA
"72","282","OCCURRENCE","center","pooling",19.0608,NA
"73","282","IMPACT","centertogrid","reachedgrid",3.3122,NA
"74","282","OCCURRENCE","centertogrid","reachedgrid",1.6908,NA
"75","282","IMPACT","centertogrid","weighted",5.0279,NA
"76","282","OCCURRENCE","centertogrid","weighted",4.618,NA
"77","282","IMPACT","centertogrid","pooling",16.8458,NA
"78","282","OCCURRENCE","centertogrid","pooling",18.8059,NA
"79","282","IMPACT","reachedgrid","weighted",5.4246,NA
"80","282","OCCURRENCE","reachedgrid","weighted",4.7214,NA
"81","282","IMPACT","reachedgrid","pooling",19.6468,NA
"82","282","OCCURRENCE","reachedgrid","pooling",19.8363,NA
"83","282","IMPACT","weighted","pooling",17.4696,NA
"84","282","OCCURRENCE","weighted","pooling",19.0207,NA
"85","283","IMPACT","classic","area",7.3327,NA
"86","283","OCCURRENCE","classic","area",11.5711,NA
"87","283","IMPACT","classic","center",6.6389,NA
"88","283","OCCURRENCE","classic","center",10.5087,NA
"89","283","IMPACT","classic","centertogrid",4.1197,NA
"90","283","OCCURRENCE","classic","centertogrid",10,NA
"91","283","IMPACT","classic","reachedgrid",6.9969,NA
"92","283","OCCURRENCE","classic","reachedgrid",10.1836,NA
"93","283","IMPACT","classic","weighted",6.2175,NA
"94","283","OCCURRENCE","classic","weighted",11.7041,NA
"95","283","IMPACT","classic","pooling",12.8552,NA
"96","283","OCCURRENCE","classic","pooling",14.8855,NA
"97","283","IMPACT","area","center",3.5248,NA
"98","283","OCCURRENCE","area","center",2.3731,NA
"99","283","IMPACT","area","centertogrid",5.7222,NA
"100","283","OCCURRENCE","area","centertogrid",5.0503,NA
"101","283","IMPACT","area","reachedgrid",4.9537,NA
"102","283","OCCURRENCE","area","reachedgrid",4.8856,NA
"103","283","IMPACT","area","weighted",2.634,NA
"104","283","OCCURRENCE","area","weighted",0.5441,NA
"105","283","IMPACT","area","pooling",18.7278,NA
"106","283","OCCURRENCE","area","pooling",21.1005,NA
"107","283","IMPACT","center","centertogrid",5.2956,NA
"108","283","OCCURRENCE","center","centertogrid",3.842,NA
"109","283","IMPACT","center","reachedgrid",6.4047,NA
"110","283","OCCURRENCE","center","reachedgrid",4.1628,NA
"111","283","IMPACT","center","weighted",2.8008,NA
"112","283","OCCURRENCE","center","weighted",2.437,NA
"113","283","IMPACT","center","pooling",16.3434,NA
"114","283","OCCURRENCE","center","pooling",20.8568,NA
"115","283","IMPACT","centertogrid","reachedgrid",3.2244,NA
"116","283","OCCURRENCE","centertogrid","reachedgrid",2.0725,NA
"117","283","IMPACT","centertogrid","weighted",5.3852,NA
"118","283","OCCURRENCE","centertogrid","weighted",5.0431,NA
"119","283","IMPACT","centertogrid","pooling",16.4657,NA
"120","283","OCCURRENCE","centertogrid","pooling",21.1069,NA
"121","283","IMPACT","reachedgrid","weighted",5.5168,NA
"122","283","OCCURRENCE","reachedgrid","weighted",4.9714,NA
"123","283","IMPACT","reachedgrid","pooling",19.3863,NA
"124","283","OCCURRENCE","reachedgrid","pooling",21.8062,NA
"125","283","IMPACT","weighted","pooling",17.3956,NA
"126","283","OCCURRENCE","weighted","pooling",21.269,NA
"127","284","IMPACT","classic","area",7.1215,NA
"128","284","OCCURRENCE","classic","area",8.9251,NA
"129","284","IMPACT","classic","center",5.2143,NA
"130","284","OCCURRENCE","classic","center",9.5536,NA
"131","284","IMPACT","classic","centertogrid",4,NA
"132","284","OCCURRENCE","classic","centertogrid",8.5714,NA
"133","284","IMPACT","classic","reachedgrid",6.0381,NA
"134","284","OCCURRENCE","classic","reachedgrid",8.3971,NA
"135","284","IMPACT","classic","weighted",6.6252,NA
"136","284","OCCURRENCE","classic","weighted",9.3931,NA
"137","284","IMPACT","classic","pooling",13.3567,NA
"138","284","OCCURRENCE","classic","pooling",15.8677,NA
"139","284","IMPACT","area","center",3.208,NA
"140","284","OCCURRENCE","area","center",1.4533,NA
"141","284","IMPACT","area","centertogrid",5.2964,NA
"142","284","OCCURRENCE","area","centertogrid",5.0207,NA
"143","284","IMPACT","area","reachedgrid",4.8109,NA
"144","284","OCCURRENCE","area","reachedgrid",5.0914,NA
"145","284","IMPACT","area","weighted",2.2838,NA
"146","284","OCCURRENCE","area","weighted",0.8869,NA
"147","284","IMPACT","area","pooling",19.5144,NA
"148","284","OCCURRENCE","area","pooling",21.5391,NA
"149","284","IMPACT","center","centertogrid",4.4429,NA
"150","284","OCCURRENCE","center","centertogrid",4.5571,NA
"151","284","IMPACT","center","reachedgrid",5.2719,NA
"152","284","OCCURRENCE","center","reachedgrid",4.8981,NA
"153","284","IMPACT","center","weighted",3.1656,NA
"154","284","OCCURRENCE","center","weighted",1.2977,NA
"155","284","IMPACT","center","pooling",16.4982,NA
"156","284","OCCURRENCE","center","pooling",21.8764,NA
"157","284","IMPACT","centertogrid","reachedgrid",2.3429,NA
"158","284","OCCURRENCE","centertogrid","reachedgrid",1.8305,NA
"159","284","IMPACT","centertogrid","weighted",5.2888,NA
"160","284","OCCURRENCE","centertogrid","weighted",4.8314,NA
"161","284","IMPACT","centertogrid","pooling",17.2723,NA
"162","284","OCCURRENCE","centertogrid","pooling",22.2873,NA
"163","284","IMPACT","reachedgrid","weighted",5.3286,NA
"164","284","OCCURRENCE","reachedgrid","weighted",4.879,NA
"165","284","IMPACT","reachedgrid","pooling",19.2977,NA
"166","284","OCCURRENCE","reachedgrid","pooling",20.5317,NA
"167","284","IMPACT","weighted","pooling",18.7986,NA
"168","284","OCCURRENCE","weighted","pooling",21.6715,NA
"169","285","IMPACT","classic","area",11.3041,NA
"170","285","OCCURRENCE","classic","area",12.3578,NA
"171","285","IMPACT","classic","center",8.2518,NA
"172","285","OCCURRENCE","classic","center",12.7993,NA
"173","285","IMPACT","classic","centertogrid",7.8954,NA
"174","285","OCCURRENCE","classic","centertogrid",11.2676,NA
"175","285","IMPACT","classic","reachedgrid",9.3239,NA
"176","285","OCCURRENCE","classic","reachedgrid",11.1665,NA
"177","285","IMPACT","classic","weighted",11.0118,NA
"178","285","OCCURRENCE","classic","weighted",12.4685,NA
"179","285","IMPACT","classic","pooling",12.6402,NA
"180","285","OCCURRENCE","classic","pooling",14.6922,NA
"181","285","IMPACT","area","center",4.9392,NA
"182","285","OCCURRENCE","area","center",1.3074,NA
"183","285","IMPACT","area","centertogrid",6.9066,NA
"184","285","OCCURRENCE","area","centertogrid",4.87,NA
"185","285","IMPACT","area","reachedgrid",5.1344,NA
"186","285","OCCURRENCE","area","reachedgrid",4.8609,NA
"187","285","IMPACT","area","weighted",1.3298,NA
"188","285","OCCURRENCE","area","weighted",0.6254,NA
"189","285","IMPACT","area","pooling",22.9111,NA
"190","285","OCCURRENCE","area","pooling",19.4051,NA
"191","285","IMPACT","center","centertogrid",4.6507,NA
"192","285","OCCURRENCE","center","centertogrid",4.6585,NA
"193","285","IMPACT","center","reachedgrid",5.7984,NA
"194","285","OCCURRENCE","center","reachedgrid",4.7137,NA
"195","285","IMPACT","center","weighted",3.7964,NA
"196","285","OCCURRENCE","center","weighted",1.2887,NA
"197","285","IMPACT","center","pooling",20.0851,NA
"198","285","OCCURRENCE","center","pooling",20.1537,NA
"199","285","IMPACT","centertogrid","reachedgrid",4.1786,NA
"200","285","OCCURRENCE","centertogrid","reachedgrid",0.7512,NA
"201","285","IMPACT","centertogrid","weighted",6.2258,NA
"202","285","OCCURRENCE","centertogrid","weighted",4.9848,NA
"203","285","IMPACT","centertogrid","pooling",20.2241,NA
"204","285","OCCURRENCE","centertogrid","pooling",21.1324,NA
"205","285","IMPACT","reachedgrid","weighted",5.2019,NA
"206","285","OCCURRENCE","reachedgrid","weighted",4.9639,NA
"207","285","IMPACT","reachedgrid","pooling",21.6579,NA
"208","285","OCCURRENCE","reachedgrid","pooling",20.9776,NA
"209","285","IMPACT","weighted","pooling",22.8277,NA
"210","285","OCCURRENCE","weighted","pooling",19.3324,NA
"211","286","IMPACT","classic","area",8.2612,NA
"212","286","OCCURRENCE","classic","area",6.0393,NA
"213","286","IMPACT","classic","center",7.3654,NA
"214","286","OCCURRENCE","classic","center",6.1654,NA
"215","286","IMPACT","classic","centertogrid",6.4615,NA
"216","286","OCCURRENCE","classic","centertogrid",4.9231,NA
"217","286","IMPACT","classic","reachedgrid",6.4615,NA
"218","286","OCCURRENCE","classic","reachedgrid",3.4427,NA
"219","286","IMPACT","classic","weighted",8.3074,NA
"220","286","OCCURRENCE","classic","weighted",5.4268,NA
"221","286","IMPACT","classic","pooling",13.4725,NA
"222","286","OCCURRENCE","classic","pooling",13.5169,NA
"223","286","IMPACT","area","center",2.8747,NA
"224","286","OCCURRENCE","area","center",1.4148,NA
"225","286","IMPACT","area","centertogrid",5.3924,NA
"226","286","OCCURRENCE","area","centertogrid",4.79,NA
"227","286","IMPACT","area","reachedgrid",5.1573,NA
"228","286","OCCURRENCE","area","reachedgrid",4.7563,NA
"229","286","IMPACT","area","weighted",0.9573,NA
"230","286","OCCURRENCE","area","weighted",1.4388,NA
"231","286","IMPACT","area","pooling",19.4403,NA
"232","286","OCCURRENCE","area","pooling",17.9957,NA
"233","286","IMPACT","center","centertogrid",4.5385,NA
"234","286","OCCURRENCE","center","centertogrid",4.4346,NA
"235","286","IMPACT","center","reachedgrid",5.3125,NA
"236","286","OCCURRENCE","center","reachedgrid",4.7008,NA
"237","286","IMPACT","center","weighted",2.553,NA
"238","286","OCCURRENCE","center","weighted",2.0626,NA
"239","286","IMPACT","center","pooling",17.8457,NA
"240","286","OCCURRENCE","center","pooling",18.163,NA
"241","286","IMPACT","centertogrid","reachedgrid",3.4639,NA
"242","286","OCCURRENCE","centertogrid","reachedgrid",1.881,NA
"243","286","IMPACT","centertogrid","weighted",5.3223,NA
"244","286","OCCURRENCE","centertogrid","weighted",5.0786,NA
"245","286","IMPACT","centertogrid","pooling",16.7968,NA
"246","286","OCCURRENCE","centertogrid","pooling",18.3842,NA
"247","286","IMPACT","reachedgrid","weighted",5.0854,NA
"248","286","OCCURRENCE","reachedgrid","weighted",5.1469,NA
"249","286","IMPACT","reachedgrid","pooling",19.8595,NA
"250","286","OCCURRENCE","reachedgrid","pooling",16.9156,NA
"251","286","IMPACT","weighted","pooling",19.8713,NA
"252","286","OCCURRENCE","weighted","pooling",16.7586,NA
"253","289","IMPACT","classic","area",6.9754,NA
"254","289","OCCURRENCE","classic","area",6.9433,NA
"255","289","IMPACT","classic","center",5.5,NA
"256","289","OCCURRENCE","classic","center",8.9835,NA
"257","289","IMPACT","classic","centertogrid",3.5294,NA
"258","289","OCCURRENCE","classic","centertogrid",8.2353,NA
"259","289","IMPACT","classic","reachedgrid",3.8633,NA
"260","289","OCCURRENCE","classic","reachedgrid",7.8256,NA
"261","289","IMPACT","classic","weighted",6.0414,NA
"262","289","OCCURRENCE","classic","weighted",7.5916,NA
"263","289","IMPACT","classic","pooling",18.3156,NA
"264","289","OCCURRENCE","classic","pooling",19.5097,NA
"265","289","IMPACT","area","center",5.3196,NA
"266","289","OCCURRENCE","area","center",3.1674,NA
"267","289","IMPACT","area","centertogrid",6.8301,NA
"268","289","OCCURRENCE","area","centertogrid",5.3511,NA
"269","289","IMPACT","area","reachedgrid",4.9656,NA
"270","289","OCCURRENCE","area","reachedgrid",5.2333,NA
"271","289","IMPACT","area","weighted",1.9516,NA
"272","289","OCCURRENCE","area","weighted",0.9368,NA
"273","289","IMPACT","area","pooling",21.7689,NA
"274","289","OCCURRENCE","area","pooling",20.0474,NA
"275","289","IMPACT","center","centertogrid",4.7574,NA
"276","289","OCCURRENCE","center","centertogrid",4.3327,NA
"277","289","IMPACT","center","reachedgrid",6.0617,NA
"278","289","OCCURRENCE","center","reachedgrid",4.5419,NA
"279","289","IMPACT","center","weighted",3.5679,NA
"280","289","OCCURRENCE","center","weighted",2.4081,NA
"281","289","IMPACT","center","pooling",17.4597,NA
"282","289","OCCURRENCE","center","pooling",19.6058,NA
"283","289","IMPACT","centertogrid","reachedgrid",3.8633,NA
"284","289","OCCURRENCE","centertogrid","reachedgrid",1.208,NA
"285","289","IMPACT","centertogrid","weighted",5.8459,NA
"286","289","OCCURRENCE","centertogrid","weighted",5.1666,NA
"287","289","IMPACT","centertogrid","pooling",19.1887,NA
"288","289","OCCURRENCE","centertogrid","pooling",19.7026,NA
"289","289","IMPACT","reachedgrid","weighted",4.9368,NA
"290","289","OCCURRENCE","reachedgrid","weighted",5.1116,NA
"291","289","IMPACT","reachedgrid","pooling",22.0886,NA
"292","289","OCCURRENCE","reachedgrid","pooling",20.434,NA
"293","289","IMPACT","weighted","pooling",20.2537,NA
"294","289","OCCURRENCE","weighted","pooling",20.2024,NA
"295","295","IMPACT","classic","area",7.5107,NA
"296","295","OCCURRENCE","classic","area",8.408,NA
"297","295","IMPACT","classic","center",5.3733,NA
"298","295","OCCURRENCE","classic","center",8.1747,NA
"299","295","IMPACT","classic","centertogrid",3.8356,NA
"300","295","OCCURRENCE","classic","centertogrid",7.3973,NA
"301","295","IMPACT","classic","reachedgrid",5.863,NA
"302","295","OCCURRENCE","classic","reachedgrid",6.5687,NA
"303","295","IMPACT","classic","weighted",7.4045,NA
"304","295","OCCURRENCE","classic","weighted",7.5503,NA
"305","295","IMPACT","classic","pooling",12.1865,NA
"306","295","OCCURRENCE","classic","pooling",11.7373,NA
"307","295","IMPACT","area","center",4.4547,NA
"308","295","OCCURRENCE","area","center",1.3639,NA
"309","295","IMPACT","area","centertogrid",6.607,NA
"310","295","OCCURRENCE","area","centertogrid",4.8131,NA
"311","295","IMPACT","area","reachedgrid",5.0621,NA
"312","295","OCCURRENCE","area","reachedgrid",4.9509,NA
"313","295","IMPACT","area","weighted",2.3267,NA
"314","295","OCCURRENCE","area","weighted",1.0652,NA
"315","295","IMPACT","area","pooling",17.1645,NA
"316","295","OCCURRENCE","area","pooling",16.3634,NA
"317","295","IMPACT","center","centertogrid",4.4178,NA
"318","295","OCCURRENCE","center","centertogrid",4.25,NA
"319","295","IMPACT","center","reachedgrid",6.3644,NA
"320","295","OCCURRENCE","center","reachedgrid",4.8772,NA
"321","295","IMPACT","center","weighted",2.9285,NA
"322","295","OCCURRENCE","center","weighted",1.309,NA
"323","295","IMPACT","center","pooling",13.4151,NA
"324","295","OCCURRENCE","center","pooling",15.996,NA
"325","295","IMPACT","centertogrid","reachedgrid",3.4155,NA
"326","295","OCCURRENCE","centertogrid","reachedgrid",1.9869,NA
"327","295","IMPACT","centertogrid","weighted",5.8888,NA
"328","295","OCCURRENCE","centertogrid","weighted",4.7833,NA
"329","295","IMPACT","centertogrid","pooling",14.4422,NA
"330","295","OCCURRENCE","centertogrid","pooling",16.7998,NA
"331","295","IMPACT","reachedgrid","weighted",5.2617,NA
"332","295","OCCURRENCE","reachedgrid","weighted",4.7437,NA
"333","295","IMPACT","reachedgrid","pooling",17.1463,NA
"334","295","OCCURRENCE","reachedgrid","pooling",16.9277,NA
"335","295","IMPACT","weighted","pooling",16.2111,NA
"336","295","OCCURRENCE","weighted","pooling",15.7055,NA
"337","296","IMPACT","classic","area",6.451,NA
"338","296","OCCURRENCE","classic","area",10.7294,NA
"339","296","IMPACT","classic","center",6.6375,NA
"340","296","OCCURRENCE","classic","center",10.5607,NA
"341","296","IMPACT","classic","centertogrid",5.7143,NA
"342","296","OCCURRENCE","classic","centertogrid",10.8571,NA
"343","296","IMPACT","classic","reachedgrid",5.8132,NA
"344","296","OCCURRENCE","classic","reachedgrid",9.5541,NA
"345","296","IMPACT","classic","weighted",6.4571,NA
"346","296","OCCURRENCE","classic","weighted",10.0973,NA
"347","296","IMPACT","classic","pooling",19.6821,NA
"348","296","OCCURRENCE","classic","pooling",14.4435,NA
"349","296","IMPACT","area","center",5.0434,NA
"350","296","OCCURRENCE","area","center",1.6328,NA
"351","296","IMPACT","area","centertogrid",7.2974,NA
"352","296","OCCURRENCE","area","centertogrid",5.0802,NA
"353","296","IMPACT","area","reachedgrid",5.2069,NA
"354","296","OCCURRENCE","area","reachedgrid",5.2034,NA
"355","296","IMPACT","area","weighted",2.7114,NA
"356","296","OCCURRENCE","area","weighted",1.2357,NA
"357","296","IMPACT","area","pooling",21.7595,NA
"358","296","OCCURRENCE","area","pooling",19.9483,NA
"359","296","IMPACT","center","centertogrid",4.5232,NA
"360","296","OCCURRENCE","center","centertogrid",4.5214,NA
"361","296","IMPACT","center","reachedgrid",6.6237,NA
"362","296","OCCURRENCE","center","reachedgrid",4.8404,NA
"363","296","IMPACT","center","weighted",3.1209,NA
"364","296","OCCURRENCE","center","weighted",1.3697,NA
"365","296","IMPACT","center","pooling",18.6137,NA
"366","296","OCCURRENCE","center","pooling",20.2988,NA
"367","296","IMPACT","centertogrid","reachedgrid",5.9817,NA
"368","296","OCCURRENCE","centertogrid","reachedgrid",1.6147,NA
"369","296","IMPACT","centertogrid","weighted",6.1795,NA
"370","296","OCCURRENCE","centertogrid","weighted",5.0661,NA
"371","296","IMPACT","centertogrid","pooling",20.3589,NA
"372","296","OCCURRENCE","centertogrid","pooling",20.7767,NA
"373","296","IMPACT","reachedgrid","weighted",5.3709,NA
"374","296","OCCURRENCE","reachedgrid","weighted",5.041,NA
"375","296","IMPACT","reachedgrid","pooling",21.3684,NA
"376","296","OCCURRENCE","reachedgrid","pooling",20.663,NA
"377","296","IMPACT","weighted","pooling",19.7933,NA
"378","296","OCCURRENCE","weighted","pooling",20.4372,NA
"379","298","IMPACT","classic","area",7.1948,NA
"380","298","OCCURRENCE","classic","area",10.5683,NA
"381","298","IMPACT","classic","center",7.7481,NA
"382","298","OCCURRENCE","classic","center",13.1847,NA
"383","298","IMPACT","classic","centertogrid",7.5803,NA
"384","298","OCCURRENCE","classic","centertogrid",13.4328,NA
"385","298","IMPACT","classic","reachedgrid",6.687,NA
"386","298","OCCURRENCE","classic","reachedgrid",11.3123,NA
"387","298","IMPACT","classic","weighted",7.3606,NA
"388","298","OCCURRENCE","classic","weighted",12.8937,NA
"389","298","IMPACT","classic","pooling",15.9251,NA
"390","298","OCCURRENCE","classic","pooling",18.477,NA
"391","298","IMPACT","area","center",2.3331,NA
"392","298","OCCURRENCE","area","center",4.1269,NA
"393","298","IMPACT","area","centertogrid",5.5827,NA
"394","298","OCCURRENCE","area","centertogrid",6.1409,NA
"395","298","IMPACT","area","reachedgrid",5.1751,NA
"396","298","OCCURRENCE","area","reachedgrid",5.1058,NA
"397","298","IMPACT","area","weighted",0.5279,NA
"398","298","OCCURRENCE","area","weighted",3.296,NA
"399","298","IMPACT","area","pooling",20.636,NA
"400","298","OCCURRENCE","area","pooling",18.2147,NA
"401","298","IMPACT","center","centertogrid",4.5488,NA
"402","298","OCCURRENCE","center","centertogrid",4.2444,NA
"403","298","IMPACT","center","reachedgrid",5.4224,NA
"404","298","OCCURRENCE","center","reachedgrid",5.1222,NA
"405","298","IMPACT","center","weighted",2.2945,NA
"406","298","OCCURRENCE","center","weighted",1.6215,NA
"407","298","IMPACT","center","pooling",20.8373,NA
"408","298","OCCURRENCE","center","pooling",17.0697,NA
"409","298","IMPACT","centertogrid","reachedgrid",4.1805,NA
"410","298","OCCURRENCE","centertogrid","reachedgrid",2.6781,NA
"411","298","IMPACT","centertogrid","weighted",5.5812,NA
"412","298","OCCURRENCE","centertogrid","weighted",5.1471,NA
"413","298","IMPACT","centertogrid","pooling",22.0917,NA
"414","298","OCCURRENCE","centertogrid","pooling",17.538,NA
"415","298","IMPACT","reachedgrid","weighted",5.3907,NA
"416","298","OCCURRENCE","reachedgrid","weighted",4.9774,NA
"417","298","IMPACT","reachedgrid","pooling",21.8998,NA
"418","298","OCCURRENCE","reachedgrid","pooling",17.1938,NA
"419","298","IMPACT","weighted","pooling",20.8354,NA
"420","298","OCCURRENCE","weighted","pooling",17.2938,NA
"421","299","IMPACT","classic","area",6.0289,NA
"422","299","OCCURRENCE","classic","area",7.6042,NA
"423","299","IMPACT","classic","center",6.3803,NA
"424","299","OCCURRENCE","classic","center",7.5458,NA
"425","299","IMPACT","classic","centertogrid",5.6338,NA
"426","299","OCCURRENCE","classic","centertogrid",6.4789,NA
"427","299","IMPACT","classic","reachedgrid",5.1758,NA
"428","299","OCCURRENCE","classic","reachedgrid",6.3418,NA
"429","299","IMPACT","classic","weighted",6.3562,NA
"430","299","OCCURRENCE","classic","weighted",7.6784,NA
"431","299","IMPACT","classic","pooling",15.8383,NA
"432","299","OCCURRENCE","classic","pooling",15.2731,NA
"433","299","IMPACT","area","center",4.0385,NA
"434","299","OCCURRENCE","area","center",1.2659,NA
"435","299","IMPACT","area","centertogrid",6.2837,NA
"436","299","OCCURRENCE","area","centertogrid",4.9438,NA
"437","299","IMPACT","area","reachedgrid",5.1526,NA
"438","299","OCCURRENCE","area","reachedgrid",4.8051,NA
"439","299","IMPACT","area","weighted",2.1496,NA
"440","299","OCCURRENCE","area","weighted",1.2077,NA
"441","299","IMPACT","area","pooling",18.9811,NA
"442","299","OCCURRENCE","area","pooling",20.9642,NA
"443","299","IMPACT","center","centertogrid",4.5563,NA
"444","299","OCCURRENCE","center","centertogrid",4.75,NA
"445","299","IMPACT","center","reachedgrid",5.9716,NA
"446","299","OCCURRENCE","center","reachedgrid",5.009,NA
"447","299","IMPACT","center","weighted",2.4806,NA
"448","299","OCCURRENCE","center","weighted",1.914,NA
"449","299","IMPACT","center","pooling",16.2999,NA
"450","299","OCCURRENCE","center","pooling",20.8274,NA
"451","299","IMPACT","centertogrid","reachedgrid",3.4675,NA
"452","299","OCCURRENCE","centertogrid","reachedgrid",1.7574,NA
"453","299","IMPACT","centertogrid","weighted",5.3437,NA
"454","299","OCCURRENCE","centertogrid","weighted",5.3646,NA
"455","299","IMPACT","centertogrid","pooling",16.5316,NA
"456","299","OCCURRENCE","centertogrid","pooling",20.6577,NA
"457","299","IMPACT","reachedgrid","weighted",5.2884,NA
"458","299","OCCURRENCE","reachedgrid","weighted",5.0277,NA
"459","299","IMPACT","reachedgrid","pooling",18.3926,NA
"460","299","OCCURRENCE","reachedgrid","pooling",20.6599,NA
"461","299","IMPACT","weighted","pooling",18.0521,NA
"462","299","OCCURRENCE","weighted","pooling",21.2459,NA
"463","300","IMPACT","classic","area",9.2045,NA
"464","300","OCCURRENCE","classic","area",6.4801,NA
"465","300","IMPACT","classic","center",6.8442,NA
"466","300","OCCURRENCE","classic","center",7.3682,NA
"467","300","IMPACT","classic","centertogrid",6.3014,NA
"468","300","OCCURRENCE","classic","centertogrid",5.4795,NA
"469","300","IMPACT","classic","reachedgrid",7.6901,NA
"470","300","OCCURRENCE","classic","reachedgrid",6.3058,NA
"471","300","IMPACT","classic","weighted",7.4722,NA
"472","300","OCCURRENCE","classic","weighted",7.4685,NA
"473","300","IMPACT","classic","pooling",19.0809,NA
"474","300","OCCURRENCE","classic","pooling",15.5518,NA
"475","300","IMPACT","area","center",5.9853,NA
"476","300","OCCURRENCE","area","center",2.6506,NA
"477","300","IMPACT","area","centertogrid",6.8053,NA
"478","300","OCCURRENCE","area","centertogrid",5.0461,NA
"479","300","IMPACT","area","reachedgrid",5.0616,NA
"480","300","OCCURRENCE","area","reachedgrid",5.3423,NA
"481","300","IMPACT","area","weighted",4.704,NA
"482","300","OCCURRENCE","area","weighted",1.4703,NA
"483","300","IMPACT","area","pooling",23.8387,NA
"484","300","OCCURRENCE","area","pooling",18.2115,NA
"485","300","IMPACT","center","centertogrid",4.2962,NA
"486","300","OCCURRENCE","center","centertogrid",4.7825,NA
"487","300","IMPACT","center","reachedgrid",6.3242,NA
"488","300","OCCURRENCE","center","reachedgrid",5.0236,NA
"489","300","IMPACT","center","weighted",2.1804,NA
"490","300","OCCURRENCE","center","weighted",2.1477,NA
"491","300","IMPACT","center","pooling",18.6195,NA
"492","300","OCCURRENCE","center","pooling",17.4791,NA
"493","300","IMPACT","centertogrid","reachedgrid",3.6935,NA
"494","300","OCCURRENCE","centertogrid","reachedgrid",1.8433,NA
"495","300","IMPACT","centertogrid","weighted",4.9917,NA
"496","300","OCCURRENCE","centertogrid","weighted",5.1126,NA
"497","300","IMPACT","centertogrid","pooling",21.1429,NA
"498","300","OCCURRENCE","centertogrid","pooling",18.0543,NA
"499","300","IMPACT","reachedgrid","weighted",5.5728,NA
"500","300","OCCURRENCE","reachedgrid","weighted",5.2735,NA
"501","300","IMPACT","reachedgrid","pooling",23.7943,NA
"502","300","OCCURRENCE","reachedgrid","pooling",18.7063,NA
"503","300","IMPACT","weighted","pooling",19.8647,NA
"504","300","OCCURRENCE","weighted","pooling",18.894,NA
"505","301","IMPACT","classic","area",6.4947,NA
"506","301","OCCURRENCE","classic","area",6.0526,NA
"507","301","IMPACT","classic","center",5.3275,NA
"508","301","OCCURRENCE","classic","center",6.3697,NA
"509","301","IMPACT","classic","centertogrid",3.662,NA
"510","301","OCCURRENCE","classic","centertogrid",4.5553,NA
"511","301","IMPACT","classic","reachedgrid",5.7392,NA
"512","301","OCCURRENCE","classic","reachedgrid",3.3734,NA
"513","301","IMPACT","classic","weighted",5.7654,NA
"514","301","OCCURRENCE","classic","weighted",6.3765,NA
"515","301","IMPACT","classic","pooling",14.6865,NA
"516","301","OCCURRENCE","classic","pooling",18.3902,NA
"517","301","IMPACT","area","center",2.7052,NA
"518","301","OCCURRENCE","area","center",1.999,NA
"519","301","IMPACT","area","centertogrid",5.3109,NA
"520","301","OCCURRENCE","area","centertogrid",5.4324,NA
"521","301","IMPACT","area","reachedgrid",5.0335,NA
"522","301","OCCURRENCE","area","reachedgrid",5.003,NA
"523","301","IMPACT","area","weighted",1.46,NA
"524","301","OCCURRENCE","area","weighted",1.1795,NA
"525","301","IMPACT","area","pooling",17.4985,NA
"526","301","OCCURRENCE","area","pooling",17.8651,NA
"527","301","IMPACT","center","centertogrid",4.6479,NA
"528","301","OCCURRENCE","center","centertogrid",4.6343,NA
"529","301","IMPACT","center","reachedgrid",6.2302,NA
"530","301","OCCURRENCE","center","reachedgrid",5.0852,NA
"531","301","IMPACT","center","weighted",1.6413,NA
"532","301","OCCURRENCE","center","weighted",1.6717,NA
"533","301","IMPACT","center","pooling",15.3747,NA
"534","301","OCCURRENCE","center","pooling",16.1532,NA
"535","301","IMPACT","centertogrid","reachedgrid",2.9859,NA
"536","301","OCCURRENCE","centertogrid","reachedgrid",3.1916,NA
"537","301","IMPACT","centertogrid","weighted",5.0355,NA
"538","301","OCCURRENCE","centertogrid","weighted",5.3359,NA
"539","301","IMPACT","centertogrid","pooling",16.5078,NA
"540","301","OCCURRENCE","centertogrid","pooling",15.4374,NA
"541","301","IMPACT","reachedgrid","weighted",5.6671,NA
"542","301","OCCURRENCE","reachedgrid","weighted",5.126,NA
"543","301","IMPACT","reachedgrid","pooling",18.8201,NA
"544","301","OCCURRENCE","reachedgrid","pooling",18.4015,NA
"545","301","IMPACT","weighted","pooling",16.0659,NA
"546","301","OCCURRENCE","weighted","pooling",17.3725,NA
"547","302","IMPACT","classic","area",7.2552,NA
"548","302","OCCURRENCE","classic","area",7.4042,NA
"549","302","IMPACT","classic","center",5.9155,NA
"550","302","OCCURRENCE","classic","center",8.5616,NA
"551","302","IMPACT","classic","centertogrid",4.2254,NA
"552","302","OCCURRENCE","classic","centertogrid",7.6056,NA
"553","302","IMPACT","classic","reachedgrid",6.3095,NA
"554","302","OCCURRENCE","classic","reachedgrid",5.4715,NA
"555","302","IMPACT","classic","weighted",6.974,NA
"556","302","OCCURRENCE","classic","weighted",7.6826,NA
"557","302","IMPACT","classic","pooling",15.3918,NA
"558","302","OCCURRENCE","classic","pooling",19.1923,NA
"559","302","IMPACT","area","center",2.365,NA
"560","302","OCCURRENCE","area","center",2.0513,NA
"561","302","IMPACT","area","centertogrid",5.4302,NA
"562","302","OCCURRENCE","area","centertogrid",5.1203,NA
"563","302","IMPACT","area","reachedgrid",4.8599,NA
"564","302","OCCURRENCE","area","reachedgrid",4.9297,NA
"565","302","IMPACT","area","weighted",1.4415,NA
"566","302","OCCURRENCE","area","weighted",0.6562,NA
"567","302","IMPACT","area","pooling",19.5645,NA
"568","302","OCCURRENCE","area","pooling",20.8317,NA
"569","302","IMPACT","center","centertogrid",4,NA
"570","302","OCCURRENCE","center","centertogrid",4.5687,NA
"571","302","IMPACT","center","reachedgrid",4.5265,NA
"572","302","OCCURRENCE","center","reachedgrid",5.0326,NA
"573","302","IMPACT","center","weighted",1.5582,NA
"574","302","OCCURRENCE","center","weighted",2.2383,NA
"575","302","IMPACT","center","pooling",18.6936,NA
"576","302","OCCURRENCE","center","pooling",20.8108,NA
"577","302","IMPACT","centertogrid","reachedgrid",2.4724,NA
"578","302","OCCURRENCE","centertogrid","reachedgrid",2.6116,NA
"579","302","IMPACT","centertogrid","weighted",4.9151,NA
"580","302","OCCURRENCE","centertogrid","weighted",5.0447,NA
"581","302","IMPACT","centertogrid","pooling",19.0821,NA
"582","302","OCCURRENCE","centertogrid","pooling",22.0314,NA
"583","302","IMPACT","reachedgrid","weighted",4.7969,NA
"584","302","OCCURRENCE","reachedgrid","weighted",4.8992,NA
"585","302","IMPACT","reachedgrid","pooling",20.628,NA
"586","302","OCCURRENCE","reachedgrid","pooling",21.0709,NA
"587","302","IMPACT","weighted","pooling",19.5644,NA
"588","302","OCCURRENCE","weighted","pooling",21.3562,NA
"589","303","IMPACT","classic","area",7.8411,NA
"590","303","OCCURRENCE","classic","area",6.1133,NA
"591","303","IMPACT","classic","center",4.1147,NA
"592","303","OCCURRENCE","classic","center",6.2757,NA
"593","303","IMPACT","classic","centertogrid",1.6438,NA
"594","303","OCCURRENCE","classic","centertogrid",5.4795,NA
"595","303","IMPACT","classic","reachedgrid",5.1427,NA
"596","303","OCCURRENCE","classic","reachedgrid",4.582,NA
"597","303","IMPACT","classic","weighted",5.4091,NA
"598","303","OCCURRENCE","classic","weighted",6.5244,NA
"599","303","IMPACT","classic","pooling",16.0534,NA
"600","303","OCCURRENCE","classic","pooling",17.6066,NA
"601","303","IMPACT","area","center",6.3703,NA
"602","303","OCCURRENCE","area","center",1.5808,NA
"603","303","IMPACT","area","centertogrid",7.5625,NA
"604","303","OCCURRENCE","area","centertogrid",5.0181,NA
"605","303","IMPACT","area","reachedgrid",4.9464,NA
"606","303","OCCURRENCE","area","reachedgrid",5.0273,NA
"607","303","IMPACT","area","weighted",4.2157,NA
"608","303","OCCURRENCE","area","weighted",0.8183,NA
"609","303","IMPACT","area","pooling",20.248,NA
"610","303","OCCURRENCE","area","pooling",20.4103,NA
"611","303","IMPACT","center","centertogrid",3.9264,NA
"612","303","OCCURRENCE","center","centertogrid",4.6079,NA
"613","303","IMPACT","center","reachedgrid",6.9107,NA
"614","303","OCCURRENCE","center","reachedgrid",4.8701,NA
"615","303","IMPACT","center","weighted",2.2908,NA
"616","303","OCCURRENCE","center","weighted",1.5311,NA
"617","303","IMPACT","center","pooling",14.8212,NA
"618","303","OCCURRENCE","center","pooling",20.8671,NA
"619","303","IMPACT","centertogrid","reachedgrid",5.2997,NA
"620","303","OCCURRENCE","centertogrid","reachedgrid",1.5489,NA
"621","303","IMPACT","centertogrid","weighted",5.1966,NA
"622","303","OCCURRENCE","centertogrid","weighted",5.0281,NA
"623","303","IMPACT","centertogrid","pooling",16.4498,NA
"624","303","OCCURRENCE","centertogrid","pooling",22.3021,NA
"625","303","IMPACT","reachedgrid","weighted",6.2692,NA
"626","303","OCCURRENCE","reachedgrid","weighted",5.0881,NA
"627","303","IMPACT","reachedgrid","pooling",20.9726,NA
"628","303","OCCURRENCE","reachedgrid","pooling",21.1709,NA
"629","303","IMPACT","weighted","pooling",16.239,NA
"630","303","OCCURRENCE","weighted","pooling",21.0526,NA
"631","304","IMPACT","classic","area",7.7941,NA
"632","304","OCCURRENCE","classic","area",10.6666,NA
"633","304","IMPACT","classic","center",6.7817,NA
"634","304","OCCURRENCE","classic","center",11.257,NA
"635","304","IMPACT","classic","centertogrid",5.3441,NA
"636","304","OCCURRENCE","classic","centertogrid",8.7686,NA
"637","304","IMPACT","classic","reachedgrid",6.062,NA
"638","304","OCCURRENCE","classic","reachedgrid",9.2866,NA
"639","304","IMPACT","classic","weighted",7.4927,NA
"640","304","OCCURRENCE","classic","weighted",9.8167,NA
"641","304","IMPACT","classic","pooling",13.8022,NA
"642","304","OCCURRENCE","classic","pooling",17.3516,NA
"643","304","IMPACT","area","center",2.8597,NA
"644","304","OCCURRENCE","area","center",1.5461,NA
"645","304","IMPACT","area","centertogrid",5.6622,NA
"646","304","OCCURRENCE","area","centertogrid",5.085,NA
"647","304","IMPACT","area","reachedgrid",4.9534,NA
"648","304","OCCURRENCE","area","reachedgrid",5.0528,NA
"649","304","IMPACT","area","weighted",2.0012,NA
"650","304","OCCURRENCE","area","weighted",1.1554,NA
"651","304","IMPACT","area","pooling",19.2236,NA
"652","304","OCCURRENCE","area","pooling",20.4013,NA
"653","304","IMPACT","center","centertogrid",4.5533,NA
"654","304","OCCURRENCE","center","centertogrid",4.9174,NA
"655","304","IMPACT","center","reachedgrid",5.3442,NA
"656","304","OCCURRENCE","center","reachedgrid",4.9626,NA
"657","304","IMPACT","center","weighted",1.6063,NA
"658","304","OCCURRENCE","center","weighted",2.1077,NA
"659","304","IMPACT","center","pooling",18.2807,NA
"660","304","OCCURRENCE","center","pooling",21.3766,NA
"661","304","IMPACT","centertogrid","reachedgrid",3.7259,NA
"662","304","OCCURRENCE","centertogrid","reachedgrid",1.2242,NA
"663","304","IMPACT","centertogrid","weighted",5.1035,NA
"664","304","OCCURRENCE","centertogrid","weighted",5.0994,NA
"665","304","IMPACT","centertogrid","pooling",18.9233,NA
"666","304","OCCURRENCE","centertogrid","pooling",22.1155,NA
"667","304","IMPACT","reachedgrid","weighted",5.0933,NA
"668","304","OCCURRENCE","reachedgrid","weighted",5.2436,NA
"669","304","IMPACT","reachedgrid","pooling",19.6557,NA
"670","304","OCCURRENCE","reachedgrid","pooling",22.1281,NA
"671","304","IMPACT","weighted","pooling",18.6582,NA
"672","304","OCCURRENCE","weighted","pooling",19.952,NA
"673","305","IMPACT","classic","area",8.8633,NA
"674","305","OCCURRENCE","classic","area",10.3682,NA
"675","305","IMPACT","classic","center",6.7604,NA
"676","305","OCCURRENCE","classic","center",11.4514,NA
"677","305","IMPACT","classic","centertogrid",5.5556,NA
"678","305","OCCURRENCE","classic","centertogrid",12.2222,NA
"679","305","IMPACT","classic","reachedgrid",7.2315,NA
"680","305","OCCURRENCE","classic","reachedgrid",9.1038,NA
"681","305","IMPACT","classic","weighted",7.5096,NA
"682","305","OCCURRENCE","classic","weighted",10.6248,NA
"683","305","IMPACT","classic","pooling",13.6185,NA
"684","305","OCCURRENCE","classic","pooling",20.7791,NA
"685","305","IMPACT","area","center",4.3856,NA
"686","305","OCCURRENCE","area","center",2.4347,NA
"687","305","IMPACT","area","centertogrid",6.0777,NA
"688","305","OCCURRENCE","area","centertogrid",5.4097,NA
"689","305","IMPACT","area","reachedgrid",4.8826,NA
"690","305","OCCURRENCE","area","reachedgrid",5.1293,NA
"691","305","IMPACT","area","weighted",2.536,NA
"692","305","OCCURRENCE","area","weighted",0.4859,NA
"693","305","IMPACT","area","pooling",20.7517,NA
"694","305","OCCURRENCE","area","pooling",17.6586,NA
"695","305","IMPACT","center","centertogrid",4.0833,NA
"696","305","OCCURRENCE","center","centertogrid",4.3472,NA
"697","305","IMPACT","center","reachedgrid",5.2695,NA
"698","305","OCCURRENCE","center","reachedgrid",5.2491,NA
"699","305","IMPACT","center","weighted",2.2388,NA
"700","305","OCCURRENCE","center","weighted",2.5203,NA
"701","305","IMPACT","center","pooling",18.4127,NA
"702","305","OCCURRENCE","center","pooling",17.1747,NA
"703","305","IMPACT","centertogrid","reachedgrid",4.0213,NA
"704","305","OCCURRENCE","centertogrid","reachedgrid",3.4539,NA
"705","305","IMPACT","centertogrid","weighted",5.0753,NA
"706","305","OCCURRENCE","centertogrid","weighted",5.3957,NA
"707","305","IMPACT","centertogrid","pooling",18.6242,NA
"708","305","OCCURRENCE","centertogrid","pooling",17.6332,NA
"709","305","IMPACT","reachedgrid","weighted",5.1296,NA
"710","305","OCCURRENCE","reachedgrid","weighted",5.1862,NA
"711","305","IMPACT","reachedgrid","pooling",20.5877,NA
"712","305","OCCURRENCE","reachedgrid","pooling",16.7589,NA
"713","305","IMPACT","weighted","pooling",19.5723,NA
"714","305","OCCURRENCE","weighted","pooling",17.6278,NA
"715","306","IMPACT","classic","area",10.3413,NA
"716","306","OCCURRENCE","classic","area",8.5696,NA
"717","306","IMPACT","classic","center",8.0784,NA
"718","306","OCCURRENCE","classic","center",9.2015,NA
"719","306","IMPACT","classic","centertogrid",7.1642,NA
"720","306","OCCURRENCE","classic","centertogrid",7.7612,NA
"721","306","IMPACT","classic","reachedgrid",8.5688,NA
"722","306","OCCURRENCE","classic","reachedgrid",8.2267,NA
"723","306","IMPACT","classic","weighted",7.9932,NA
"724","306","OCCURRENCE","classic","weighted",9.7309,NA
"725","306","IMPACT","classic","pooling",15.6858,NA
"726","306","OCCURRENCE","classic","pooling",17.9503,NA
"727","306","IMPACT","area","center",6.2148,NA
"728","306","OCCURRENCE","area","center",1.2972,NA
"729","306","IMPACT","area","centertogrid",7.3582,NA
"730","306","OCCURRENCE","area","centertogrid",5.0555,NA
"731","306","IMPACT","area","reachedgrid",4.9172,NA
"732","306","OCCURRENCE","area","reachedgrid",4.9468,NA
"733","306","IMPACT","area","weighted",4.9001,NA
"734","306","OCCURRENCE","area","weighted",1.6569,NA
"735","306","IMPACT","area","pooling",22.254,NA
"736","306","OCCURRENCE","area","pooling",17.2377,NA
"737","306","IMPACT","center","centertogrid",5.153,NA
"738","306","OCCURRENCE","center","centertogrid",4.7276,NA
"739","306","IMPACT","center","reachedgrid",6.8997,NA
"740","306","OCCURRENCE","center","reachedgrid",4.8431,NA
"741","306","IMPACT","center","weighted",2.5492,NA
"742","306","OCCURRENCE","center","weighted",1.5878,NA
"743","306","IMPACT","center","pooling",17.0564,NA
"744","306","OCCURRENCE","center","pooling",16.6642,NA
"745","306","IMPACT","centertogrid","reachedgrid",5.5183,NA
"746","306","OCCURRENCE","centertogrid","reachedgrid",1.0321,NA
"747","306","IMPACT","centertogrid","weighted",5.2149,NA
"748","306","OCCURRENCE","centertogrid","weighted",5.1124,NA
"749","306","IMPACT","centertogrid","pooling",19.0092,NA
"750","306","OCCURRENCE","centertogrid","pooling",18.0595,NA
"751","306","IMPACT","reachedgrid","weighted",6.0288,NA
"752","306","OCCURRENCE","reachedgrid","weighted",5.0183,NA
"753","306","IMPACT","reachedgrid","pooling",22.7412,NA
"754","306","OCCURRENCE","reachedgrid","pooling",18.5808,NA
"755","306","IMPACT","weighted","pooling",18.7991,NA
"756","306","OCCURRENCE","weighted","pooling",16.8259,NA
"757","307","IMPACT","classic","area",7.2369,NA
"758","307","OCCURRENCE","classic","area",5.4396,NA
"759","307","IMPACT","classic","center",7.0863,NA
"760","307","OCCURRENCE","classic","center",5.4296,NA
"761","307","IMPACT","classic","centertogrid",5.6338,NA
"762","307","OCCURRENCE","classic","centertogrid",3.9437,NA
"763","307","IMPACT","classic","reachedgrid",6.0471,NA
"764","307","OCCURRENCE","classic","reachedgrid",3.8475,NA
"765","307","IMPACT","classic","weighted",7.1441,NA
"766","307","OCCURRENCE","classic","weighted",6.0067,NA
"767","307","IMPACT","classic","pooling",13.4178,NA
"768","307","OCCURRENCE","classic","pooling",14.5216,NA
"769","307","IMPACT","area","center",3.8717,NA
"770","307","OCCURRENCE","area","center",1.6003,NA
"771","307","IMPACT","area","centertogrid",6.7011,NA
"772","307","OCCURRENCE","area","centertogrid",4.9608,NA
"773","307","IMPACT","area","reachedgrid",4.9061,NA
"774","307","OCCURRENCE","area","reachedgrid",4.9877,NA
"775","307","IMPACT","area","weighted",2.8554,NA
"776","307","OCCURRENCE","area","weighted",1.3255,NA
"777","307","IMPACT","area","pooling",16.7327,NA
"778","307","OCCURRENCE","area","pooling",15.6227,NA
"779","307","IMPACT","center","centertogrid",4.7447,NA
"780","307","OCCURRENCE","center","centertogrid",4.3134,NA
"781","307","IMPACT","center","reachedgrid",5.9798,NA
"782","307","OCCURRENCE","center","reachedgrid",4.5569,NA
"783","307","IMPACT","center","weighted",1.5095,NA
"784","307","OCCURRENCE","center","weighted",1.3625,NA
"785","307","IMPACT","center","pooling",14.4929,NA
"786","307","OCCURRENCE","center","pooling",15.0556,NA
"787","307","IMPACT","centertogrid","reachedgrid",3.5749,NA
"788","307","OCCURRENCE","centertogrid","reachedgrid",1.8596,NA
"789","307","IMPACT","centertogrid","weighted",5.2324,NA
"790","307","OCCURRENCE","centertogrid","weighted",5.0405,NA
"791","307","IMPACT","centertogrid","pooling",15.6268,NA
"792","307","OCCURRENCE","centertogrid","pooling",15.0357,NA
"793","307","IMPACT","reachedgrid","weighted",5.5251,NA
"794","307","OCCURRENCE","reachedgrid","weighted",5.0472,NA
"795","307","IMPACT","reachedgrid","pooling",17.9624,NA
"796","307","OCCURRENCE","reachedgrid","pooling",16.1645,NA
"797","307","IMPACT","weighted","pooling",15.3517,NA
"798","307","OCCURRENCE","weighted","pooling",15.6472,NA
"799","308","IMPACT","classic","area",9.1365,NA
"800","308","OCCURRENCE","classic","area",6.1147,NA
"801","308","IMPACT","classic","center",7.0398,NA
"802","308","OCCURRENCE","classic","center",7.0133,NA
"803","308","IMPACT","classic","centertogrid",6.9697,NA
"804","308","OCCURRENCE","classic","centertogrid",7.2727,NA
"805","308","IMPACT","classic","reachedgrid",8.3117,NA
"806","308","OCCURRENCE","classic","reachedgrid",3.355,NA
"807","308","IMPACT","classic","weighted",8.3679,NA
"808","308","OCCURRENCE","classic","weighted",6.2487,NA
"809","308","IMPACT","classic","pooling",14.625,NA
"810","308","OCCURRENCE","classic","pooling",20.1039,NA
"811","308","IMPACT","area","center",3.8474,NA
"812","308","OCCURRENCE","area","center",2.0723,NA
"813","308","IMPACT","area","centertogrid",5.9991,NA
"814","308","OCCURRENCE","area","centertogrid",5.5979,NA
"815","308","IMPACT","area","reachedgrid",5.0952,NA
"816","308","OCCURRENCE","area","reachedgrid",5.2003,NA
"817","308","IMPACT","area","weighted",2.0546,NA
"818","308","OCCURRENCE","area","weighted",0.4868,NA
"819","308","IMPACT","area","pooling",22.1263,NA
"820","308","OCCURRENCE","area","pooling",19.7757,NA
"821","308","IMPACT","center","centertogrid",3.892,NA
"822","308","OCCURRENCE","center","centertogrid",4.392,NA
"823","308","IMPACT","center","reachedgrid",5.7816,NA
"824","308","OCCURRENCE","center","reachedgrid",5.4214,NA
"825","308","IMPACT","center","weighted",2.2949,NA
"826","308","OCCURRENCE","center","weighted",1.9692,NA
"827","308","IMPACT","center","pooling",19.7461,NA
"828","308","OCCURRENCE","center","pooling",20.7713,NA
"829","308","IMPACT","centertogrid","reachedgrid",4.3599,NA
"830","308","OCCURRENCE","centertogrid","reachedgrid",4.5779,NA
"831","308","IMPACT","centertogrid","weighted",5.1968,NA
"832","308","OCCURRENCE","centertogrid","weighted",5.5498,NA
"833","308","IMPACT","centertogrid","pooling",21.2263,NA
"834","308","OCCURRENCE","centertogrid","pooling",22.9323,NA
"835","308","IMPACT","reachedgrid","weighted",5.3143,NA
"836","308","OCCURRENCE","reachedgrid","weighted",5.3121,NA
"837","308","IMPACT","reachedgrid","pooling",22.3353,NA
"838","308","OCCURRENCE","reachedgrid","pooling",21.4828,NA
"839","308","IMPACT","weighted","pooling",21.4881,NA
"840","308","OCCURRENCE","weighted","pooling",19.5883,NA
"841","310","IMPACT","classic","area",7.6423,NA
"842","310","OCCURRENCE","classic","area",5.9767,NA
"843","310","IMPACT","classic","center",6.2332,NA
"844","310","OCCURRENCE","classic","center",8.1754,NA
"845","310","IMPACT","classic","centertogrid",4.4776,NA
"846","310","OCCURRENCE","classic","centertogrid",8.0597,NA
"847","310","IMPACT","classic","reachedgrid",4.8655,NA
"848","310","OCCURRENCE","classic","reachedgrid",3.6589,NA
"849","310","IMPACT","classic","weighted",5.961,NA
"850","310","OCCURRENCE","classic","weighted",7.456,NA
"851","310","IMPACT","classic","pooling",17.7675,NA
"852","310","OCCURRENCE","classic","pooling",16.6985,NA
"853","310","IMPACT","area","center",4.135,NA
"854","310","OCCURRENCE","area","center",3.3778,NA
"855","310","IMPACT","area","centertogrid",6.0212,NA
"856","310","OCCURRENCE","area","centertogrid",6.1524,NA
"857","310","IMPACT","area","reachedgrid",4.9603,NA
"858","310","OCCURRENCE","area","reachedgrid",4.7817,NA
"859","310","IMPACT","area","weighted",3.5577,NA
"860","310","OCCURRENCE","area","weighted",2.3505,NA
"861","310","IMPACT","area","pooling",22.5427,NA
"862","310","OCCURRENCE","area","pooling",14.0012,NA
"863","310","IMPACT","center","centertogrid",4.6959,NA
"864","310","OCCURRENCE","center","centertogrid",4.3172,NA
"865","310","IMPACT","center","reachedgrid",5.5019,NA
"866","310","OCCURRENCE","center","reachedgrid",5.7857,NA
"867","310","IMPACT","center","weighted",1.74,NA
"868","310","OCCURRENCE","center","weighted",1.6111,NA
"869","310","IMPACT","center","pooling",20.535,NA
"870","310","OCCURRENCE","center","pooling",11.7384,NA
"871","310","IMPACT","centertogrid","reachedgrid",3.3729,NA
"872","310","OCCURRENCE","centertogrid","reachedgrid",4.4008,NA
"873","310","IMPACT","centertogrid","weighted",5.0292,NA
"874","310","OCCURRENCE","centertogrid","weighted",5.0642,NA
"875","310","IMPACT","centertogrid","pooling",21.67,NA
"876","310","OCCURRENCE","centertogrid","pooling",13.2259,NA
"877","310","IMPACT","reachedgrid","weighted",5.4758,NA
"878","310","OCCURRENCE","reachedgrid","weighted",5.2212,NA
"879","310","IMPACT","reachedgrid","pooling",22.1885,NA
"880","310","OCCURRENCE","reachedgrid","pooling",15.0259,NA
"881","310","IMPACT","weighted","pooling",20.7269,NA
"882","310","OCCURRENCE","weighted","pooling",12.6049,NA
"883","311","IMPACT","classic","area",10.5725,NA
"884","311","OCCURRENCE","classic","area",4.951,NA
"885","311","IMPACT","classic","center",5.796,NA
"886","311","OCCURRENCE","classic","center",6.0404,NA
"887","311","IMPACT","classic","centertogrid",3.8235,NA
"888","311","OCCURRENCE","classic","centertogrid",5,NA
"889","311","IMPACT","classic","reachedgrid",9.6852,NA
"890","311","OCCURRENCE","classic","reachedgrid",2.4092,NA
"891","311","IMPACT","classic","weighted",6.8421,NA
"892","311","OCCURRENCE","classic","weighted",4.9874,NA
"893","311","IMPACT","classic","pooling",14.1707,NA
"894","311","OCCURRENCE","classic","pooling",18.6137,NA
"895","311","IMPACT","area","center",7.5369,NA
"896","311","OCCURRENCE","area","center",3.4292,NA
"897","311","IMPACT","area","centertogrid",9.6193,NA
"898","311","OCCURRENCE","area","centertogrid",5.7568,NA
"899","311","IMPACT","area","reachedgrid",5.1116,NA
"900","311","OCCURRENCE","area","reachedgrid",4.9966,NA
"901","311","IMPACT","area","weighted",5.6779,NA
"902","311","OCCURRENCE","area","weighted",1.0852,NA
"903","311","IMPACT","area","pooling",20.7117,NA
"904","311","OCCURRENCE","area","pooling",16.9558,NA
"905","311","IMPACT","center","centertogrid",4.3732,NA
"906","311","OCCURRENCE","center","centertogrid",4.4816,NA
"907","311","IMPACT","center","reachedgrid",8.3923,NA
"908","311","OCCURRENCE","center","reachedgrid",5.0138,NA
"909","311","IMPACT","center","weighted",2.7096,NA
"910","311","OCCURRENCE","center","weighted",2.5196,NA
"911","311","IMPACT","center","pooling",14.703,NA
"912","311","OCCURRENCE","center","pooling",16.5924,NA
"913","311","IMPACT","centertogrid","reachedgrid",8.8028,NA
"914","311","OCCURRENCE","centertogrid","reachedgrid",2.6113,NA
"915","311","IMPACT","centertogrid","weighted",5.6487,NA
"916","311","OCCURRENCE","centertogrid","weighted",5.1407,NA
"917","311","IMPACT","centertogrid","pooling",16.2693,NA
"918","311","OCCURRENCE","centertogrid","pooling",17.2255,NA
"919","311","IMPACT","reachedgrid","weighted",7.1685,NA
"920","311","OCCURRENCE","reachedgrid","weighted",4.7782,NA
"921","311","IMPACT","reachedgrid","pooling",21.5347,NA
"922","311","OCCURRENCE","reachedgrid","pooling",16.8371,NA
"923","311","IMPACT","weighted","pooling",16.9861,NA
"924","311","OCCURRENCE","weighted","pooling",17.0769,NA
"925","312","IMPACT","classic","area",9.4115,NA
"926","312","OCCURRENCE","classic","area",7.585,NA
"927","312","IMPACT","classic","center",8.0458,NA
"928","312","OCCURRENCE","classic","center",7.9729,NA
"929","312","IMPACT","classic","centertogrid",8,NA
"930","312","OCCURRENCE","classic","centertogrid",8,NA
"931","312","IMPACT","classic","reachedgrid",7.7886,NA
"932","312","OCCURRENCE","classic","reachedgrid",5.6568,NA
"933","312","IMPACT","classic","weighted",9.1985,NA
"934","312","OCCURRENCE","classic","weighted",7.7396,NA
"935","312","IMPACT","classic","pooling",15.2164,NA
"936","312","OCCURRENCE","classic","pooling",17.7353,NA
"937","312","IMPACT","area","center",4.0752,NA
"938","312","OCCURRENCE","area","center",2.1623,NA
"939","312","IMPACT","area","centertogrid",5.6853,NA
"940","312","OCCURRENCE","area","centertogrid",5.0901,NA
"941","312","IMPACT","area","reachedgrid",5.1165,NA
"942","312","OCCURRENCE","area","reachedgrid",4.7186,NA
"943","312","IMPACT","area","weighted",1.4826,NA
"944","312","OCCURRENCE","area","weighted",1.6136,NA
"945","312","IMPACT","area","pooling",23.282,NA
"946","312","OCCURRENCE","area","pooling",19.6245,NA
"947","312","IMPACT","center","centertogrid",4.1417,NA
"948","312","OCCURRENCE","center","centertogrid",3.6271,NA
"949","312","IMPACT","center","reachedgrid",5.8199,NA
"950","312","OCCURRENCE","center","reachedgrid",4.3656,NA
"951","312","IMPACT","center","weighted",2.8915,NA
"952","312","OCCURRENCE","center","weighted",1.95,NA
"953","312","IMPACT","center","pooling",21.2019,NA
"954","312","OCCURRENCE","center","pooling",19.2357,NA
"955","312","IMPACT","centertogrid","reachedgrid",4.813,NA
"956","312","OCCURRENCE","centertogrid","reachedgrid",2.3894,NA
"957","312","IMPACT","centertogrid","weighted",5.323,NA
"958","312","OCCURRENCE","centertogrid","weighted",4.8386,NA
"959","312","IMPACT","centertogrid","pooling",22.577,NA
"960","312","OCCURRENCE","centertogrid","pooling",20.2254,NA
"961","312","IMPACT","reachedgrid","weighted",5.2295,NA
"962","312","OCCURRENCE","reachedgrid","weighted",4.8846,NA
"963","312","IMPACT","reachedgrid","pooling",22.7288,NA
"964","312","OCCURRENCE","reachedgrid","pooling",20.1722,NA
"965","312","IMPACT","weighted","pooling",22.5899,NA
"966","312","OCCURRENCE","weighted","pooling",18.286,NA
"967","313","IMPACT","classic","area",9.3547,NA
"968","313","OCCURRENCE","classic","area",9.4723,NA
"969","313","IMPACT","classic","center",5.5978,NA
"970","313","OCCURRENCE","classic","center",10.4964,NA
"971","313","IMPACT","classic","centertogrid",3.393,NA
"972","313","OCCURRENCE","classic","centertogrid",11.0145,NA
"973","313","IMPACT","classic","reachedgrid",6.7195,NA
"974","313","OCCURRENCE","classic","reachedgrid",8.3768,NA
"975","313","IMPACT","classic","weighted",7.3582,NA
"976","313","OCCURRENCE","classic","weighted",9.8437,NA
"977","313","IMPACT","classic","pooling",12.2518,NA
"978","313","OCCURRENCE","classic","pooling",16.2915,NA
"979","313","IMPACT","area","center",5.2686,NA
"980","313","OCCURRENCE","area","center",1.917,NA
"981","313","IMPACT","area","centertogrid",6.8588,NA
"982","313","OCCURRENCE","area","centertogrid",5.306,NA
"983","313","IMPACT","area","reachedgrid",4.8833,NA
"984","313","OCCURRENCE","area","reachedgrid",5.0844,NA
"985","313","IMPACT","area","weighted",3.2219,NA
"986","313","OCCURRENCE","area","weighted",1.0514,NA
"987","313","IMPACT","area","pooling",17.9524,NA
"988","313","OCCURRENCE","area","pooling",22.6006,NA
"989","313","IMPACT","center","centertogrid",4.0746,NA
"990","313","OCCURRENCE","center","centertogrid",4.721,NA
"991","313","IMPACT","center","reachedgrid",5.9972,NA
"992","313","OCCURRENCE","center","reachedgrid",5.2567,NA
"993","313","IMPACT","center","weighted",2.6442,NA
"994","313","OCCURRENCE","center","weighted",1.4375,NA
"995","313","IMPACT","center","pooling",14.8438,NA
"996","313","OCCURRENCE","center","pooling",22.3931,NA
"997","313","IMPACT","centertogrid","reachedgrid",4.0938,NA
"998","313","OCCURRENCE","centertogrid","reachedgrid",2.6377,NA
"999","313","IMPACT","centertogrid","weighted",5.4203,NA
"1000","313","OCCURRENCE","centertogrid","weighted",5.0314,NA
"1001","313","IMPACT","centertogrid","pooling",14.6499,NA
"1002","313","OCCURRENCE","centertogrid","pooling",23.1285,NA
"1003","313","IMPACT","reachedgrid","weighted",5.1635,NA
"1004","313","OCCURRENCE","reachedgrid","weighted",4.8706,NA
"1005","313","IMPACT","reachedgrid","pooling",17.433,NA
"1006","313","OCCURRENCE","reachedgrid","pooling",21.9044,NA
"1007","313","IMPACT","weighted","pooling",17.0105,NA
"1008","313","OCCURRENCE","weighted","pooling",22.3565,NA
"1009","314","IMPACT","classic","area",7.4923,NA
"1010","314","OCCURRENCE","classic","area",7.2242,NA
"1011","314","IMPACT","classic","center",6.627,NA
"1012","314","OCCURRENCE","classic","center",7.5164,NA
"1013","314","IMPACT","classic","centertogrid",4.918,NA
"1014","314","OCCURRENCE","classic","centertogrid",5.5738,NA
"1015","314","IMPACT","classic","reachedgrid",6.6924,NA
"1016","314","OCCURRENCE","classic","reachedgrid",6.6727,NA
"1017","314","IMPACT","classic","weighted",7.1854,NA
"1018","314","OCCURRENCE","classic","weighted",7.3248,NA
"1019","314","IMPACT","classic","pooling",15.5265,NA
"1020","314","OCCURRENCE","classic","pooling",14.4049,NA
"1021","314","IMPACT","area","center",3.6305,NA
"1022","314","OCCURRENCE","area","center",1.8298,NA
"1023","314","IMPACT","area","centertogrid",5.9819,NA
"1024","314","OCCURRENCE","area","centertogrid",5.1873,NA
"1025","314","IMPACT","area","reachedgrid",4.9662,NA
"1026","314","OCCURRENCE","area","reachedgrid",5.0429,NA
"1027","314","IMPACT","area","weighted",1.0642,NA
"1028","314","OCCURRENCE","area","weighted",1.2036,NA
"1029","314","IMPACT","area","pooling",18.7851,NA
"1030","314","OCCURRENCE","area","pooling",17.7601,NA
"1031","314","IMPACT","center","centertogrid",5.209,NA
"1032","314","OCCURRENCE","center","centertogrid",5.25,NA
"1033","314","IMPACT","center","reachedgrid",5.966,NA
"1034","314","OCCURRENCE","center","reachedgrid",5.687,NA
"1035","314","IMPACT","center","weighted",2.7466,NA
"1036","314","OCCURRENCE","center","weighted",1.4473,NA
"1037","314","IMPACT","center","pooling",15.5306,NA
"1038","314","OCCURRENCE","center","pooling",16.7455,NA
"1039","314","IMPACT","centertogrid","reachedgrid",2.623,NA
"1040","314","OCCURRENCE","centertogrid","reachedgrid",2.5683,NA
"1041","314","IMPACT","centertogrid","weighted",5.5893,NA
"1042","314","OCCURRENCE","centertogrid","weighted",4.9379,NA
"1043","314","IMPACT","centertogrid","pooling",17.0634,NA
"1044","314","OCCURRENCE","centertogrid","pooling",17.6153,NA
"1045","314","IMPACT","reachedgrid","weighted",5.0905,NA
"1046","314","OCCURRENCE","reachedgrid","weighted",5.1417,NA
"1047","314","IMPACT","reachedgrid","pooling",19.3831,NA
"1048","314","OCCURRENCE","reachedgrid","pooling",19.5508,NA
"1049","314","IMPACT","weighted","pooling",18.061,NA
"1050","314","OCCURRENCE","weighted","pooling",17.208,NA
"1051","315","IMPACT","classic","area",6.3389,NA
"1052","315","OCCURRENCE","classic","area",5.1848,NA
"1053","315","IMPACT","classic","center",5.2962,NA
"1054","315","OCCURRENCE","classic","center",6.425,NA
"1055","315","IMPACT","classic","centertogrid",4,NA
"1056","315","OCCURRENCE","classic","centertogrid",6.4615,NA
"1057","315","IMPACT","classic","reachedgrid",5.3664,NA
"1058","315","OCCURRENCE","classic","reachedgrid",3.5105,NA
"1059","315","IMPACT","classic","weighted",6.2287,NA
"1060","315","OCCURRENCE","classic","weighted",5.534,NA
"1061","315","IMPACT","classic","pooling",14.05,NA
"1062","315","OCCURRENCE","classic","pooling",16.3575,NA
"1063","315","IMPACT","area","center",3.6466,NA
"1064","315","OCCURRENCE","area","center",3.5267,NA
"1065","315","IMPACT","area","centertogrid",5.6585,NA
"1066","315","OCCURRENCE","area","centertogrid",6.0346,NA
"1067","315","IMPACT","area","reachedgrid",5.063,NA
"1068","315","OCCURRENCE","area","reachedgrid",5.2361,NA
"1069","315","IMPACT","area","weighted",1.0828,NA
"1070","315","OCCURRENCE","area","weighted",1.0356,NA
"1071","315","IMPACT","area","pooling",16.6323,NA
"1072","315","OCCURRENCE","area","pooling",17.4039,NA
"1073","315","IMPACT","center","centertogrid",4.4731,NA
"1074","315","OCCURRENCE","center","centertogrid",4.3635,NA
"1075","315","IMPACT","center","reachedgrid",6.1225,NA
"1076","315","OCCURRENCE","center","reachedgrid",5.1587,NA
"1077","315","IMPACT","center","weighted",2.7953,NA
"1078","315","OCCURRENCE","center","weighted",2.6375,NA
"1079","315","IMPACT","center","pooling",13.3974,NA
"1080","315","OCCURRENCE","center","pooling",15.6336,NA
"1081","315","IMPACT","centertogrid","reachedgrid",3.168,NA
"1082","315","OCCURRENCE","centertogrid","reachedgrid",3.3706,NA
"1083","315","IMPACT","centertogrid","weighted",5.3404,NA
"1084","315","OCCURRENCE","centertogrid","weighted",5.7031,NA
"1085","315","IMPACT","centertogrid","pooling",15.5541,NA
"1086","315","OCCURRENCE","centertogrid","pooling",16.3713,NA
"1087","315","IMPACT","reachedgrid","weighted",5.2743,NA
"1088","315","OCCURRENCE","reachedgrid","weighted",5.3969,NA
"1089","315","IMPACT","reachedgrid","pooling",18.3474,NA
"1090","315","OCCURRENCE","reachedgrid","pooling",16.0474,NA
"1091","315","IMPACT","weighted","pooling",15.7779,NA
"1092","315","OCCURRENCE","weighted","pooling",16.8032,NA
"1093","316","IMPACT","classic","area",11.4866,NA
"1094","316","OCCURRENCE","classic","area",9.4017,NA
"1095","316","IMPACT","classic","center",7.0238,NA
"1096","316","OCCURRENCE","classic","center",8.1905,NA
"1097","316","IMPACT","classic","centertogrid",4.7619,NA
"1098","316","OCCURRENCE","classic","centertogrid",8.254,NA
"1099","316","IMPACT","classic","reachedgrid",9.0989,NA
"1100","316","OCCURRENCE","classic","reachedgrid",6.6944,NA
"1101","316","IMPACT","classic","weighted",8.7382,NA
"1102","316","OCCURRENCE","classic","weighted",9.8137,NA
"1103","316","IMPACT","classic","pooling",12.3099,NA
"1104","316","OCCURRENCE","classic","pooling",15.5453,NA
"1105","316","IMPACT","area","center",6.767,NA
"1106","316","OCCURRENCE","area","center",1.9992,NA
"1107","316","IMPACT","area","centertogrid",8.0517,NA
"1108","316","OCCURRENCE","area","centertogrid",4.8424,NA
"1109","316","IMPACT","area","reachedgrid",5.0177,NA
"1110","316","OCCURRENCE","area","reachedgrid",5.1407,NA
"1111","316","IMPACT","area","weighted",5.295,NA
"1112","316","OCCURRENCE","area","weighted",0.7923,NA
"1113","316","IMPACT","area","pooling",20.0455,NA
"1114","316","OCCURRENCE","area","pooling",21.4934,NA
"1115","316","IMPACT","center","centertogrid",4.4881,NA
"1116","316","OCCURRENCE","center","centertogrid",3.9087,NA
"1117","316","IMPACT","center","reachedgrid",7.3382,NA
"1118","316","OCCURRENCE","center","reachedgrid",4.2017,NA
"1119","316","IMPACT","center","weighted",2.1741,NA
"1120","316","OCCURRENCE","center","weighted",2.5129,NA
"1121","316","IMPACT","center","pooling",15.0183,NA
"1122","316","OCCURRENCE","center","pooling",20.6102,NA
"1123","316","IMPACT","centertogrid","reachedgrid",6.2418,NA
"1124","316","OCCURRENCE","centertogrid","reachedgrid",1.5596,NA
"1125","316","IMPACT","centertogrid","weighted",5.7691,NA
"1126","316","OCCURRENCE","centertogrid","weighted",4.8963,NA
"1127","316","IMPACT","centertogrid","pooling",16.1522,NA
"1128","316","OCCURRENCE","centertogrid","pooling",20.4885,NA
"1129","316","IMPACT","reachedgrid","weighted",6.3899,NA
"1130","316","OCCURRENCE","reachedgrid","weighted",5.3129,NA
"1131","316","IMPACT","reachedgrid","pooling",20.2064,NA
"1132","316","OCCURRENCE","reachedgrid","pooling",20.2559,NA
"1133","316","IMPACT","weighted","pooling",16.8115,NA
"1134","316","OCCURRENCE","weighted","pooling",21.5844,NA
"1135","318","IMPACT","classic","area",10.1081,NA
"1136","318","OCCURRENCE","classic","area",10.4876,NA
"1137","318","IMPACT","classic","center",6.9536,NA
"1138","318","OCCURRENCE","classic","center",11.4556,NA
"1139","318","IMPACT","classic","centertogrid",5.8065,NA
"1140","318","OCCURRENCE","classic","centertogrid",10.6452,NA
"1141","318","IMPACT","classic","reachedgrid",8.7771,NA
"1142","318","OCCURRENCE","classic","reachedgrid",9.3907,NA
"1143","318","IMPACT","classic","weighted",8.5095,NA
"1144","318","OCCURRENCE","classic","weighted",11.1703,NA
"1145","318","IMPACT","classic","pooling",11.1617,NA
"1146","318","OCCURRENCE","classic","pooling",14.5331,NA
"1147","318","IMPACT","area","center",6.3187,NA
"1148","318","OCCURRENCE","area","center",1.819,NA
"1149","318","IMPACT","area","centertogrid",8.188,NA
"1150","318","OCCURRENCE","area","centertogrid",4.8793,NA
"1151","318","IMPACT","area","reachedgrid",4.8832,NA
"1152","318","OCCURRENCE","area","reachedgrid",4.8573,NA
"1153","318","IMPACT","area","weighted",3.7603,NA
"1154","318","OCCURRENCE","area","weighted",0.8137,NA
"1155","318","IMPACT","area","pooling",18.3497,NA
"1156","318","OCCURRENCE","area","pooling",20.8107,NA
"1157","318","IMPACT","center","centertogrid",4.1431,NA
"1158","318","OCCURRENCE","center","centertogrid",4.1774,NA
"1159","318","IMPACT","center","reachedgrid",6.8936,NA
"1160","318","OCCURRENCE","center","reachedgrid",4.4813,NA
"1161","318","IMPACT","center","weighted",2.9861,NA
"1162","318","OCCURRENCE","center","weighted",1.4236,NA
"1163","318","IMPACT","center","pooling",13.6672,NA
"1164","318","OCCURRENCE","center","pooling",21.8035,NA
"1165","318","IMPACT","centertogrid","reachedgrid",6.312,NA
"1166","318","OCCURRENCE","centertogrid","reachedgrid",1.2545,NA
"1167","318","IMPACT","centertogrid","weighted",5.7787,NA
"1168","318","OCCURRENCE","centertogrid","weighted",4.6744,NA
"1169","318","IMPACT","centertogrid","pooling",14.3173,NA
"1170","318","OCCURRENCE","centertogrid","pooling",21.4757,NA
"1171","318","IMPACT","reachedgrid","weighted",5.8589,NA
"1172","318","OCCURRENCE","reachedgrid","weighted",4.8273,NA
"1173","318","IMPACT","reachedgrid","pooling",18.629,NA
"1174","318","OCCURRENCE","reachedgrid","pooling",21.554,NA
"1175","318","IMPACT","weighted","pooling",15.9692,NA
"1176","318","OCCURRENCE","weighted","pooling",21.2031,NA
"1177","320","IMPACT","classic","area",7.9571,NA
"1178","320","OCCURRENCE","classic","area",7.7403,NA
"1179","320","IMPACT","classic","center",4.9261,NA
"1180","320","OCCURRENCE","classic","center",7.0739,NA
"1181","320","IMPACT","classic","centertogrid",1.9718,NA
"1182","320","OCCURRENCE","classic","centertogrid",5.9155,NA
"1183","320","IMPACT","classic","reachedgrid",5.5639,NA
"1184","320","OCCURRENCE","classic","reachedgrid",5.1976,NA
"1185","320","IMPACT","classic","weighted",6.1147,NA
"1186","320","OCCURRENCE","classic","weighted",7.8813,NA
"1187","320","IMPACT","classic","pooling",14.5848,NA
"1188","320","OCCURRENCE","classic","pooling",16.5303,NA
"1189","320","IMPACT","area","center",5.4152,NA
"1190","320","OCCURRENCE","area","center",2.0102,NA
"1191","320","IMPACT","area","centertogrid",6.9708,NA
"1192","320","OCCURRENCE","area","centertogrid",4.9018,NA
"1193","320","IMPACT","area","reachedgrid",4.9102,NA
"1194","320","OCCURRENCE","area","reachedgrid",5.0374,NA
"1195","320","IMPACT","area","weighted",3.6303,NA
"1196","320","OCCURRENCE","area","weighted",0.8449,NA
"1197","320","IMPACT","area","pooling",18.4933,NA
"1198","320","OCCURRENCE","area","pooling",20.9249,NA
"1199","320","IMPACT","center","centertogrid",3.9261,NA
"1200","320","OCCURRENCE","center","centertogrid",4.1092,NA
"1201","320","IMPACT","center","reachedgrid",6.2047,NA
"1202","320","OCCURRENCE","center","reachedgrid",4.3237,NA
"1203","320","IMPACT","center","weighted",2.6785,NA
"1204","320","OCCURRENCE","center","weighted",1.9502,NA
"1205","320","IMPACT","center","pooling",15.2701,NA
"1206","320","OCCURRENCE","center","pooling",19.663,NA
"1207","320","IMPACT","centertogrid","reachedgrid",4.7188,NA
"1208","320","OCCURRENCE","centertogrid","reachedgrid",0.7179,NA
"1209","320","IMPACT","centertogrid","weighted",5.5885,NA
"1210","320","OCCURRENCE","centertogrid","weighted",4.714,NA
"1211","320","IMPACT","centertogrid","pooling",16.3474,NA
"1212","320","OCCURRENCE","centertogrid","pooling",21.293,NA
"1213","320","IMPACT","reachedgrid","weighted",5.4824,NA
"1214","320","OCCURRENCE","reachedgrid","weighted",4.8544,NA
"1215","320","IMPACT","reachedgrid","pooling",18.3192,NA
"1216","320","OCCURRENCE","reachedgrid","pooling",20.6527,NA
"1217","320","IMPACT","weighted","pooling",16.8829,NA
"1218","320","OCCURRENCE","weighted","pooling",20.7553,NA
"1219","321","IMPACT","classic","area",6.4787,NA
"1220","321","OCCURRENCE","classic","area",6.8383,NA
"1221","321","IMPACT","classic","center",6.9661,NA
"1222","321","OCCURRENCE","classic","center",6.1125,NA
"1223","321","IMPACT","classic","centertogrid",6.5135,NA
"1224","321","OCCURRENCE","classic","centertogrid",5.1429,NA
"1225","321","IMPACT","classic","reachedgrid",3.3452,NA
"1226","321","OCCURRENCE","classic","reachedgrid",4.6429,NA
"1227","321","IMPACT","classic","weighted",6.5986,NA
"1228","321","OCCURRENCE","classic","weighted",6.7515,NA
"1229","321","IMPACT","classic","pooling",14.0792,NA
"1230","321","OCCURRENCE","classic","pooling",15.128,NA
"1231","321","IMPACT","area","center",3.3782,NA
"1232","321","OCCURRENCE","area","center",3.5465,NA
"1233","321","IMPACT","area","centertogrid",6.265,NA
"1234","321","OCCURRENCE","area","centertogrid",5.7451,NA
"1235","321","IMPACT","area","reachedgrid",5.0273,NA
"1236","321","OCCURRENCE","area","reachedgrid",5.379,NA
"1237","321","IMPACT","area","weighted",0.9266,NA
"1238","321","OCCURRENCE","area","weighted",0.6459,NA
"1239","321","IMPACT","area","pooling",17.5182,NA
"1240","321","OCCURRENCE","area","pooling",19.311,NA
"1241","321","IMPACT","center","centertogrid",4.4647,NA
"1242","321","OCCURRENCE","center","centertogrid",4.1804,NA
"1243","321","IMPACT","center","reachedgrid",5.9664,NA
"1244","321","OCCURRENCE","center","reachedgrid",5.272,NA
"1245","321","IMPACT","center","weighted",2.8269,NA
"1246","321","OCCURRENCE","center","weighted",3.1586,NA
"1247","321","IMPACT","center","pooling",15.4516,NA
"1248","321","OCCURRENCE","center","pooling",18.2999,NA
"1249","321","IMPACT","centertogrid","reachedgrid",4.4143,NA
"1250","321","OCCURRENCE","centertogrid","reachedgrid",3.5,NA
"1251","321","IMPACT","centertogrid","weighted",5.8288,NA
"1252","321","OCCURRENCE","centertogrid","weighted",5.5406,NA
"1253","321","IMPACT","centertogrid","pooling",16.4166,NA
"1254","321","OCCURRENCE","centertogrid","pooling",19.5405,NA
"1255","321","IMPACT","reachedgrid","weighted",5.0627,NA
"1256","321","OCCURRENCE","reachedgrid","weighted",5.2657,NA
"1257","321","IMPACT","reachedgrid","pooling",16.9422,NA
"1258","321","OCCURRENCE","reachedgrid","pooling",19.2681,NA
"1259","321","IMPACT","weighted","pooling",16.858,NA
"1260","321","OCCURRENCE","weighted","pooling",19.3291,NA
"1261","324","IMPACT","classic","area",12.4221,NA
"1262","324","OCCURRENCE","classic","area",5.9181,NA
"1263","324","IMPACT","classic","center",7.6181,NA
"1264","324","OCCURRENCE","classic","center",6.4745,NA
"1265","324","IMPACT","classic","centertogrid",6.5479,NA
"1266","324","OCCURRENCE","classic","centertogrid",4.8148,NA
"1267","324","IMPACT","classic","reachedgrid",11.1448,NA
"1268","324","OCCURRENCE","classic","reachedgrid",5.4966,NA
"1269","324","IMPACT","classic","weighted",10.6618,NA
"1270","324","OCCURRENCE","classic","weighted",6.0451,NA
"1271","324","IMPACT","classic","pooling",10.0723,NA
"1272","324","OCCURRENCE","classic","pooling",17.1134,NA
"1273","324","IMPACT","area","center",6.0625,NA
"1274","324","OCCURRENCE","area","center",2.5633,NA
"1275","324","IMPACT","area","centertogrid",7.123,NA
"1276","324","OCCURRENCE","area","centertogrid",5.2612,NA
"1277","324","IMPACT","area","reachedgrid",4.9195,NA
"1278","324","OCCURRENCE","area","reachedgrid",5.2227,NA
"1279","324","IMPACT","area","weighted",3.37,NA
"1280","324","OCCURRENCE","area","weighted",1.0834,NA
"1281","324","IMPACT","area","pooling",19.9486,NA
"1282","324","OCCURRENCE","area","pooling",20.2359,NA
"1283","324","IMPACT","center","centertogrid",4.4273,NA
"1284","324","OCCURRENCE","center","centertogrid",4.2338,NA
"1285","324","IMPACT","center","reachedgrid",7.5209,NA
"1286","324","OCCURRENCE","center","reachedgrid",4.4701,NA
"1287","324","IMPACT","center","weighted",3.2984,NA
"1288","324","OCCURRENCE","center","weighted",1.9677,NA
"1289","324","IMPACT","center","pooling",15.0594,NA
"1290","324","OCCURRENCE","center","pooling",21.7172,NA
"1291","324","IMPACT","centertogrid","reachedgrid",4.5969,NA
"1292","324","OCCURRENCE","centertogrid","reachedgrid",1.4394,NA
"1293","324","IMPACT","centertogrid","weighted",5.9229,NA
"1294","324","OCCURRENCE","centertogrid","weighted",5.0989,NA
"1295","324","IMPACT","centertogrid","pooling",15.9521,NA
"1296","324","OCCURRENCE","centertogrid","pooling",21.9258,NA
"1297","324","IMPACT","reachedgrid","weighted",5.4846,NA
"1298","324","OCCURRENCE","reachedgrid","weighted",5.0017,NA
"1299","324","IMPACT","reachedgrid","pooling",20.4542,NA
"1300","324","OCCURRENCE","reachedgrid","pooling",22.5715,NA
"1301","324","IMPACT","weighted","pooling",17.9512,NA
"1302","324","OCCURRENCE","weighted","pooling",20.5196,NA
"1303","326","IMPACT","classic","area",8.9124,NA
"1304","326","OCCURRENCE","classic","area",8.8915,NA
"1305","326","IMPACT","classic","center",6.0688,NA
"1306","326","OCCURRENCE","classic","center",7.0688,NA
"1307","326","IMPACT","classic","centertogrid",4.2924,NA
"1308","326","OCCURRENCE","classic","centertogrid",5.7971,NA
"1309","326","IMPACT","classic","reachedgrid",7.0493,NA
"1310","326","OCCURRENCE","classic","reachedgrid",7.1559,NA
"1311","326","IMPACT","classic","weighted",7.6926,NA
"1312","326","OCCURRENCE","classic","weighted",8.3077,NA
"1313","326","IMPACT","classic","pooling",11.9087,NA
"1314","326","OCCURRENCE","classic","pooling",14.5021,NA
"1315","326","IMPACT","area","center",4.0482,NA
"1316","326","OCCURRENCE","area","center",3.7983,NA
"1317","326","IMPACT","area","centertogrid",6.4067,NA
"1318","326","OCCURRENCE","area","centertogrid",5.9107,NA
"1319","326","IMPACT","area","reachedgrid",5.0546,NA
"1320","326","OCCURRENCE","area","reachedgrid",4.9149,NA
"1321","326","IMPACT","area","weighted",1.9852,NA
"1322","326","OCCURRENCE","area","weighted",1.3141,NA
"1323","326","IMPACT","area","pooling",19.0165,NA
"1324","326","OCCURRENCE","area","pooling",21.2036,NA
"1325","326","IMPACT","center","centertogrid",4.2483,NA
"1326","326","OCCURRENCE","center","centertogrid",4.5616,NA
"1327","326","IMPACT","center","reachedgrid",5.5329,NA
"1328","326","OCCURRENCE","center","reachedgrid",5.555,NA
"1329","326","IMPACT","center","weighted",2.4024,NA
"1330","326","OCCURRENCE","center","weighted",2.5413,NA
"1331","326","IMPACT","center","pooling",15.8677,NA
"1332","326","OCCURRENCE","center","pooling",19.1976,NA
"1333","326","IMPACT","centertogrid","reachedgrid",2.9373,NA
"1334","326","OCCURRENCE","centertogrid","reachedgrid",3.7333,NA
"1335","326","IMPACT","centertogrid","weighted",5.4491,NA
"1336","326","OCCURRENCE","centertogrid","weighted",5.3658,NA
"1337","326","IMPACT","centertogrid","pooling",16.0773,NA
"1338","326","OCCURRENCE","centertogrid","pooling",19.43,NA
"1339","326","IMPACT","reachedgrid","weighted",5.2961,NA
"1340","326","OCCURRENCE","reachedgrid","weighted",4.9962,NA
"1341","326","IMPACT","reachedgrid","pooling",18.7864,NA
"1342","326","OCCURRENCE","reachedgrid","pooling",21.3003,NA
"1343","326","IMPACT","weighted","pooling",17.2923,NA
"1344","326","OCCURRENCE","weighted","pooling",20.3985,NA
"1345","327","IMPACT","classic","area",8.1267,NA
"1346","327","OCCURRENCE","classic","area",10.082,NA
"1347","327","IMPACT","classic","center",6.748,NA
"1348","327","OCCURRENCE","classic","center",9.4821,NA
"1349","327","IMPACT","classic","centertogrid",4.127,NA
"1350","327","OCCURRENCE","classic","centertogrid",7.701,NA
"1351","327","IMPACT","classic","reachedgrid",8.6508,NA
"1352","327","OCCURRENCE","classic","reachedgrid",10.1259,NA
"1353","327","IMPACT","classic","weighted",7.8871,NA
"1354","327","OCCURRENCE","classic","weighted",10.403,NA
"1355","327","IMPACT","classic","pooling",12.4921,NA
"1356","327","OCCURRENCE","classic","pooling",11.8482,NA
"1357","327","IMPACT","area","center",2.7711,NA
"1358","327","OCCURRENCE","area","center",2.4,NA
"1359","327","IMPACT","area","centertogrid",5.8724,NA
"1360","327","OCCURRENCE","area","centertogrid",5.6425,NA
"1361","327","IMPACT","area","reachedgrid",5.1766,NA
"1362","327","OCCURRENCE","area","reachedgrid",5.0799,NA
"1363","327","IMPACT","area","weighted",0.5846,NA
"1364","327","OCCURRENCE","area","weighted",0.951,NA
"1365","327","IMPACT","area","pooling",16.7977,NA
"1366","327","OCCURRENCE","area","pooling",15.6076,NA
"1367","327","IMPACT","center","centertogrid",4.6687,NA
"1368","327","OCCURRENCE","center","centertogrid",4.9252,NA
"1369","327","IMPACT","center","reachedgrid",5.9526,NA
"1370","327","OCCURRENCE","center","reachedgrid",5.8662,NA
"1371","327","IMPACT","center","weighted",2.2846,NA
"1372","327","OCCURRENCE","center","weighted",1.8095,NA
"1373","327","IMPACT","center","pooling",14.3734,NA
"1374","327","OCCURRENCE","center","pooling",13.4209,NA
"1375","327","IMPACT","centertogrid","reachedgrid",4.5238,NA
"1376","327","OCCURRENCE","centertogrid","reachedgrid",4.9388,NA
"1377","327","IMPACT","centertogrid","weighted",5.5772,NA
"1378","327","OCCURRENCE","centertogrid","weighted",5.3402,NA
"1379","327","IMPACT","centertogrid","pooling",14.8193,NA
"1380","327","OCCURRENCE","centertogrid","pooling",12.1347,NA
"1381","327","IMPACT","reachedgrid","weighted",5.1426,NA
"1382","327","OCCURRENCE","reachedgrid","weighted",5.2539,NA
"1383","327","IMPACT","reachedgrid","pooling",19.2167,NA
"1384","327","OCCURRENCE","reachedgrid","pooling",16.6784,NA
"1385","327","IMPACT","weighted","pooling",16.392,NA
"1386","327","OCCURRENCE","weighted","pooling",14.8051,NA
"1387","328","IMPACT","classic","area",7.4792,NA
"1388","328","OCCURRENCE","classic","area",7.6591,NA
"1389","328","IMPACT","classic","center",6.7024,NA
"1390","328","OCCURRENCE","classic","center",8.1726,NA
"1391","328","IMPACT","classic","centertogrid",6.0317,NA
"1392","328","OCCURRENCE","classic","centertogrid",8.254,NA
"1393","328","IMPACT","classic","reachedgrid",7.0694,NA
"1394","328","OCCURRENCE","classic","reachedgrid",6.76,NA
"1395","328","IMPACT","classic","weighted",7.0807,NA
"1396","328","OCCURRENCE","classic","weighted",7.5807,NA
"1397","328","IMPACT","classic","pooling",12.8304,NA
"1398","328","OCCURRENCE","classic","pooling",14.1508,NA
"1399","328","IMPACT","area","center",4.3163,NA
"1400","328","OCCURRENCE","area","center",1.5397,NA
"1401","328","IMPACT","area","centertogrid",7.3034,NA
"1402","328","OCCURRENCE","area","centertogrid",5.4858,NA
"1403","328","IMPACT","area","reachedgrid",5.1642,NA
"1404","328","OCCURRENCE","area","reachedgrid",5.2987,NA
"1405","328","IMPACT","area","weighted",2.7549,NA
"1406","328","OCCURRENCE","area","weighted",1.1921,NA
"1407","328","IMPACT","area","pooling",17.9845,NA
"1408","328","OCCURRENCE","area","pooling",15.994,NA
"1409","328","IMPACT","center","centertogrid",4.7817,NA
"1410","328","OCCURRENCE","center","centertogrid",4.6806,NA
"1411","328","IMPACT","center","reachedgrid",6.5765,NA
"1412","328","OCCURRENCE","center","reachedgrid",5.6729,NA
"1413","328","IMPACT","center","weighted",2.2107,NA
"1414","328","OCCURRENCE","center","weighted",1.6881,NA
"1415","328","IMPACT","center","pooling",14.3012,NA
"1416","328","OCCURRENCE","center","pooling",15.4267,NA
"1417","328","IMPACT","centertogrid","reachedgrid",4.421,NA
"1418","328","OCCURRENCE","centertogrid","reachedgrid",4.7059,NA
"1419","328","IMPACT","centertogrid","weighted",5.8749,NA
"1420","328","OCCURRENCE","centertogrid","weighted",5.7113,NA
"1421","328","IMPACT","centertogrid","pooling",14.0999,NA
"1422","328","OCCURRENCE","centertogrid","pooling",14.8671,NA
"1423","328","IMPACT","reachedgrid","weighted",5.5856,NA
"1424","328","OCCURRENCE","reachedgrid","weighted",5.516,NA
"1425","328","IMPACT","reachedgrid","pooling",18.3723,NA
"1426","328","OCCURRENCE","reachedgrid","pooling",16.8739,NA
"1427","328","IMPACT","weighted","pooling",16.3647,NA
"1428","328","OCCURRENCE","weighted","pooling",14.9334,NA
"1429","329","IMPACT","classic","area",7.1429,NA
"1430","329","OCCURRENCE","classic","area",6.8503,NA
"1431","329","IMPACT","classic","center",6.2044,NA
"1432","329","OCCURRENCE","classic","center",6.3433,NA
"1433","329","IMPACT","classic","centertogrid",3.8095,NA
"1434","329","OCCURRENCE","classic","centertogrid",5.3968,NA
"1435","329","IMPACT","classic","reachedgrid",5.8543,NA
"1436","329","OCCURRENCE","classic","reachedgrid",4.1674,NA
"1437","329","IMPACT","classic","weighted",6.675,NA
"1438","329","OCCURRENCE","classic","weighted",6.838,NA
"1439","329","IMPACT","classic","pooling",13.435,NA
"1440","329","OCCURRENCE","classic","pooling",16.06,NA
"1441","329","IMPACT","area","center",2.3767,NA
"1442","329","OCCURRENCE","area","center",2.0344,NA
"1443","329","IMPACT","area","centertogrid",5.1417,NA
"1444","329","OCCURRENCE","area","centertogrid",4.8011,NA
"1445","329","IMPACT","area","reachedgrid",5.0521,NA
"1446","329","OCCURRENCE","area","reachedgrid",4.8267,NA
"1447","329","IMPACT","area","weighted",1.2146,NA
"1448","329","OCCURRENCE","area","weighted",0.8624,NA
"1449","329","IMPACT","area","pooling",16.9838,NA
"1450","329","OCCURRENCE","area","pooling",18.4167,NA
"1451","329","IMPACT","center","centertogrid",5.2837,NA
"1452","329","OCCURRENCE","center","centertogrid",3.9742,NA
"1453","329","IMPACT","center","reachedgrid",5.6867,NA
"1454","329","OCCURRENCE","center","reachedgrid",4.5175,NA
"1455","329","IMPACT","center","weighted",1.6907,NA
"1456","329","OCCURRENCE","center","weighted",1.6282,NA
"1457","329","IMPACT","center","pooling",15.8272,NA
"1458","329","OCCURRENCE","center","pooling",16.6209,NA
"1459","329","IMPACT","centertogrid","reachedgrid",2.0448,NA
"1460","329","OCCURRENCE","centertogrid","reachedgrid",1.7143,NA
"1461","329","IMPACT","centertogrid","weighted",5.0615,NA
"1462","329","OCCURRENCE","centertogrid","weighted",4.6539,NA
"1463","329","IMPACT","centertogrid","pooling",16.6699,NA
"1464","329","OCCURRENCE","centertogrid","pooling",18.5347,NA
"1465","329","IMPACT","reachedgrid","weighted",5.3509,NA
"1466","329","OCCURRENCE","reachedgrid","weighted",4.6909,NA
"1467","329","IMPACT","reachedgrid","pooling",18.404,NA
"1468","329","OCCURRENCE","reachedgrid","pooling",18.6134,NA
"1469","329","IMPACT","weighted","pooling",16.348,NA
"1470","329","OCCURRENCE","weighted","pooling",17.9251,NA
"1471","330","IMPACT","classic","area",8.9866,NA
"1472","330","OCCURRENCE","classic","area",11.484,NA
"1473","330","IMPACT","classic","center",5.6836,NA
"1474","330","OCCURRENCE","classic","center",11.2461,NA
"1475","330","IMPACT","classic","centertogrid",3.4375,NA
"1476","330","OCCURRENCE","classic","centertogrid",9.375,NA
"1477","330","IMPACT","classic","reachedgrid",7.3269,NA
"1478","330","OCCURRENCE","classic","reachedgrid",9.9484,NA
"1479","330","IMPACT","classic","weighted",6.8072,NA
"1480","330","OCCURRENCE","classic","weighted",11.5216,NA
"1481","330","IMPACT","classic","pooling",13.1619,NA
"1482","330","OCCURRENCE","classic","pooling",19.3779,NA
"1483","330","IMPACT","area","center",5.3544,NA
"1484","330","OCCURRENCE","area","center",1.1833,NA
"1485","330","IMPACT","area","centertogrid",7.3926,NA
"1486","330","OCCURRENCE","area","centertogrid",5.0877,NA
"1487","330","IMPACT","area","reachedgrid",4.9232,NA
"1488","330","OCCURRENCE","area","reachedgrid",5.0844,NA
"1489","330","IMPACT","area","weighted",3.5617,NA
"1490","330","OCCURRENCE","area","weighted",0.3298,NA
"1491","330","IMPACT","area","pooling",18.6643,NA
"1492","330","OCCURRENCE","area","pooling",18.7155,NA
"1493","330","IMPACT","center","centertogrid",3.6289,NA
"1494","330","OCCURRENCE","center","centertogrid",4.9609,NA
"1495","330","IMPACT","center","reachedgrid",6.698,NA
"1496","330","OCCURRENCE","center","reachedgrid",5.1013,NA
"1497","330","IMPACT","center","weighted",2.4189,NA
"1498","330","OCCURRENCE","center","weighted",1.1198,NA
"1499","330","IMPACT","center","pooling",14.2163,NA
"1500","330","OCCURRENCE","center","pooling",18.8507,NA
"1501","330","IMPACT","centertogrid","reachedgrid",6.3894,NA
"1502","330","OCCURRENCE","centertogrid","reachedgrid",1.144,NA
"1503","330","IMPACT","centertogrid","weighted",5.5391,NA
"1504","330","OCCURRENCE","centertogrid","weighted",4.9404,NA
"1505","330","IMPACT","centertogrid","pooling",14.8512,NA
"1506","330","OCCURRENCE","centertogrid","pooling",19.8644,NA
"1507","330","IMPACT","reachedgrid","weighted",6.0535,NA
"1508","330","OCCURRENCE","reachedgrid","weighted",4.9801,NA
"1509","330","IMPACT","reachedgrid","pooling",19.6672,NA
"1510","330","OCCURRENCE","reachedgrid","pooling",19.9813,NA
"1511","330","IMPACT","weighted","pooling",15.7772,NA
"1512","330","OCCURRENCE","weighted","pooling",18.7892,NA
"1513","331","IMPACT","classic","area",7.5028,NA
"1514","331","OCCURRENCE","classic","area",8.2216,NA
"1515","331","IMPACT","classic","center",5.8409,NA
"1516","331","OCCURRENCE","classic","center",8.3902,NA
"1517","331","IMPACT","classic","centertogrid",4.1193,NA
"1518","331","OCCURRENCE","classic","centertogrid",8.4848,NA
"1519","331","IMPACT","classic","reachedgrid",4.7335,NA
"1520","331","OCCURRENCE","classic","reachedgrid",7.6768,NA
"1521","331","IMPACT","classic","weighted",6.2608,NA
"1522","331","OCCURRENCE","classic","weighted",8.737,NA
"1523","331","IMPACT","classic","pooling",12.3696,NA
"1524","331","OCCURRENCE","classic","pooling",15.1866,NA
"1525","331","IMPACT","area","center",3.7516,NA
"1526","331","OCCURRENCE","area","center",1.2081,NA
"1527","331","IMPACT","area","centertogrid",5.6075,NA
"1528","331","OCCURRENCE","area","centertogrid",5.1407,NA
"1529","331","IMPACT","area","reachedgrid",4.9866,NA
"1530","331","OCCURRENCE","area","reachedgrid",5.1508,NA
"1531","331","IMPACT","area","weighted",2.2941,NA
"1532","331","OCCURRENCE","area","weighted",0.6448,NA
"1533","331","IMPACT","area","pooling",17.5612,NA
"1534","331","OCCURRENCE","area","pooling",16.294,NA
"1535","331","IMPACT","center","centertogrid",4.7306,NA
"1536","331","OCCURRENCE","center","centertogrid",5.5758,NA
"1537","331","IMPACT","center","reachedgrid",5.7533,NA
"1538","331","OCCURRENCE","center","reachedgrid",5.6374,NA
"1539","331","IMPACT","center","weighted",2.1437,NA
"1540","331","OCCURRENCE","center","weighted",1.2449,NA
"1541","331","IMPACT","center","pooling",15.1895,NA
"1542","331","OCCURRENCE","center","pooling",15.9481,NA
"1543","331","IMPACT","centertogrid","reachedgrid",3.0539,NA
"1544","331","OCCURRENCE","centertogrid","reachedgrid",0.8369,NA
"1545","331","IMPACT","centertogrid","weighted",5.0008,NA
"1546","331","OCCURRENCE","centertogrid","weighted",5.0577,NA
"1547","331","IMPACT","centertogrid","pooling",16.1978,NA
"1548","331","OCCURRENCE","centertogrid","pooling",18.2261,NA
"1549","331","IMPACT","reachedgrid","weighted",5.3701,NA
"1550","331","OCCURRENCE","reachedgrid","weighted",5.1249,NA
"1551","331","IMPACT","reachedgrid","pooling",16.7061,NA
"1552","331","OCCURRENCE","reachedgrid","pooling",17.6064,NA
"1553","331","IMPACT","weighted","pooling",16.3981,NA
"1554","331","OCCURRENCE","weighted","pooling",16.6314,NA
"1555","333","IMPACT","classic","area",6.532,NA
"1556","333","OCCURRENCE","classic","area",9.148,NA
"1557","333","IMPACT","classic","center",6.0096,NA
"1558","333","OCCURRENCE","classic","center",9.9865,NA
"1559","333","IMPACT","classic","centertogrid",3.4231,NA
"1560","333","OCCURRENCE","classic","centertogrid",9.5385,NA
"1561","333","IMPACT","classic","reachedgrid",4.9784,NA
"1562","333","OCCURRENCE","classic","reachedgrid",8.5897,NA
"1563","333","IMPACT","classic","weighted",6.3883,NA
"1564","333","OCCURRENCE","classic","weighted",9.1948,NA
"1565","333","IMPACT","classic","pooling",13.3806,NA
"1566","333","OCCURRENCE","classic","pooling",18.7709,NA
"1567","333","IMPACT","area","center",2.8147,NA
"1568","333","OCCURRENCE","area","center",2.3185,NA
"1569","333","IMPACT","area","centertogrid",5.3343,NA
"1570","333","OCCURRENCE","area","centertogrid",5.4804,NA
"1571","333","IMPACT","area","reachedgrid",4.9598,NA
"1572","333","OCCURRENCE","area","reachedgrid",5.0134,NA
"1573","333","IMPACT","area","weighted",2.9041,NA
"1574","333","OCCURRENCE","area","weighted",0.6232,NA
"1575","333","IMPACT","area","pooling",17.5447,NA
"1576","333","OCCURRENCE","area","pooling",15.0801,NA
"1577","333","IMPACT","center","centertogrid",4.8925,NA
"1578","333","OCCURRENCE","center","centertogrid",4.7904,NA
"1579","333","IMPACT","center","reachedgrid",5.5132,NA
"1580","333","OCCURRENCE","center","reachedgrid",5.5216,NA
"1581","333","IMPACT","center","weighted",1.8274,NA
"1582","333","OCCURRENCE","center","weighted",2.2681,NA
"1583","333","IMPACT","center","pooling",15.9613,NA
"1584","333","OCCURRENCE","center","pooling",13.4753,NA
"1585","333","IMPACT","centertogrid","reachedgrid",2.5809,NA
"1586","333","OCCURRENCE","centertogrid","reachedgrid",2.3077,NA
"1587","333","IMPACT","centertogrid","weighted",5.3362,NA
"1588","333","OCCURRENCE","centertogrid","weighted",5.3023,NA
"1589","333","IMPACT","centertogrid","pooling",16.4746,NA
"1590","333","OCCURRENCE","centertogrid","pooling",15.9823,NA
"1591","333","IMPACT","reachedgrid","weighted",5.8752,NA
"1592","333","OCCURRENCE","reachedgrid","weighted",4.9594,NA
"1593","333","IMPACT","reachedgrid","pooling",17.839,NA
"1594","333","OCCURRENCE","reachedgrid","pooling",17.1159,NA
"1595","333","IMPACT","weighted","pooling",16.5965,NA
"1596","333","OCCURRENCE","weighted","pooling",15.3349,NA
"1597","334","IMPACT","classic","area",7.3234,NA
"1598","334","OCCURRENCE","classic","area",7.5414,NA
"1599","334","IMPACT","classic","center",6.3507,NA
"1600","334","OCCURRENCE","classic","center",8.7388,NA
"1601","334","IMPACT","classic","centertogrid",3.9219,NA
"1602","334","OCCURRENCE","classic","centertogrid",7.7612,NA
"1603","334","IMPACT","classic","reachedgrid",6.5531,NA
"1604","334","OCCURRENCE","classic","reachedgrid",8.0401,NA
"1605","334","IMPACT","classic","weighted",6.7801,NA
"1606","334","OCCURRENCE","classic","weighted",6.9708,NA
"1607","334","IMPACT","classic","pooling",13.0881,NA
"1608","334","OCCURRENCE","classic","pooling",18.7942,NA
"1609","334","IMPACT","area","center",2.7052,NA
"1610","334","OCCURRENCE","area","center",2.2778,NA
"1611","334","IMPACT","area","centertogrid",5.9032,NA
"1612","334","OCCURRENCE","area","centertogrid",5.2325,NA
"1613","334","IMPACT","area","reachedgrid",5.0516,NA
"1614","334","OCCURRENCE","area","reachedgrid",5.114,NA
"1615","334","IMPACT","area","weighted",2.1345,NA
"1616","334","OCCURRENCE","area","weighted",0.995,NA
"1617","334","IMPACT","area","pooling",17.0991,NA
"1618","334","OCCURRENCE","area","pooling",16.8437,NA
"1619","334","IMPACT","center","centertogrid",4.8057,NA
"1620","334","OCCURRENCE","center","centertogrid",4.4888,NA
"1621","334","IMPACT","center","reachedgrid",5.7714,NA
"1622","334","OCCURRENCE","center","reachedgrid",5.3466,NA
"1623","334","IMPACT","center","weighted",1.7086,NA
"1624","334","OCCURRENCE","center","weighted",2.5828,NA
"1625","334","IMPACT","center","pooling",15.2489,NA
"1626","334","OCCURRENCE","center","pooling",15.4052,NA
"1627","334","IMPACT","centertogrid","reachedgrid",3.1162,NA
"1628","334","OCCURRENCE","centertogrid","reachedgrid",3.0291,NA
"1629","334","IMPACT","centertogrid","weighted",5.1881,NA
"1630","334","OCCURRENCE","centertogrid","weighted",5.2173,NA
"1631","334","IMPACT","centertogrid","pooling",15.8844,NA
"1632","334","OCCURRENCE","centertogrid","pooling",17.7035,NA
"1633","334","IMPACT","reachedgrid","weighted",5.3172,NA
"1634","334","OCCURRENCE","reachedgrid","weighted",5.2662,NA
"1635","334","IMPACT","reachedgrid","pooling",18.9904,NA
"1636","334","OCCURRENCE","reachedgrid","pooling",17.6673,NA
"1637","334","IMPACT","weighted","pooling",16.3127,NA
"1638","334","OCCURRENCE","weighted","pooling",16.3425,NA
"1639","335","IMPACT","classic","area",8.8813,NA
"1640","335","OCCURRENCE","classic","area",10.6697,NA
"1641","335","IMPACT","classic","center",7.125,NA
"1642","335","OCCURRENCE","classic","center",10.1214,NA
"1643","335","IMPACT","classic","centertogrid",5.5072,NA
"1644","335","OCCURRENCE","classic","centertogrid",9.5652,NA
"1645","335","IMPACT","classic","reachedgrid",6.6484,NA
"1646","335","OCCURRENCE","classic","reachedgrid",8.4689,NA
"1647","335","IMPACT","classic","weighted",7.8684,NA
"1648","335","OCCURRENCE","classic","weighted",9.9401,NA
"1649","335","IMPACT","classic","pooling",11.7801,NA
"1650","335","OCCURRENCE","classic","pooling",10.768,NA
"1651","335","IMPACT","area","center",5.2681,NA
"1652","335","OCCURRENCE","area","center",3.3178,NA
"1653","335","IMPACT","area","centertogrid",6.7395,NA
"1654","335","OCCURRENCE","area","centertogrid",6.1482,NA
"1655","335","IMPACT","area","reachedgrid",5.0579,NA
"1656","335","OCCURRENCE","area","reachedgrid",5.0853,NA
"1657","335","IMPACT","area","weighted",2.0725,NA
"1658","335","OCCURRENCE","area","weighted",1.8994,NA
"1659","335","IMPACT","area","pooling",18.6268,NA
"1660","335","OCCURRENCE","area","pooling",19.7274,NA
"1661","335","IMPACT","center","centertogrid",4.3605,NA
"1662","335","OCCURRENCE","center","centertogrid",5.1685,NA
"1663","335","IMPACT","center","reachedgrid",5.9286,NA
"1664","335","OCCURRENCE","center","reachedgrid",6.097,NA
"1665","335","IMPACT","center","weighted",3.2032,NA
"1666","335","OCCURRENCE","center","weighted",1.8782,NA
"1667","335","IMPACT","center","pooling",15.1716,NA
"1668","335","OCCURRENCE","center","pooling",18.7302,NA
"1669","335","IMPACT","centertogrid","reachedgrid",3.233,NA
"1670","335","OCCURRENCE","centertogrid","reachedgrid",4.425,NA
"1671","335","IMPACT","centertogrid","weighted",5.6584,NA
"1672","335","OCCURRENCE","centertogrid","weighted",5.4196,NA
"1673","335","IMPACT","centertogrid","pooling",16.1548,NA
"1674","335","OCCURRENCE","centertogrid","pooling",19.6211,NA
"1675","335","IMPACT","reachedgrid","weighted",4.9605,NA
"1676","335","OCCURRENCE","reachedgrid","weighted",5.2836,NA
"1677","335","IMPACT","reachedgrid","pooling",17.5204,NA
"1678","335","OCCURRENCE","reachedgrid","pooling",19.0909,NA
"1679","335","IMPACT","weighted","pooling",16.8646,NA
"1680","335","OCCURRENCE","weighted","pooling",19.0446,NA
"1681","336","IMPACT","classic","area",9.3486,NA
"1682","336","OCCURRENCE","classic","area",9.8864,NA
"1683","336","IMPACT","classic","center",7.6866,NA
"1684","336","OCCURRENCE","classic","center",9.2668,NA
"1685","336","IMPACT","classic","centertogrid",5.9701,NA
"1686","336","OCCURRENCE","classic","centertogrid",8.6567,NA
"1687","336","IMPACT","classic","reachedgrid",6.8676,NA
"1688","336","OCCURRENCE","classic","reachedgrid",8.6616,NA
"1689","336","IMPACT","classic","weighted",7.8627,NA
"1690","336","OCCURRENCE","classic","weighted",10.0207,NA
"1691","336","IMPACT","classic","pooling",8.3202,NA
"1692","336","OCCURRENCE","classic","pooling",8.2452,NA
"1693","336","IMPACT","area","center",5.622,NA
"1694","336","OCCURRENCE","area","center",2.0899,NA
"1695","336","IMPACT","area","centertogrid",7.2381,NA
"1696","336","OCCURRENCE","area","centertogrid",4.89,NA
"1697","336","IMPACT","area","reachedgrid",5.1646,NA
"1698","336","OCCURRENCE","area","reachedgrid",4.9303,NA
"1699","336","IMPACT","area","weighted",2.2966,NA
"1700","336","OCCURRENCE","area","weighted",0.6562,NA
"1701","336","IMPACT","area","pooling",16.475,NA
"1702","336","OCCURRENCE","area","pooling",17.3344,NA
"1703","336","IMPACT","center","centertogrid",5.0821,NA
"1704","336","OCCURRENCE","center","centertogrid",5.0578,NA
"1705","336","IMPACT","center","reachedgrid",7.0856,NA
"1706","336","OCCURRENCE","center","reachedgrid",5.2239,NA
"1707","336","IMPACT","center","weighted",3.4615,NA
"1708","336","OCCURRENCE","center","weighted",1.9821,NA
"1709","336","IMPACT","center","pooling",12.495,NA
"1710","336","OCCURRENCE","center","pooling",16.3524,NA
"1711","336","IMPACT","centertogrid","reachedgrid",3.3702,NA
"1712","336","OCCURRENCE","centertogrid","reachedgrid",1.0423,NA
"1713","336","IMPACT","centertogrid","weighted",5.8699,NA
"1714","336","OCCURRENCE","centertogrid","weighted",4.9179,NA
"1715","336","IMPACT","centertogrid","pooling",12.5238,NA
"1716","336","OCCURRENCE","centertogrid","pooling",16.7957,NA
"1717","336","IMPACT","reachedgrid","weighted",5.3225,NA
"1718","336","OCCURRENCE","reachedgrid","weighted",4.916,NA
"1719","336","IMPACT","reachedgrid","pooling",15.1773,NA
"1720","336","OCCURRENCE","reachedgrid","pooling",16.7871,NA
"1721","336","IMPACT","weighted","pooling",14.4016,NA
"1722","336","OCCURRENCE","weighted","pooling",17.4907,NA
"1723","337","IMPACT","classic","area",7.9053,NA
"1724","337","OCCURRENCE","classic","area",11.7723,NA
"1725","337","IMPACT","classic","center",6.7129,NA
"1726","337","OCCURRENCE","classic","center",11.0117,NA
"1727","337","IMPACT","classic","centertogrid",5.5645,NA
"1728","337","OCCURRENCE","classic","centertogrid",10.3125,NA
"1729","337","IMPACT","classic","reachedgrid",6.9406,NA
"1730","337","OCCURRENCE","classic","reachedgrid",10.9375,NA
"1731","337","IMPACT","classic","weighted",8.0941,NA
"1732","337","OCCURRENCE","classic","weighted",10.5708,NA
"1733","337","IMPACT","classic","pooling",12.5812,NA
"1734","337","OCCURRENCE","classic","pooling",15.3457,NA
"1735","337","IMPACT","area","center",3.9672,NA
"1736","337","OCCURRENCE","area","center",1.7985,NA
"1737","337","IMPACT","area","centertogrid",6.2964,NA
"1738","337","OCCURRENCE","area","centertogrid",4.9492,NA
"1739","337","IMPACT","area","reachedgrid",5.0056,NA
"1740","337","OCCURRENCE","area","reachedgrid",4.7693,NA
"1741","337","IMPACT","area","weighted",2.6067,NA
"1742","337","OCCURRENCE","area","weighted",1.4472,NA
"1743","337","IMPACT","area","pooling",16.7961,NA
"1744","337","OCCURRENCE","area","pooling",17.6315,NA
"1745","337","IMPACT","center","centertogrid",4.7816,NA
"1746","337","OCCURRENCE","center","centertogrid",4.3008,NA
"1747","337","IMPACT","center","reachedgrid",6.0599,NA
"1748","337","OCCURRENCE","center","reachedgrid",4.9821,NA
"1749","337","IMPACT","center","weighted",2.378,NA
"1750","337","OCCURRENCE","center","weighted",1.5468,NA
"1751","337","IMPACT","center","pooling",13.4967,NA
"1752","337","OCCURRENCE","center","pooling",16.5938,NA
"1753","337","IMPACT","centertogrid","reachedgrid",2.8423,NA
"1754","337","OCCURRENCE","centertogrid","reachedgrid",2.4659,NA
"1755","337","IMPACT","centertogrid","weighted",5.4996,NA
"1756","337","OCCURRENCE","centertogrid","weighted",4.8222,NA
"1757","337","IMPACT","centertogrid","pooling",14.1919,NA
"1758","337","OCCURRENCE","centertogrid","pooling",17.4371,NA
"1759","337","IMPACT","reachedgrid","weighted",5.1868,NA
"1760","337","OCCURRENCE","reachedgrid","weighted",5.0608,NA
"1761","337","IMPACT","reachedgrid","pooling",16.8859,NA
"1762","337","OCCURRENCE","reachedgrid","pooling",18.5371,NA
"1763","337","IMPACT","weighted","pooling",15.6633,NA
"1764","337","OCCURRENCE","weighted","pooling",16.6227,NA
"1765","338","IMPACT","classic","area",8.2455,NA
"1766","338","OCCURRENCE","classic","area",9.0905,NA
"1767","338","IMPACT","classic","center",6.7885,NA
"1768","338","OCCURRENCE","classic","center",9.4942,NA
"1769","338","IMPACT","classic","centertogrid",6.149,NA
"1770","338","OCCURRENCE","classic","centertogrid",9.2308,NA
"1771","338","IMPACT","classic","reachedgrid",6.5976,NA
"1772","338","OCCURRENCE","classic","reachedgrid",6.8594,NA
"1773","338","IMPACT","classic","weighted",7.8386,NA
"1774","338","OCCURRENCE","classic","weighted",9.8434,NA
"1775","338","IMPACT","classic","pooling",11.2135,NA
"1776","338","OCCURRENCE","classic","pooling",16.5086,NA
"1777","338","IMPACT","area","center",3.485,NA
"1778","338","OCCURRENCE","area","center",1.5732,NA
"1779","338","IMPACT","area","centertogrid",5.7969,NA
"1780","338","OCCURRENCE","area","centertogrid",5.1777,NA
"1781","338","IMPACT","area","reachedgrid",4.961,NA
"1782","338","OCCURRENCE","area","reachedgrid",5.1667,NA
"1783","338","IMPACT","area","weighted",1.889,NA
"1784","338","OCCURRENCE","area","weighted",0.8543,NA
"1785","338","IMPACT","area","pooling",17.3202,NA
"1786","338","OCCURRENCE","area","pooling",16.9094,NA
"1787","338","IMPACT","center","centertogrid",4.4227,NA
"1788","338","OCCURRENCE","center","centertogrid",4.6442,NA
"1789","338","IMPACT","center","reachedgrid",5.453,NA
"1790","338","OCCURRENCE","center","reachedgrid",5.3735,NA
"1791","338","IMPACT","center","weighted",2.3726,NA
"1792","338","OCCURRENCE","center","weighted",1.5934,NA
"1793","338","IMPACT","center","pooling",13.9756,NA
"1794","338","OCCURRENCE","center","pooling",16.3611,NA
"1795","338","IMPACT","centertogrid","reachedgrid",4.1135,NA
"1796","338","OCCURRENCE","centertogrid","reachedgrid",2.8488,NA
"1797","338","IMPACT","centertogrid","weighted",5.1017,NA
"1798","338","OCCURRENCE","centertogrid","weighted",5.0887,NA
"1799","338","IMPACT","centertogrid","pooling",13.4026,NA
"1800","338","OCCURRENCE","centertogrid","pooling",17.705,NA
"1801","338","IMPACT","reachedgrid","weighted",5.0609,NA
"1802","338","OCCURRENCE","reachedgrid","weighted",5.342,NA
"1803","338","IMPACT","reachedgrid","pooling",17.3894,NA
"1804","338","OCCURRENCE","reachedgrid","pooling",18.2701,NA
"1805","338","IMPACT","weighted","pooling",16.2733,NA
"1806","338","OCCURRENCE","weighted","pooling",17.1862,NA
"1807","339","IMPACT","classic","area",6.8454,NA
"1808","339","OCCURRENCE","classic","area",10.8657,NA
"1809","339","IMPACT","classic","center",6.1228,NA
"1810","339","OCCURRENCE","classic","center",12.8371,NA
"1811","339","IMPACT","classic","centertogrid",3.9286,NA
"1812","339","OCCURRENCE","classic","centertogrid",11.0714,NA
"1813","339","IMPACT","classic","reachedgrid",5.3333,NA
"1814","339","OCCURRENCE","classic","reachedgrid",11.2885,NA
"1815","339","IMPACT","classic","weighted",6.1014,NA
"1816","339","OCCURRENCE","classic","weighted",11.7836,NA
"1817","339","IMPACT","classic","pooling",14.1603,NA
"1818","339","OCCURRENCE","classic","pooling",19.427,NA
"1819","339","IMPACT","area","center",5.2234,NA
"1820","339","OCCURRENCE","area","center",2.7244,NA
"1821","339","IMPACT","area","centertogrid",6.3115,NA
"1822","339","OCCURRENCE","area","centertogrid",5.3162,NA
"1823","339","IMPACT","area","reachedgrid",5.0042,NA
"1824","339","OCCURRENCE","area","reachedgrid",5.2412,NA
"1825","339","IMPACT","area","weighted",2.1887,NA
"1826","339","OCCURRENCE","area","weighted",1.1593,NA
"1827","339","IMPACT","area","pooling",19.2637,NA
"1828","339","OCCURRENCE","area","pooling",17.8894,NA
"1829","339","IMPACT","center","centertogrid",4.8683,NA
"1830","339","OCCURRENCE","center","centertogrid",4.9174,NA
"1831","339","IMPACT","center","reachedgrid",6.0126,NA
"1832","339","OCCURRENCE","center","reachedgrid",5.2374,NA
"1833","339","IMPACT","center","weighted",3.152,NA
"1834","339","OCCURRENCE","center","weighted",1.9035,NA
"1835","339","IMPACT","center","pooling",16.2234,NA
"1836","339","OCCURRENCE","center","pooling",17.5823,NA
"1837","339","IMPACT","centertogrid","reachedgrid",3.2619,NA
"1838","339","OCCURRENCE","centertogrid","reachedgrid",1.8417,NA
"1839","339","IMPACT","centertogrid","weighted",5.2659,NA
"1840","339","OCCURRENCE","centertogrid","weighted",5.1696,NA
"1841","339","IMPACT","centertogrid","pooling",16.7748,NA
"1842","339","OCCURRENCE","centertogrid","pooling",18.3425,NA
"1843","339","IMPACT","reachedgrid","weighted",5.1628,NA
"1844","339","OCCURRENCE","reachedgrid","weighted",5.0912,NA
"1845","339","IMPACT","reachedgrid","pooling",18.6113,NA
"1846","339","OCCURRENCE","reachedgrid","pooling",19.6447,NA
"1847","339","IMPACT","weighted","pooling",18.0115,NA
"1848","339","OCCURRENCE","weighted","pooling",17.7961,NA
"1849","340","IMPACT","classic","area",6.7205,NA
"1850","340","OCCURRENCE","classic","area",5.8276,NA
"1851","340","IMPACT","classic","center",5.9414,NA
"1852","340","OCCURRENCE","classic","center",5.8652,NA
"1853","340","IMPACT","classic","centertogrid",3.75,NA
"1854","340","OCCURRENCE","classic","centertogrid",3.4375,NA
"1855","340","IMPACT","classic","reachedgrid",5.2317,NA
"1856","340","OCCURRENCE","classic","reachedgrid",4.244,NA
"1857","340","IMPACT","classic","weighted",6.3726,NA
"1858","340","OCCURRENCE","classic","weighted",5.7349,NA
"1859","340","IMPACT","classic","pooling",12.9775,NA
"1860","340","OCCURRENCE","classic","pooling",13.5046,NA
"1861","340","IMPACT","area","center",4.6352,NA
"1862","340","OCCURRENCE","area","center",1.5757,NA
"1863","340","IMPACT","area","centertogrid",6.6765,NA
"1864","340","OCCURRENCE","area","centertogrid",4.8831,NA
"1865","340","IMPACT","area","reachedgrid",5.0737,NA
"1866","340","OCCURRENCE","area","reachedgrid",4.8096,NA
"1867","340","IMPACT","area","weighted",3.158,NA
"1868","340","OCCURRENCE","area","weighted",0.4026,NA
"1869","340","IMPACT","area","pooling",16.7251,NA
"1870","340","OCCURRENCE","area","pooling",16.3478,NA
"1871","340","IMPACT","center","centertogrid",4.7852,NA
"1872","340","OCCURRENCE","center","centertogrid",4.3418,NA
"1873","340","IMPACT","center","reachedgrid",6.8685,NA
"1874","340","OCCURRENCE","center","reachedgrid",4.6457,NA
"1875","340","IMPACT","center","weighted",2.2057,NA
"1876","340","OCCURRENCE","center","weighted",1.6292,NA
"1877","340","IMPACT","center","pooling",13.6491,NA
"1878","340","OCCURRENCE","center","pooling",16.0931,NA
"1879","340","IMPACT","centertogrid","reachedgrid",3.9775,NA
"1880","340","OCCURRENCE","centertogrid","reachedgrid",2.2054,NA
"1881","340","IMPACT","centertogrid","weighted",5.3494,NA
"1882","340","OCCURRENCE","centertogrid","weighted",4.8748,NA
"1883","340","IMPACT","centertogrid","pooling",14.4275,NA
"1884","340","OCCURRENCE","centertogrid","pooling",15.2356,NA
"1885","340","IMPACT","reachedgrid","weighted",5.8396,NA
"1886","340","OCCURRENCE","reachedgrid","weighted",4.7896,NA
"1887","340","IMPACT","reachedgrid","pooling",18.209,NA
"1888","340","OCCURRENCE","reachedgrid","pooling",17.0253,NA
"1889","340","IMPACT","weighted","pooling",14.9989,NA
"1890","340","OCCURRENCE","weighted","pooling",16.1879,NA
"1891","341","IMPACT","classic","area",8.1014,NA
"1892","341","OCCURRENCE","classic","area",7.5062,NA
"1893","341","IMPACT","classic","center",5.5164,NA
"1894","341","OCCURRENCE","classic","center",8.082,NA
"1895","341","IMPACT","classic","centertogrid",2.2951,NA
"1896","341","OCCURRENCE","classic","centertogrid",8.0492,NA
"1897","341","IMPACT","classic","reachedgrid",6.9244,NA
"1898","341","OCCURRENCE","classic","reachedgrid",5.1261,NA
"1899","341","IMPACT","classic","weighted",6.6679,NA
"1900","341","OCCURRENCE","classic","weighted",7.3917,NA
"1901","341","IMPACT","classic","pooling",13.6646,NA
"1902","341","OCCURRENCE","classic","pooling",16.2169,NA
"1903","341","IMPACT","area","center",4.6635,NA
"1904","341","OCCURRENCE","area","center",1.7825,NA
"1905","341","IMPACT","area","centertogrid",6.6039,NA
"1906","341","OCCURRENCE","area","centertogrid",5.0369,NA
"1907","341","IMPACT","area","reachedgrid",4.9097,NA
"1908","341","OCCURRENCE","area","reachedgrid",5.1284,NA
"1909","341","IMPACT","area","weighted",1.8738,NA
"1910","341","OCCURRENCE","area","weighted",0.8022,NA
"1911","341","IMPACT","area","pooling",17.9274,NA
"1912","341","OCCURRENCE","area","pooling",20.6096,NA
"1913","341","IMPACT","center","centertogrid",4.8689,NA
"1914","341","OCCURRENCE","center","centertogrid",4.2193,NA
"1915","341","IMPACT","center","reachedgrid",6.6464,NA
"1916","341","OCCURRENCE","center","reachedgrid",5.0541,NA
"1917","341","IMPACT","center","weighted",3.0294,NA
"1918","341","OCCURRENCE","center","weighted",2.1362,NA
"1919","341","IMPACT","center","pooling",15.4285,NA
"1920","341","OCCURRENCE","center","pooling",20.7372,NA
"1921","341","IMPACT","centertogrid","reachedgrid",4.6293,NA
"1922","341","OCCURRENCE","centertogrid","reachedgrid",2.9231,NA
"1923","341","IMPACT","centertogrid","weighted",5.5617,NA
"1924","341","OCCURRENCE","centertogrid","weighted",5.2109,NA
"1925","341","IMPACT","centertogrid","pooling",14.0167,NA
"1926","341","OCCURRENCE","centertogrid","pooling",20.6477,NA
"1927","341","IMPACT","reachedgrid","weighted",5.206,NA
"1928","341","OCCURRENCE","reachedgrid","weighted",5.2508,NA
"1929","341","IMPACT","reachedgrid","pooling",16.9579,NA
"1930","341","OCCURRENCE","reachedgrid","pooling",20.2021,NA
"1931","341","IMPACT","weighted","pooling",16.8083,NA
"1932","341","OCCURRENCE","weighted","pooling",20.7686,NA
"1933","342","IMPACT","classic","area",8.1179,NA
"1934","342","OCCURRENCE","classic","area",7.479,NA
"1935","342","IMPACT","classic","center",6.5237,NA
"1936","342","OCCURRENCE","classic","center",7.1832,NA
"1937","342","IMPACT","classic","centertogrid",6.5517,NA
"1938","342","OCCURRENCE","classic","centertogrid",5.5172,NA
"1939","342","IMPACT","classic","reachedgrid",7.7439,NA
"1940","342","OCCURRENCE","classic","reachedgrid",6.5647,NA
"1941","342","IMPACT","classic","weighted",7.2511,NA
"1942","342","OCCURRENCE","classic","weighted",7.7731,NA
"1943","342","IMPACT","classic","pooling",11.1578,NA
"1944","342","OCCURRENCE","classic","pooling",15.7912,NA
"1945","342","IMPACT","area","center",3.8568,NA
"1946","342","OCCURRENCE","area","center",1.6586,NA
"1947","342","IMPACT","area","centertogrid",5.6113,NA
"1948","342","OCCURRENCE","area","centertogrid",5.0622,NA
"1949","342","IMPACT","area","reachedgrid",5.1299,NA
"1950","342","OCCURRENCE","area","reachedgrid",4.9976,NA
"1951","342","IMPACT","area","weighted",2.5375,NA
"1952","342","OCCURRENCE","area","weighted",0.581,NA
"1953","342","IMPACT","area","pooling",17.0121,NA
"1954","342","OCCURRENCE","area","pooling",19.0538,NA
"1955","342","IMPACT","center","centertogrid",4.5409,NA
"1956","342","OCCURRENCE","center","centertogrid",4.7047,NA
"1957","342","IMPACT","center","reachedgrid",7.0026,NA
"1958","342","OCCURRENCE","center","reachedgrid",5.0954,NA
"1959","342","IMPACT","center","weighted",2.2293,NA
"1960","342","OCCURRENCE","center","weighted",1.9503,NA
"1961","342","IMPACT","center","pooling",13.7207,NA
"1962","342","OCCURRENCE","center","pooling",18.3791,NA
"1963","342","IMPACT","centertogrid","reachedgrid",4.9612,NA
"1964","342","OCCURRENCE","centertogrid","reachedgrid",1.5159,NA
"1965","342","IMPACT","centertogrid","weighted",4.9921,NA
"1966","342","OCCURRENCE","centertogrid","weighted",5.2078,NA
"1967","342","IMPACT","centertogrid","pooling",15.7619,NA
"1968","342","OCCURRENCE","centertogrid","pooling",19.2563,NA
"1969","342","IMPACT","reachedgrid","weighted",6.1914,NA
"1970","342","OCCURRENCE","reachedgrid","weighted",5.0227,NA
"1971","342","IMPACT","reachedgrid","pooling",18.146,NA
"1972","342","OCCURRENCE","reachedgrid","pooling",20.4035,NA
"1973","342","IMPACT","weighted","pooling",15.5916,NA
"1974","342","OCCURRENCE","weighted","pooling",19.5141,NA
"1975","343","IMPACT","classic","area",9.2025,NA
"1976","343","OCCURRENCE","classic","area",8.9092,NA
"1977","343","IMPACT","classic","center",7.8569,NA
"1978","343","OCCURRENCE","classic","center",7.7645,NA
"1979","343","IMPACT","classic","centertogrid",6.9565,NA
"1980","343","OCCURRENCE","classic","centertogrid",6.087,NA
"1981","343","IMPACT","classic","reachedgrid",7.9884,NA
"1982","343","OCCURRENCE","classic","reachedgrid",7.953,NA
"1983","343","IMPACT","classic","weighted",8.83,NA
"1984","343","OCCURRENCE","classic","weighted",8.1136,NA
"1985","343","IMPACT","classic","pooling",12.6073,NA
"1986","343","OCCURRENCE","classic","pooling",11.7043,NA
"1987","343","IMPACT","area","center",2.5078,NA
"1988","343","OCCURRENCE","area","center",2.0302,NA
"1989","343","IMPACT","area","centertogrid",5.3922,NA
"1990","343","OCCURRENCE","area","centertogrid",5.4112,NA
"1991","343","IMPACT","area","reachedgrid",4.9792,NA
"1992","343","OCCURRENCE","area","reachedgrid",5.046,NA
"1993","343","IMPACT","area","weighted",1.8657,NA
"1994","343","OCCURRENCE","area","weighted",1.1956,NA
"1995","343","IMPACT","area","pooling",17.9697,NA
"1996","343","OCCURRENCE","area","pooling",16.4603,NA
"1997","343","IMPACT","center","centertogrid",4.1069,NA
"1998","343","OCCURRENCE","center","centertogrid",4.2391,NA
"1999","343","IMPACT","center","reachedgrid",4.8213,NA
"2000","343","OCCURRENCE","center","reachedgrid",5.1383,NA
"2001","343","IMPACT","center","weighted",1.9156,NA
"2002","343","OCCURRENCE","center","weighted",1.6539,NA
"2003","343","IMPACT","center","pooling",15.7564,NA
"2004","343","OCCURRENCE","center","pooling",14.8603,NA
"2005","343","IMPACT","centertogrid","reachedgrid",2.2957,NA
"2006","343","OCCURRENCE","centertogrid","reachedgrid",2.4458,NA
"2007","343","IMPACT","centertogrid","weighted",5.2252,NA
"2008","343","OCCURRENCE","centertogrid","weighted",5.1119,NA
"2009","343","IMPACT","centertogrid","pooling",17.4603,NA
"2010","343","OCCURRENCE","centertogrid","pooling",15.5491,NA
"2011","343","IMPACT","reachedgrid","weighted",5.1356,NA
"2012","343","OCCURRENCE","reachedgrid","weighted",5.2984,NA
"2013","343","IMPACT","reachedgrid","pooling",19.2552,NA
"2014","343","OCCURRENCE","reachedgrid","pooling",17.7555,NA
"2015","343","IMPACT","weighted","pooling",16.9753,NA
"2016","343","OCCURRENCE","weighted","pooling",15.7144,NA
"2017","344","IMPACT","classic","area",7.1347,NA
"2018","344","OCCURRENCE","classic","area",8.5252,NA
"2019","344","IMPACT","classic","center",5.8062,NA
"2020","344","OCCURRENCE","classic","center",8.1413,NA
"2021","344","IMPACT","classic","centertogrid",4.6377,NA
"2022","344","OCCURRENCE","classic","centertogrid",6.3768,NA
"2023","344","IMPACT","classic","reachedgrid",6.1289,NA
"2024","344","OCCURRENCE","classic","reachedgrid",7.3727,NA
"2025","344","IMPACT","classic","weighted",6.3841,NA
"2026","344","OCCURRENCE","classic","weighted",8.012,NA
"2027","344","IMPACT","classic","pooling",23.8687,NA
"2028","344","OCCURRENCE","classic","pooling",13.8388,NA
"2029","344","IMPACT","area","center",3.0404,NA
"2030","344","OCCURRENCE","area","center",1.3774,NA
"2031","344","IMPACT","area","centertogrid",5.6167,NA
"2032","344","OCCURRENCE","area","centertogrid",4.8459,NA
"2033","344","IMPACT","area","reachedgrid",4.9036,NA
"2034","344","OCCURRENCE","area","reachedgrid",5.0116,NA
"2035","344","IMPACT","area","weighted",1.9158,NA
"2036","344","OCCURRENCE","area","weighted",1.3699,NA
"2037","344","IMPACT","area","pooling",24.6006,NA
"2038","344","OCCURRENCE","area","pooling",19.371,NA
"2039","344","IMPACT","center","centertogrid",4.9583,NA
"2040","344","OCCURRENCE","center","centertogrid",4.4384,NA
"2041","344","IMPACT","center","reachedgrid",5.9202,NA
"2042","344","OCCURRENCE","center","reachedgrid",4.6705,NA
"2043","344","IMPACT","center","weighted",1.6653,NA
"2044","344","OCCURRENCE","center","weighted",2.0672,NA
"2045","344","IMPACT","center","pooling",24.6828,NA
"2046","344","OCCURRENCE","center","pooling",18.9959,NA
"2047","344","IMPACT","centertogrid","reachedgrid",3.3863,NA
"2048","344","OCCURRENCE","centertogrid","reachedgrid",1.2783,NA
"2049","344","IMPACT","centertogrid","weighted",4.8153,NA
"2050","344","OCCURRENCE","centertogrid","weighted",4.9137,NA
"2051","344","IMPACT","centertogrid","pooling",26.9715,NA
"2052","344","OCCURRENCE","centertogrid","pooling",18.558,NA
"2053","344","IMPACT","reachedgrid","weighted",5.2344,NA
"2054","344","OCCURRENCE","reachedgrid","weighted",5.0502,NA
"2055","344","IMPACT","reachedgrid","pooling",25.9164,NA
"2056","344","OCCURRENCE","reachedgrid","pooling",19.8222,NA
"2057","344","IMPACT","weighted","pooling",25.4481,NA
"2058","344","OCCURRENCE","weighted","pooling",19.5463,NA
"2059","345","IMPACT","classic","area",8.2057,NA
"2060","345","OCCURRENCE","classic","area",12.6214,NA
"2061","345","IMPACT","classic","center",6.4493,NA
"2062","345","OCCURRENCE","classic","center",9.228,NA
"2063","345","IMPACT","classic","centertogrid",4.5946,NA
"2064","345","OCCURRENCE","classic","centertogrid",7.8156,NA
"2065","345","IMPACT","classic","reachedgrid",7.4903,NA
"2066","345","OCCURRENCE","classic","reachedgrid",9.6157,NA
"2067","345","IMPACT","classic","weighted",7.8004,NA
"2068","345","OCCURRENCE","classic","weighted",11.568,NA
"2069","345","IMPACT","classic","pooling",11.9115,NA
"2070","345","OCCURRENCE","classic","pooling",11.1457,NA
"2071","345","IMPACT","area","center",2.6221,NA
"2072","345","OCCURRENCE","area","center",4.1265,NA
"2073","345","IMPACT","area","centertogrid",5.3808,NA
"2074","345","OCCURRENCE","area","centertogrid",6.5381,NA
"2075","345","IMPACT","area","reachedgrid",5.1401,NA
"2076","345","OCCURRENCE","area","reachedgrid",5.7126,NA
"2077","345","IMPACT","area","weighted",1.161,NA
"2078","345","OCCURRENCE","area","weighted",1.1564,NA
"2079","345","IMPACT","area","pooling",17.3174,NA
"2080","345","OCCURRENCE","area","pooling",21.7682,NA
"2081","345","IMPACT","center","centertogrid",4.1081,NA
"2082","345","OCCURRENCE","center","centertogrid",4.5857,NA
"2083","345","IMPACT","center","reachedgrid",4.9168,NA
"2084","345","OCCURRENCE","center","reachedgrid",4.8824,NA
"2085","345","IMPACT","center","weighted",2.4544,NA
"2086","345","OCCURRENCE","center","weighted",3.2343,NA
"2087","345","IMPACT","center","pooling",15.4582,NA
"2088","345","OCCURRENCE","center","pooling",18.708,NA
"2089","345","IMPACT","centertogrid","reachedgrid",2.8958,NA
"2090","345","OCCURRENCE","centertogrid","reachedgrid",1.8001,NA
"2091","345","IMPACT","centertogrid","weighted",5.1393,NA
"2092","345","OCCURRENCE","centertogrid","weighted",5.9297,NA
"2093","345","IMPACT","centertogrid","pooling",16.5021,NA
"2094","345","OCCURRENCE","centertogrid","pooling",18.2585,NA
"2095","345","IMPACT","reachedgrid","weighted",5.2094,NA
"2096","345","OCCURRENCE","reachedgrid","weighted",5.3968,NA
"2097","345","IMPACT","reachedgrid","pooling",18.8893,NA
"2098","345","OCCURRENCE","reachedgrid","pooling",19.9094,NA
"2099","345","IMPACT","weighted","pooling",16.3517,NA
"2100","345","OCCURRENCE","weighted","pooling",20.6877,NA
"2101","347","IMPACT","classic","area",7.0276,NA
"2102","347","OCCURRENCE","classic","area",7.0414,NA
"2103","347","IMPACT","classic","center",6.3311,NA
"2104","347","OCCURRENCE","classic","center",6.3986,NA
"2105","347","IMPACT","classic","centertogrid",4.3243,NA
"2106","347","OCCURRENCE","classic","centertogrid",5.1388,NA
"2107","347","IMPACT","classic","reachedgrid",6.0486,NA
"2108","347","OCCURRENCE","classic","reachedgrid",4.7074,NA
"2109","347","IMPACT","classic","weighted",6.7687,NA
"2110","347","OCCURRENCE","classic","weighted",6.7123,NA
"2111","347","IMPACT","classic","pooling",13.0545,NA
"2112","347","OCCURRENCE","classic","pooling",15.6486,NA
"2113","347","IMPACT","area","center",2.111,NA
"2114","347","OCCURRENCE","area","center",1.6443,NA
"2115","347","IMPACT","area","centertogrid",5.4454,NA
"2116","347","OCCURRENCE","area","centertogrid",4.9519,NA
"2117","347","IMPACT","area","reachedgrid",5.1035,NA
"2118","347","OCCURRENCE","area","reachedgrid",4.9498,NA
"2119","347","IMPACT","area","weighted",1.6419,NA
"2120","347","OCCURRENCE","area","weighted",0.9545,NA
"2121","347","IMPACT","area","pooling",17.4657,NA
"2122","347","OCCURRENCE","area","pooling",17.5122,NA
"2123","347","IMPACT","center","centertogrid",4.6757,NA
"2124","347","OCCURRENCE","center","centertogrid",4.1615,NA
"2125","347","IMPACT","center","reachedgrid",5.3659,NA
"2126","347","OCCURRENCE","center","reachedgrid",4.2633,NA
"2127","347","IMPACT","center","weighted",1.5176,NA
"2128","347","OCCURRENCE","center","weighted",1.4709,NA
"2129","347","IMPACT","center","pooling",16.3277,NA
"2130","347","OCCURRENCE","center","pooling",16.658,NA
"2131","347","IMPACT","centertogrid","reachedgrid",3.1132,NA
"2132","347","OCCURRENCE","centertogrid","reachedgrid",0.8111,NA
"2133","347","IMPACT","centertogrid","weighted",5.0168,NA
"2134","347","OCCURRENCE","centertogrid","weighted",4.877,NA
"2135","347","IMPACT","centertogrid","pooling",16.6792,NA
"2136","347","OCCURRENCE","centertogrid","pooling",17.9396,NA
"2137","347","IMPACT","reachedgrid","weighted",5.3628,NA
"2138","347","OCCURRENCE","reachedgrid","weighted",4.8749,NA
"2139","347","IMPACT","reachedgrid","pooling",18.5579,NA
"2140","347","OCCURRENCE","reachedgrid","pooling",18.2427,NA
"2141","347","IMPACT","weighted","pooling",16.7544,NA
"2142","347","OCCURRENCE","weighted","pooling",16.6238,NA
"2143","348","IMPACT","classic","area",8.0167,NA
"2144","348","OCCURRENCE","classic","area",9.2229,NA
"2145","348","IMPACT","classic","center",7.2179,NA
"2146","348","OCCURRENCE","classic","center",9.2331,NA
"2147","348","IMPACT","classic","centertogrid",5.6942,NA
"2148","348","OCCURRENCE","classic","centertogrid",8.6486,NA
"2149","348","IMPACT","classic","reachedgrid",6.7722,NA
"2150","348","OCCURRENCE","classic","reachedgrid",8.6873,NA
"2151","348","IMPACT","classic","weighted",7.9776,NA
"2152","348","OCCURRENCE","classic","weighted",8.7036,NA
"2153","348","IMPACT","classic","pooling",13.7112,NA
"2154","348","OCCURRENCE","classic","pooling",17.2559,NA
"2155","348","IMPACT","area","center",2.1675,NA
"2156","348","OCCURRENCE","area","center",1.261,NA
"2157","348","IMPACT","area","centertogrid",5.3004,NA
"2158","348","OCCURRENCE","area","centertogrid",4.8772,NA
"2159","348","IMPACT","area","reachedgrid",5.1126,NA
"2160","348","OCCURRENCE","area","reachedgrid",4.8468,NA
"2161","348","IMPACT","area","weighted",0.6693,NA
"2162","348","OCCURRENCE","area","weighted",2.02,NA
"2163","348","IMPACT","area","pooling",19.9906,NA
"2164","348","OCCURRENCE","area","pooling",21.3979,NA
"2165","348","IMPACT","center","centertogrid",4.8367,NA
"2166","348","OCCURRENCE","center","centertogrid",4.777,NA
"2167","348","IMPACT","center","reachedgrid",5.3658,NA
"2168","348","OCCURRENCE","center","reachedgrid",4.8912,NA
"2169","348","IMPACT","center","weighted",2.1428,NA
"2170","348","OCCURRENCE","center","weighted",2.0699,NA
"2171","348","IMPACT","center","pooling",18.6515,NA
"2172","348","OCCURRENCE","center","pooling",21.2842,NA
"2173","348","IMPACT","centertogrid","reachedgrid",2.7293,NA
"2174","348","OCCURRENCE","centertogrid","reachedgrid",1.0788,NA
"2175","348","IMPACT","centertogrid","weighted",5.2958,NA
"2176","348","OCCURRENCE","centertogrid","weighted",5.0518,NA
"2177","348","IMPACT","centertogrid","pooling",17.7667,NA
"2178","348","OCCURRENCE","centertogrid","pooling",21.8755,NA
"2179","348","IMPACT","reachedgrid","weighted",5.0994,NA
"2180","348","OCCURRENCE","reachedgrid","weighted",5.085,NA
"2181","348","IMPACT","reachedgrid","pooling",20.2248,NA
"2182","348","OCCURRENCE","reachedgrid","pooling",22.1653,NA
"2183","348","IMPACT","weighted","pooling",20.1987,NA
"2184","348","OCCURRENCE","weighted","pooling",22.3441,NA
"2185","349","IMPACT","classic","area",8.6414,NA
"2186","349","OCCURRENCE","classic","area",10.9302,NA
"2187","349","IMPACT","classic","center",7.2183,NA
"2188","349","OCCURRENCE","classic","center",12.2017,NA
"2189","349","IMPACT","classic","centertogrid",6.609,NA
"2190","349","OCCURRENCE","classic","centertogrid",13.0667,NA
"2191","349","IMPACT","classic","reachedgrid",9.4427,NA
"2192","349","OCCURRENCE","classic","reachedgrid",11.2,NA
"2193","349","IMPACT","classic","weighted",8.8679,NA
"2194","349","OCCURRENCE","classic","weighted",10.7776,NA
"2195","349","IMPACT","classic","pooling",10.2634,NA
"2196","349","OCCURRENCE","classic","pooling",18.0072,NA
"2197","349","IMPACT","area","center",2.1189,NA
"2198","349","OCCURRENCE","area","center",2.259,NA
"2199","349","IMPACT","area","centertogrid",5.0395,NA
"2200","349","OCCURRENCE","area","centertogrid",5.147,NA
"2201","349","IMPACT","area","reachedgrid",5.1105,NA
"2202","349","OCCURRENCE","area","reachedgrid",4.9482,NA
"2203","349","IMPACT","area","weighted",0.8772,NA
"2204","349","OCCURRENCE","area","weighted",0.6736,NA
"2205","349","IMPACT","area","pooling",16.8426,NA
"2206","349","OCCURRENCE","area","pooling",19.3693,NA
"2207","349","IMPACT","center","centertogrid",4.9926,NA
"2208","349","OCCURRENCE","center","centertogrid",3.7217,NA
"2209","349","IMPACT","center","reachedgrid",5.7317,NA
"2210","349","OCCURRENCE","center","reachedgrid",4.2375,NA
"2211","349","IMPACT","center","weighted",2.0255,NA
"2212","349","OCCURRENCE","center","weighted",2.5508,NA
"2213","349","IMPACT","center","pooling",14.9481,NA
"2214","349","OCCURRENCE","center","pooling",18.6472,NA
"2215","349","IMPACT","centertogrid","reachedgrid",2.8336,NA
"2216","349","OCCURRENCE","centertogrid","reachedgrid",1.8667,NA
"2217","349","IMPACT","centertogrid","weighted",5.1631,NA
"2218","349","OCCURRENCE","centertogrid","weighted",5.2602,NA
"2219","349","IMPACT","centertogrid","pooling",16.1327,NA
"2220","349","OCCURRENCE","centertogrid","pooling",19.8976,NA
"2221","349","IMPACT","reachedgrid","weighted",5.2273,NA
"2222","349","OCCURRENCE","reachedgrid","weighted",5.1131,NA
"2223","349","IMPACT","reachedgrid","pooling",18.6902,NA
"2224","349","OCCURRENCE","reachedgrid","pooling",20.1521,NA
"2225","349","IMPACT","weighted","pooling",16.7925,NA
"2226","349","OCCURRENCE","weighted","pooling",19.6281,NA
"2227","350","IMPACT","classic","area",7.873,NA
"2228","350","OCCURRENCE","classic","area",7.8445,NA
"2229","350","IMPACT","classic","center",6.8317,NA
"2230","350","OCCURRENCE","classic","center",6.2817,NA
"2231","350","IMPACT","classic","centertogrid",5.0667,NA
"2232","350","OCCURRENCE","classic","centertogrid",4.2667,NA
"2233","350","IMPACT","classic","reachedgrid",7.975,NA
"2234","350","OCCURRENCE","classic","reachedgrid",6.6667,NA
"2235","350","IMPACT","classic","weighted",7.508,NA
"2236","350","OCCURRENCE","classic","weighted",7.3374,NA
"2237","350","IMPACT","classic","pooling",13.311,NA
"2238","350","OCCURRENCE","classic","pooling",13.4932,NA
"2239","350","IMPACT","area","center",2.9093,NA
"2240","350","OCCURRENCE","area","center",2.3118,NA
"2241","350","IMPACT","area","centertogrid",5.5115,NA
"2242","350","OCCURRENCE","area","centertogrid",5.2696,NA
"2243","350","IMPACT","area","reachedgrid",5.058,NA
"2244","350","OCCURRENCE","area","reachedgrid",5.2069,NA
"2245","350","IMPACT","area","weighted",1.1578,NA
"2246","350","OCCURRENCE","area","weighted",1.2082,NA
"2247","350","IMPACT","area","pooling",17.0198,NA
"2248","350","OCCURRENCE","area","pooling",17.962,NA
"2249","350","IMPACT","center","centertogrid",3.975,NA
"2250","350","OCCURRENCE","center","centertogrid",4.205,NA
"2251","350","IMPACT","center","reachedgrid",4.7329,NA
"2252","350","OCCURRENCE","center","reachedgrid",4.9498,NA
"2253","350","IMPACT","center","weighted",2.1212,NA
"2254","350","OCCURRENCE","center","weighted",1.6102,NA
"2255","350","IMPACT","center","pooling",15.5672,NA
"2256","350","OCCURRENCE","center","pooling",17.0166,NA
"2257","350","IMPACT","centertogrid","reachedgrid",2.9083,NA
"2258","350","OCCURRENCE","centertogrid","reachedgrid",3.214,NA
"2259","350","IMPACT","centertogrid","weighted",5.097,NA
"2260","350","OCCURRENCE","centertogrid","weighted",4.9418,NA
"2261","350","IMPACT","centertogrid","pooling",16.1558,NA
"2262","350","OCCURRENCE","centertogrid","pooling",16.7783,NA
"2263","350","IMPACT","reachedgrid","weighted",5.2618,NA
"2264","350","OCCURRENCE","reachedgrid","weighted",5.1028,NA
"2265","350","IMPACT","reachedgrid","pooling",18.7798,NA
"2266","350","OCCURRENCE","reachedgrid","pooling",19.4781,NA
"2267","350","IMPACT","weighted","pooling",16.5355,NA
"2268","350","OCCURRENCE","weighted","pooling",17.7079,NA
"2269","351","IMPACT","classic","area",10.7629,NA
"2270","351","OCCURRENCE","classic","area",8.181,NA
"2271","351","IMPACT","classic","center",10.6402,NA
"2272","351","OCCURRENCE","classic","center",7.9443,NA
"2273","351","IMPACT","classic","centertogrid",11.2144,NA
"2274","351","OCCURRENCE","classic","centertogrid",6.4865,NA
"2275","351","IMPACT","classic","reachedgrid",9.4155,NA
"2276","351","OCCURRENCE","classic","reachedgrid",7.6059,NA
"2277","351","IMPACT","classic","weighted",11.6078,NA
"2278","351","OCCURRENCE","classic","weighted",8.095,NA
"2279","351","IMPACT","classic","pooling",12.3136,NA
"2280","351","OCCURRENCE","classic","pooling",15.0075,NA
"2281","351","IMPACT","area","center",2.0169,NA
"2282","351","OCCURRENCE","area","center",1.7544,NA
"2283","351","IMPACT","area","centertogrid",5.4968,NA
"2284","351","OCCURRENCE","area","centertogrid",4.9664,NA
"2285","351","IMPACT","area","reachedgrid",4.9984,NA
"2286","351","OCCURRENCE","area","reachedgrid",5.0667,NA
"2287","351","IMPACT","area","weighted",2.4518,NA
"2288","351","OCCURRENCE","area","weighted",0.673,NA
"2289","351","IMPACT","area","pooling",18.4239,NA
"2290","351","OCCURRENCE","area","pooling",19.3381,NA
"2291","351","IMPACT","center","centertogrid",4.8751,NA
"2292","351","OCCURRENCE","center","centertogrid",4.7314,NA
"2293","351","IMPACT","center","reachedgrid",5.4351,NA
"2294","351","OCCURRENCE","center","reachedgrid",5.0349,NA
"2295","351","IMPACT","center","weighted",2.2894,NA
"2296","351","OCCURRENCE","center","weighted",1.6503,NA
"2297","351","IMPACT","center","pooling",16.8856,NA
"2298","351","OCCURRENCE","center","pooling",17.915,NA
"2299","351","IMPACT","centertogrid","reachedgrid",2.9503,NA
"2300","351","OCCURRENCE","centertogrid","reachedgrid",1.3748,NA
"2301","351","IMPACT","centertogrid","weighted",5.1728,NA
"2302","351","OCCURRENCE","centertogrid","weighted",5.1676,NA
"2303","351","IMPACT","centertogrid","pooling",17.7598,NA
"2304","351","OCCURRENCE","centertogrid","pooling",18.6409,NA
"2305","351","IMPACT","reachedgrid","weighted",5.4784,NA
"2306","351","OCCURRENCE","reachedgrid","weighted",5.285,NA
"2307","351","IMPACT","reachedgrid","pooling",19.3504,NA
"2308","351","OCCURRENCE","reachedgrid","pooling",19.7889,NA
"2309","351","IMPACT","weighted","pooling",18.3294,NA
"2310","351","OCCURRENCE","weighted","pooling",18.8713,NA
"2311","352","IMPACT","classic","area",8.0898,NA
"2312","352","OCCURRENCE","classic","area",10.3946,NA
"2313","352","IMPACT","classic","center",7.6128,NA
"2314","352","OCCURRENCE","classic","center",10.6024,NA
"2315","352","IMPACT","classic","centertogrid",6.1111,NA
"2316","352","OCCURRENCE","classic","centertogrid",10,NA
"2317","352","IMPACT","classic","reachedgrid",7.1889,NA
"2318","352","OCCURRENCE","classic","reachedgrid",10.6267,NA
"2319","352","IMPACT","classic","weighted",8.1407,NA
"2320","352","OCCURRENCE","classic","weighted",9.5987,NA
"2321","352","IMPACT","classic","pooling",13.5495,NA
"2322","352","OCCURRENCE","classic","pooling",17.1631,NA
"2323","352","IMPACT","area","center",2.003,NA
"2324","352","OCCURRENCE","area","center",1.6698,NA
"2325","352","IMPACT","area","centertogrid",5.2112,NA
"2326","352","OCCURRENCE","area","centertogrid",5.0856,NA
"2327","352","IMPACT","area","reachedgrid",5.1249,NA
"2328","352","OCCURRENCE","area","reachedgrid",4.8405,NA
"2329","352","IMPACT","area","weighted",0.4979,NA
"2330","352","OCCURRENCE","area","weighted",0.9403,NA
"2331","352","IMPACT","area","pooling",17.9105,NA
"2332","352","OCCURRENCE","area","pooling",17.3139,NA
"2333","352","IMPACT","center","centertogrid",4.7066,NA
"2334","352","OCCURRENCE","center","centertogrid",4.2101,NA
"2335","352","IMPACT","center","reachedgrid",5.5349,NA
"2336","352","OCCURRENCE","center","reachedgrid",4.5634,NA
"2337","352","IMPACT","center","weighted",1.7284,NA
"2338","352","OCCURRENCE","center","weighted",2.1434,NA
"2339","352","IMPACT","center","pooling",16.846,NA
"2340","352","OCCURRENCE","center","pooling",16.0994,NA
"2341","352","IMPACT","centertogrid","reachedgrid",2.9889,NA
"2342","352","OCCURRENCE","centertogrid","reachedgrid",2.1878,NA
"2343","352","IMPACT","centertogrid","weighted",5.1314,NA
"2344","352","OCCURRENCE","centertogrid","weighted",5.1891,NA
"2345","352","IMPACT","centertogrid","pooling",18.3748,NA
"2346","352","OCCURRENCE","centertogrid","pooling",16.1353,NA
"2347","352","IMPACT","reachedgrid","weighted",5.1738,NA
"2348","352","OCCURRENCE","reachedgrid","weighted",4.9293,NA
"2349","352","IMPACT","reachedgrid","pooling",19.1588,NA
"2350","352","OCCURRENCE","reachedgrid","pooling",17.951,NA
"2351","352","IMPACT","weighted","pooling",17.9382,NA
"2352","352","OCCURRENCE","weighted","pooling",17.0369,NA
"2353","353","IMPACT","classic","area",8.1586,NA
"2354","353","OCCURRENCE","classic","area",8.0348,NA
"2355","353","IMPACT","classic","center",7.1833,NA
"2356","353","OCCURRENCE","classic","center",8.2183,NA
"2357","353","IMPACT","classic","centertogrid",4.5333,NA
"2358","353","OCCURRENCE","classic","centertogrid",7.4667,NA
"2359","353","IMPACT","classic","reachedgrid",7.6455,NA
"2360","353","OCCURRENCE","classic","reachedgrid",6.5649,NA
"2361","353","IMPACT","classic","weighted",8.1045,NA
"2362","353","OCCURRENCE","classic","weighted",7.6868,NA
"2363","353","IMPACT","classic","pooling",14.5716,NA
"2364","353","OCCURRENCE","classic","pooling",17.6805,NA
"2365","353","IMPACT","area","center",2.2635,NA
"2366","353","OCCURRENCE","area","center",1.2981,NA
"2367","353","IMPACT","area","centertogrid",5.4529,NA
"2368","353","OCCURRENCE","area","centertogrid",4.8978,NA
"2369","353","IMPACT","area","reachedgrid",4.9555,NA
"2370","353","OCCURRENCE","area","reachedgrid",5.0771,NA
"2371","353","IMPACT","area","weighted",0.542,NA
"2372","353","OCCURRENCE","area","weighted",1.0284,NA
"2373","353","IMPACT","area","pooling",18.1139,NA
"2374","353","OCCURRENCE","area","pooling",22.8874,NA
"2375","353","IMPACT","center","centertogrid",4.9733,NA
"2376","353","OCCURRENCE","center","centertogrid",4.1717,NA
"2377","353","IMPACT","center","reachedgrid",5.5704,NA
"2378","353","OCCURRENCE","center","reachedgrid",4.7761,NA
"2379","353","IMPACT","center","weighted",2.0635,NA
"2380","353","OCCURRENCE","center","weighted",1.6207,NA
"2381","353","IMPACT","center","pooling",16.0788,NA
"2382","353","OCCURRENCE","center","pooling",22.9468,NA
"2383","353","IMPACT","centertogrid","reachedgrid",3.1122,NA
"2384","353","OCCURRENCE","centertogrid","reachedgrid",2.1517,NA
"2385","353","IMPACT","centertogrid","weighted",5.2982,NA
"2386","353","OCCURRENCE","centertogrid","weighted",5.1782,NA
"2387","353","IMPACT","centertogrid","pooling",16.9367,NA
"2388","353","OCCURRENCE","centertogrid","pooling",24.0522,NA
"2389","353","IMPACT","reachedgrid","weighted",4.978,NA
"2390","353","OCCURRENCE","reachedgrid","weighted",5.2193,NA
"2391","353","IMPACT","reachedgrid","pooling",19.4914,NA
"2392","353","OCCURRENCE","reachedgrid","pooling",23.7575,NA
"2393","353","IMPACT","weighted","pooling",17.8718,NA
"2394","353","OCCURRENCE","weighted","pooling",22.1253,NA
"2395","354","IMPACT","classic","area",6.5512,NA
"2396","354","OCCURRENCE","classic","area",11.0974,NA
"2397","354","IMPACT","classic","center",7.978,NA
"2398","354","OCCURRENCE","classic","center",10.2095,NA
"2399","354","IMPACT","classic","centertogrid",7.4824,NA
"2400","354","OCCURRENCE","classic","centertogrid",9.7297,NA
"2401","354","IMPACT","classic","reachedgrid",4.7158,NA
"2402","354","OCCURRENCE","classic","reachedgrid",9.684,NA
"2403","354","IMPACT","classic","weighted",7.0499,NA
"2404","354","OCCURRENCE","classic","weighted",9.3257,NA
"2405","354","IMPACT","classic","pooling",15.6829,NA
"2406","354","OCCURRENCE","classic","pooling",16.4322,NA
"2407","354","IMPACT","area","center",4.8961,NA
"2408","354","OCCURRENCE","area","center",2.4573,NA
"2409","354","IMPACT","area","centertogrid",6.6642,NA
"2410","354","OCCURRENCE","area","centertogrid",5.385,NA
"2411","354","IMPACT","area","reachedgrid",5.0304,NA
"2412","354","OCCURRENCE","area","reachedgrid",4.9406,NA
"2413","354","IMPACT","area","weighted",2.7792,NA
"2414","354","OCCURRENCE","area","weighted",2.3659,NA
"2415","354","IMPACT","area","pooling",19.0062,NA
"2416","354","OCCURRENCE","area","pooling",17.3034,NA
"2417","354","IMPACT","center","centertogrid",5.1678,NA
"2418","354","OCCURRENCE","center","centertogrid",4.3682,NA
"2419","354","IMPACT","center","reachedgrid",6.355,NA
"2420","354","OCCURRENCE","center","reachedgrid",4.7462,NA
"2421","354","IMPACT","center","weighted",2.3551,NA
"2422","354","OCCURRENCE","center","weighted",1.5995,NA
"2423","354","IMPACT","center","pooling",15.773,NA
"2424","354","OCCURRENCE","center","pooling",17.6903,NA
"2425","354","IMPACT","centertogrid","reachedgrid",3.7592,NA
"2426","354","OCCURRENCE","centertogrid","reachedgrid",1.6757,NA
"2427","354","IMPACT","centertogrid","weighted",5.5113,NA
"2428","354","OCCURRENCE","centertogrid","weighted",4.9836,NA
"2429","354","IMPACT","centertogrid","pooling",16.628,NA
"2430","354","OCCURRENCE","centertogrid","pooling",18.3438,NA
"2431","354","IMPACT","reachedgrid","weighted",5.2487,NA
"2432","354","OCCURRENCE","reachedgrid","weighted",4.9571,NA
"2433","354","IMPACT","reachedgrid","pooling",18.4374,NA
"2434","354","OCCURRENCE","reachedgrid","pooling",17.8294,NA
"2435","354","IMPACT","weighted","pooling",17.0859,NA
"2436","354","OCCURRENCE","weighted","pooling",16.8967,NA
"2437","355","IMPACT","classic","area",7.816,NA
"2438","355","OCCURRENCE","classic","area",12.3994,NA
"2439","355","IMPACT","classic","center",7.7821,NA
"2440","355","OCCURRENCE","classic","center",13.3834,NA
"2441","355","IMPACT","classic","centertogrid",5.9459,NA
"2442","355","OCCURRENCE","classic","centertogrid",13.2284,NA
"2443","355","IMPACT","classic","reachedgrid",6.8532,NA
"2444","355","OCCURRENCE","classic","reachedgrid",12.7454,NA
"2445","355","IMPACT","classic","weighted",7.4352,NA
"2446","355","OCCURRENCE","classic","weighted",12.5776,NA
"2447","355","IMPACT","classic","pooling",15.1426,NA
"2448","355","OCCURRENCE","classic","pooling",20.9688,NA
"2449","355","IMPACT","area","center",1.8123,NA
"2450","355","OCCURRENCE","area","center",2.2268,NA
"2451","355","IMPACT","area","centertogrid",5.1349,NA
"2452","355","OCCURRENCE","area","centertogrid",5.0532,NA
"2453","355","IMPACT","area","reachedgrid",5.1722,NA
"2454","355","OCCURRENCE","area","reachedgrid",5.0287,NA
"2455","355","IMPACT","area","weighted",0.451,NA
"2456","355","OCCURRENCE","area","weighted",0.9367,NA
"2457","355","IMPACT","area","pooling",21.0277,NA
"2458","355","OCCURRENCE","area","pooling",16.8454,NA
"2459","355","IMPACT","center","centertogrid",4.924,NA
"2460","355","OCCURRENCE","center","centertogrid",4.3093,NA
"2461","355","IMPACT","center","reachedgrid",5.231,NA
"2462","355","OCCURRENCE","center","reachedgrid",4.7365,NA
"2463","355","IMPACT","center","weighted",1.8007,NA
"2464","355","OCCURRENCE","center","weighted",1.8471,NA
"2465","355","IMPACT","center","pooling",20.9791,NA
"2466","355","OCCURRENCE","center","pooling",17.2494,NA
"2467","355","IMPACT","centertogrid","reachedgrid",2.3567,NA
"2468","355","OCCURRENCE","centertogrid","reachedgrid",2.2951,NA
"2469","355","IMPACT","centertogrid","weighted",4.9875,NA
"2470","355","OCCURRENCE","centertogrid","weighted",4.814,NA
"2471","355","IMPACT","centertogrid","pooling",20.7078,NA
"2472","355","OCCURRENCE","centertogrid","pooling",18.328,NA
"2473","355","IMPACT","reachedgrid","weighted",5.0103,NA
"2474","355","OCCURRENCE","reachedgrid","weighted",4.9799,NA
"2475","355","IMPACT","reachedgrid","pooling",21.819,NA
"2476","355","OCCURRENCE","reachedgrid","pooling",16.5326,NA
"2477","355","IMPACT","weighted","pooling",20.7728,NA
"2478","355","OCCURRENCE","weighted","pooling",17.493,NA
"2479","356","IMPACT","classic","area",6.3813,NA
"2480","356","OCCURRENCE","classic","area",8.0188,NA
"2481","356","IMPACT","classic","center",5.7095,NA
"2482","356","OCCURRENCE","classic","center",10.7887,NA
"2483","356","IMPACT","classic","centertogrid",2.8169,NA
"2484","356","OCCURRENCE","classic","centertogrid",11.2676,NA
"2485","356","IMPACT","classic","reachedgrid",4.6654,NA
"2486","356","OCCURRENCE","classic","reachedgrid",7.3645,NA
"2487","356","IMPACT","classic","weighted",6.6172,NA
"2488","356","OCCURRENCE","classic","weighted",8.7789,NA
"2489","356","IMPACT","classic","pooling",15.5998,NA
"2490","356","OCCURRENCE","classic","pooling",18.4841,NA
"2491","356","IMPACT","area","center",2.0886,NA
"2492","356","OCCURRENCE","area","center",3.4133,NA
"2493","356","IMPACT","area","centertogrid",5.2731,NA
"2494","356","OCCURRENCE","area","centertogrid",5.8904,NA
"2495","356","IMPACT","area","reachedgrid",5.0044,NA
"2496","356","OCCURRENCE","area","reachedgrid",5.0341,NA
"2497","356","IMPACT","area","weighted",0.5408,NA
"2498","356","OCCURRENCE","area","weighted",0.9355,NA
"2499","356","IMPACT","area","pooling",18.4574,NA
"2500","356","OCCURRENCE","area","pooling",18.9764,NA
"2501","356","IMPACT","center","centertogrid",5.1461,NA
"2502","356","OCCURRENCE","center","centertogrid",4.4261,NA
"2503","356","IMPACT","center","reachedgrid",5.6484,NA
"2504","356","OCCURRENCE","center","reachedgrid",5.8778,NA
"2505","356","IMPACT","center","weighted",2.2669,NA
"2506","356","OCCURRENCE","center","weighted",2.8177,NA
"2507","356","IMPACT","center","pooling",16.6718,NA
"2508","356","OCCURRENCE","center","pooling",18.0544,NA
"2509","356","IMPACT","centertogrid","reachedgrid",2.8685,NA
"2510","356","OCCURRENCE","centertogrid","reachedgrid",4.4235,NA
"2511","356","IMPACT","centertogrid","weighted",5.4226,NA
"2512","356","OCCURRENCE","centertogrid","weighted",5.7864,NA
"2513","356","IMPACT","centertogrid","pooling",17.2778,NA
"2514","356","OCCURRENCE","centertogrid","pooling",18.4781,NA
"2515","356","IMPACT","reachedgrid","weighted",4.9992,NA
"2516","356","OCCURRENCE","reachedgrid","weighted",5.2237,NA
"2517","356","IMPACT","reachedgrid","pooling",19.8149,NA
"2518","356","OCCURRENCE","reachedgrid","pooling",18.0253,NA
"2519","356","IMPACT","weighted","pooling",18.5911,NA
"2520","356","OCCURRENCE","weighted","pooling",19.2444,NA
"2521","357","IMPACT","classic","area",6.1038,NA
"2522","357","OCCURRENCE","classic","area",7.1126,NA
"2523","357","IMPACT","classic","center",6.3217,NA
"2524","357","OCCURRENCE","classic","center",7.73,NA
"2525","357","IMPACT","classic","centertogrid",3.6252,NA
"2526","357","OCCURRENCE","classic","centertogrid",6.9333,NA
"2527","357","IMPACT","classic","reachedgrid",5.7014,NA
"2528","357","OCCURRENCE","classic","reachedgrid",6.8049,NA
"2529","357","IMPACT","classic","weighted",6.1818,NA
"2530","357","OCCURRENCE","classic","weighted",7.411,NA
"2531","357","IMPACT","classic","pooling",15.3039,NA
"2532","357","OCCURRENCE","classic","pooling",16.2954,NA
"2533","357","IMPACT","area","center",2.6565,NA
"2534","357","OCCURRENCE","area","center",1.4182,NA
"2535","357","IMPACT","area","centertogrid",5.5059,NA
"2536","357","OCCURRENCE","area","centertogrid",4.9236,NA
"2537","357","IMPACT","area","reachedgrid",5.1075,NA
"2538","357","OCCURRENCE","area","reachedgrid",4.8935,NA
"2539","357","IMPACT","area","weighted",1.157,NA
"2540","357","OCCURRENCE","area","weighted",0.8069,NA
"2541","357","IMPACT","area","pooling",16.8958,NA
"2542","357","OCCURRENCE","area","pooling",18.7173,NA
"2543","357","IMPACT","center","centertogrid",5.4789,NA
"2544","357","OCCURRENCE","center","centertogrid",4.5433,NA
"2545","357","IMPACT","center","reachedgrid",6.3157,NA
"2546","357","OCCURRENCE","center","reachedgrid",4.6782,NA
"2547","357","IMPACT","center","weighted",2.2177,NA
"2548","357","OCCURRENCE","center","weighted",1.7638,NA
"2549","357","IMPACT","center","pooling",15.0946,NA
"2550","357","OCCURRENCE","center","pooling",18.823,NA
"2551","357","IMPACT","centertogrid","reachedgrid",3.6113,NA
"2552","357","OCCURRENCE","centertogrid","reachedgrid",1.0511,NA
"2553","357","IMPACT","centertogrid","weighted",5.3056,NA
"2554","357","OCCURRENCE","centertogrid","weighted",5.1075,NA
"2555","357","IMPACT","centertogrid","pooling",16.6088,NA
"2556","357","OCCURRENCE","centertogrid","pooling",19.5435,NA
"2557","357","IMPACT","reachedgrid","weighted",5.0086,NA
"2558","357","OCCURRENCE","reachedgrid","weighted",4.9945,NA
"2559","357","IMPACT","reachedgrid","pooling",18.9991,NA
"2560","357","OCCURRENCE","reachedgrid","pooling",20.1595,NA
"2561","357","IMPACT","weighted","pooling",16.7025,NA
"2562","357","OCCURRENCE","weighted","pooling",19.4503,NA
"2563","358","IMPACT","classic","area",7.0888,NA
"2564","358","OCCURRENCE","classic","area",12.9677,NA
"2565","358","IMPACT","classic","center",5.5051,NA
"2566","358","OCCURRENCE","classic","center",14.0507,NA
"2567","358","IMPACT","classic","centertogrid",2.7027,NA
"2568","358","OCCURRENCE","classic","centertogrid",14.3243,NA
"2569","358","IMPACT","classic","reachedgrid",6.9004,NA
"2570","358","OCCURRENCE","classic","reachedgrid",13.3007,NA
"2571","358","IMPACT","classic","weighted",6.7307,NA
"2572","358","OCCURRENCE","classic","weighted",13.4506,NA
"2573","358","IMPACT","classic","pooling",13.6256,NA
"2574","358","OCCURRENCE","classic","pooling",16.4777,NA
"2575","358","IMPACT","area","center",2.9351,NA
"2576","358","OCCURRENCE","area","center",2.6403,NA
"2577","358","IMPACT","area","centertogrid",6.1967,NA
"2578","358","OCCURRENCE","area","centertogrid",5.0529,NA
"2579","358","IMPACT","area","reachedgrid",5.0195,NA
"2580","358","OCCURRENCE","area","reachedgrid",4.8203,NA
"2581","358","IMPACT","area","weighted",1.6224,NA
"2582","358","OCCURRENCE","area","weighted",1.5566,NA
"2583","358","IMPACT","area","pooling",18.5151,NA
"2584","358","OCCURRENCE","area","pooling",19.6263,NA
"2585","358","IMPACT","center","centertogrid",4.6774,NA
"2586","358","OCCURRENCE","center","centertogrid",4.1419,NA
"2587","358","IMPACT","center","reachedgrid",6.019,NA
"2588","358","OCCURRENCE","center","reachedgrid",4.3214,NA
"2589","358","IMPACT","center","weighted",2.2376,NA
"2590","358","OCCURRENCE","center","weighted",1.4334,NA
"2591","358","IMPACT","center","pooling",15.8956,NA
"2592","358","OCCURRENCE","center","pooling",18.5433,NA
"2593","358","IMPACT","centertogrid","reachedgrid",5.2788,NA
"2594","358","OCCURRENCE","centertogrid","reachedgrid",1.2449,NA
"2595","358","IMPACT","centertogrid","weighted",5.5099,NA
"2596","358","OCCURRENCE","centertogrid","weighted",4.761,NA
"2597","358","IMPACT","centertogrid","pooling",15.0146,NA
"2598","358","OCCURRENCE","centertogrid","pooling",19.574,NA
"2599","358","IMPACT","reachedgrid","weighted",5.188,NA
"2600","358","OCCURRENCE","reachedgrid","weighted",4.8293,NA
"2601","358","IMPACT","reachedgrid","pooling",19.9841,NA
"2602","358","OCCURRENCE","reachedgrid","pooling",20.1187,NA
"2603","358","IMPACT","weighted","pooling",17.7933,NA
"2604","358","OCCURRENCE","weighted","pooling",18.767,NA
"2605","359","IMPACT","classic","area",7.1245,NA
"2606","359","OCCURRENCE","classic","area",7.1701,NA
"2607","359","IMPACT","classic","center",6.5867,NA
"2608","359","OCCURRENCE","classic","center",6.7967,NA
"2609","359","IMPACT","classic","centertogrid",5.6,NA
"2610","359","OCCURRENCE","classic","centertogrid",5.8667,NA
"2611","359","IMPACT","classic","reachedgrid",6.458,NA
"2612","359","OCCURRENCE","classic","reachedgrid",5.6083,NA
"2613","359","IMPACT","classic","weighted",7.083,NA
"2614","359","OCCURRENCE","classic","weighted",6.8967,NA
"2615","359","IMPACT","classic","pooling",11.4437,NA
"2616","359","OCCURRENCE","classic","pooling",14.5557,NA
"2617","359","IMPACT","area","center",3.7975,NA
"2618","359","OCCURRENCE","area","center",1.5607,NA
"2619","359","IMPACT","area","centertogrid",6.0635,NA
"2620","359","OCCURRENCE","area","centertogrid",4.965,NA
"2621","359","IMPACT","area","reachedgrid",4.8877,NA
"2622","359","OCCURRENCE","area","reachedgrid",4.8786,NA
"2623","359","IMPACT","area","weighted",2.8893,NA
"2624","359","OCCURRENCE","area","weighted",0.611,NA
"2625","359","IMPACT","area","pooling",17.3307,NA
"2626","359","OCCURRENCE","area","pooling",18.1201,NA
"2627","359","IMPACT","center","centertogrid",4.5967,NA
"2628","359","OCCURRENCE","center","centertogrid",4.1167,NA
"2629","359","IMPACT","center","reachedgrid",5.8778,NA
"2630","359","OCCURRENCE","center","reachedgrid",4.6624,NA
"2631","359","IMPACT","center","weighted",2.1823,NA
"2632","359","OCCURRENCE","center","weighted",1.4878,NA
"2633","359","IMPACT","center","pooling",15.2399,NA
"2634","359","OCCURRENCE","center","pooling",17.173,NA
"2635","359","IMPACT","centertogrid","reachedgrid",3.8294,NA
"2636","359","OCCURRENCE","centertogrid","reachedgrid",2.0542,NA
"2637","359","IMPACT","centertogrid","weighted",5.1392,NA
"2638","359","OCCURRENCE","centertogrid","weighted",4.9153,NA
"2639","359","IMPACT","centertogrid","pooling",16.0569,NA
"2640","359","OCCURRENCE","centertogrid","pooling",17.2583,NA
"2641","359","IMPACT","reachedgrid","weighted",5.2789,NA
"2642","359","OCCURRENCE","reachedgrid","weighted",4.9436,NA
"2643","359","IMPACT","reachedgrid","pooling",17.5612,NA
"2644","359","OCCURRENCE","reachedgrid","pooling",18.5666,NA
"2645","359","IMPACT","weighted","pooling",16.2997,NA
"2646","359","OCCURRENCE","weighted","pooling",17.9372,NA
"2647","360","IMPACT","classic","area",6.8071,NA
"2648","360","OCCURRENCE","classic","area",10.3608,NA
"2649","360","IMPACT","classic","center",6.1353,NA
"2650","360","OCCURRENCE","classic","center",11.3596,NA
"2651","360","IMPACT","classic","centertogrid",3.5616,NA
"2652","360","OCCURRENCE","classic","centertogrid",10.6849,NA
"2653","360","IMPACT","classic","reachedgrid",4.6992,NA
"2654","360","OCCURRENCE","classic","reachedgrid",9.3214,NA
"2655","360","IMPACT","classic","weighted",6.8201,NA
"2656","360","OCCURRENCE","classic","weighted",10.3261,NA
"2657","360","IMPACT","classic","pooling",15.0284,NA
"2658","360","OCCURRENCE","classic","pooling",21.1288,NA
"2659","360","IMPACT","area","center",2.2532,NA
"2660","360","OCCURRENCE","area","center",1.4533,NA
"2661","360","IMPACT","area","centertogrid",5.2843,NA
"2662","360","OCCURRENCE","area","centertogrid",5.1235,NA
"2663","360","IMPACT","area","reachedgrid",5.0645,NA
"2664","360","OCCURRENCE","area","reachedgrid",4.9958,NA
"2665","360","IMPACT","area","weighted",0.5455,NA
"2666","360","OCCURRENCE","area","weighted",0.6423,NA
"2667","360","IMPACT","area","pooling",18.2938,NA
"2668","360","OCCURRENCE","area","pooling",20.3775,NA
"2669","360","IMPACT","center","centertogrid",4.7997,NA
"2670","360","OCCURRENCE","center","centertogrid",4.9384,NA
"2671","360","IMPACT","center","reachedgrid",5.7088,NA
"2672","360","OCCURRENCE","center","reachedgrid",5.0802,NA
"2673","360","IMPACT","center","weighted",1.9506,NA
"2674","360","OCCURRENCE","center","weighted",1.4889,NA
"2675","360","IMPACT","center","pooling",16.6298,NA
"2676","360","OCCURRENCE","center","pooling",20.3748,NA
"2677","360","IMPACT","centertogrid","reachedgrid",3.1524,NA
"2678","360","OCCURRENCE","centertogrid","reachedgrid",1.3635,NA
"2679","360","IMPACT","centertogrid","weighted",5.2744,NA
"2680","360","OCCURRENCE","centertogrid","weighted",5.0535,NA
"2681","360","IMPACT","centertogrid","pooling",18.5854,NA
"2682","360","OCCURRENCE","centertogrid","pooling",21.6627,NA
"2683","360","IMPACT","reachedgrid","weighted",5.1483,NA
"2684","360","OCCURRENCE","reachedgrid","weighted",4.9757,NA
"2685","360","IMPACT","reachedgrid","pooling",19.3185,NA
"2686","360","OCCURRENCE","reachedgrid","pooling",21.1006,NA
"2687","360","IMPACT","weighted","pooling",18.0029,NA
"2688","360","OCCURRENCE","weighted","pooling",20.829,NA
"2689","361","IMPACT","classic","area",7.091,NA
"2690","361","OCCURRENCE","classic","area",10.3863,NA
"2691","361","IMPACT","classic","center",6.9315,NA
"2692","361","OCCURRENCE","classic","center",10.0497,NA
"2693","361","IMPACT","classic","centertogrid",5.5142,NA
"2694","361","OCCURRENCE","classic","centertogrid",10.2093,NA
"2695","361","IMPACT","classic","reachedgrid",6.4863,NA
"2696","361","OCCURRENCE","classic","reachedgrid",8.8659,NA
"2697","361","IMPACT","classic","weighted",7.1084,NA
"2698","361","OCCURRENCE","classic","weighted",10.151,NA
"2699","361","IMPACT","classic","pooling",14.3938,NA
"2700","361","OCCURRENCE","classic","pooling",15.1814,NA
"2701","361","IMPACT","area","center",1.8961,NA
"2702","361","OCCURRENCE","area","center",1.3812,NA
"2703","361","IMPACT","area","centertogrid",5.0411,NA
"2704","361","OCCURRENCE","area","centertogrid",4.9872,NA
"2705","361","IMPACT","area","reachedgrid",5.0135,NA
"2706","361","OCCURRENCE","area","reachedgrid",5.073,NA
"2707","361","IMPACT","area","weighted",0.9291,NA
"2708","361","OCCURRENCE","area","weighted",0.9872,NA
"2709","361","IMPACT","area","pooling",16.5721,NA
"2710","361","OCCURRENCE","area","pooling",17.6749,NA
"2711","361","IMPACT","center","centertogrid",5.1946,NA
"2712","361","OCCURRENCE","center","centertogrid",4.642,NA
"2713","361","IMPACT","center","reachedgrid",5.5968,NA
"2714","361","OCCURRENCE","center","reachedgrid",5.0738,NA
"2715","361","IMPACT","center","weighted",1.6689,NA
"2716","361","OCCURRENCE","center","weighted",1.8422,NA
"2717","361","IMPACT","center","pooling",15.0835,NA
"2718","361","OCCURRENCE","center","pooling",16.583,NA
"2719","361","IMPACT","centertogrid","reachedgrid",1.8983,NA
"2720","361","OCCURRENCE","centertogrid","reachedgrid",2.5091,NA
"2721","361","IMPACT","centertogrid","weighted",4.9966,NA
"2722","361","OCCURRENCE","centertogrid","weighted",5.2196,NA
"2723","361","IMPACT","centertogrid","pooling",17.1351,NA
"2724","361","OCCURRENCE","centertogrid","pooling",16.5677,NA
"2725","361","IMPACT","reachedgrid","weighted",5.0796,NA
"2726","361","OCCURRENCE","reachedgrid","weighted",5.1865,NA
"2727","361","IMPACT","reachedgrid","pooling",18.6986,NA
"2728","361","OCCURRENCE","reachedgrid","pooling",17.5441,NA
"2729","361","IMPACT","weighted","pooling",16.4117,NA
"2730","361","OCCURRENCE","weighted","pooling",18.2425,NA
"2731","362","IMPACT","classic","area",9.0122,NA
"2732","362","OCCURRENCE","classic","area",8.9368,NA
"2733","362","IMPACT","classic","center",5.125,NA
"2734","362","OCCURRENCE","classic","center",9.1146,NA
"2735","362","IMPACT","classic","centertogrid",1.9444,NA
"2736","362","OCCURRENCE","classic","centertogrid",7.7778,NA
"2737","362","IMPACT","classic","reachedgrid",6.6667,NA
"2738","362","OCCURRENCE","classic","reachedgrid",7.0716,NA
"2739","362","IMPACT","classic","weighted",5.8894,NA
"2740","362","OCCURRENCE","classic","weighted",8.8036,NA
"2741","362","IMPACT","classic","pooling",15.8786,NA
"2742","362","OCCURRENCE","classic","pooling",20.6454,NA
"2743","362","IMPACT","area","center",6.4585,NA
"2744","362","OCCURRENCE","area","center",2.489,NA
"2745","362","IMPACT","area","centertogrid",7.5212,NA
"2746","362","OCCURRENCE","area","centertogrid",5.1475,NA
"2747","362","IMPACT","area","reachedgrid",4.8788,NA
"2748","362","OCCURRENCE","area","reachedgrid",4.9884,NA
"2749","362","IMPACT","area","weighted",4.4334,NA
"2750","362","OCCURRENCE","area","weighted",0.8934,NA
"2751","362","IMPACT","area","pooling",20.9483,NA
"2752","362","OCCURRENCE","area","pooling",25.6679,NA
"2753","362","IMPACT","center","centertogrid",4.375,NA
"2754","362","OCCURRENCE","center","centertogrid",4.0243,NA
"2755","362","IMPACT","center","reachedgrid",6.184,NA
"2756","362","OCCURRENCE","center","reachedgrid",4.4723,NA
"2757","362","IMPACT","center","weighted",2.1509,NA
"2758","362","OCCURRENCE","center","weighted",2.4565,NA
"2759","362","IMPACT","center","pooling",16.2309,NA
"2760","362","OCCURRENCE","center","pooling",26.7239,NA
"2761","362","IMPACT","centertogrid","reachedgrid",5.2778,NA
"2762","362","OCCURRENCE","centertogrid","reachedgrid",1.4124,NA
"2763","362","IMPACT","centertogrid","weighted",5.006,NA
"2764","362","OCCURRENCE","centertogrid","weighted",5.0382,NA
"2765","362","IMPACT","centertogrid","pooling",17.5466,NA
"2766","362","OCCURRENCE","centertogrid","pooling",26.3515,NA
"2767","362","IMPACT","reachedgrid","weighted",5.7882,NA
"2768","362","OCCURRENCE","reachedgrid","weighted",5.0506,NA
"2769","362","IMPACT","reachedgrid","pooling",21.2664,NA
"2770","362","OCCURRENCE","reachedgrid","pooling",25.8654,NA
"2771","362","IMPACT","weighted","pooling",17.3068,NA
"2772","362","OCCURRENCE","weighted","pooling",25.6306,NA
"2773","363","IMPACT","classic","area",9.0873,NA
"2774","363","OCCURRENCE","classic","area",8.3194,NA
"2775","363","IMPACT","classic","center",7.307,NA
"2776","363","OCCURRENCE","classic","center",7.8548,NA
"2777","363","IMPACT","classic","centertogrid",6.7647,NA
"2778","363","OCCURRENCE","classic","centertogrid",7.0588,NA
"2779","363","IMPACT","classic","reachedgrid",7.4722,NA
"2780","363","OCCURRENCE","classic","reachedgrid",7.3271,NA
"2781","363","IMPACT","classic","weighted",8.2695,NA
"2782","363","OCCURRENCE","classic","weighted",7.048,NA
"2783","363","IMPACT","classic","pooling",11.5762,NA
"2784","363","OCCURRENCE","classic","pooling",17.4553,NA
"2785","363","IMPACT","area","center",3.5607,NA
"2786","363","OCCURRENCE","area","center",1.4351,NA
"2787","363","IMPACT","area","centertogrid",5.9954,NA
"2788","363","OCCURRENCE","area","centertogrid",4.942,NA
"2789","363","IMPACT","area","reachedgrid",4.9763,NA
"2790","363","OCCURRENCE","area","reachedgrid",4.9361,NA
"2791","363","IMPACT","area","weighted",2.6625,NA
"2792","363","OCCURRENCE","area","weighted",1.6663,NA
"2793","363","IMPACT","area","pooling",19.1307,NA
"2794","363","OCCURRENCE","area","pooling",18.0452,NA
"2795","363","IMPACT","center","centertogrid",4.2298,NA
"2796","363","OCCURRENCE","center","centertogrid",4.3621,NA
"2797","363","IMPACT","center","reachedgrid",5.7095,NA
"2798","363","OCCURRENCE","center","reachedgrid",4.6345,NA
"2799","363","IMPACT","center","weighted",2.0623,NA
"2800","363","OCCURRENCE","center","weighted",1.7977,NA
"2801","363","IMPACT","center","pooling",17.4007,NA
"2802","363","OCCURRENCE","center","pooling",17.3635,NA
"2803","363","IMPACT","centertogrid","reachedgrid",3.4579,NA
"2804","363","OCCURRENCE","centertogrid","reachedgrid",1.6753,NA
"2805","363","IMPACT","centertogrid","weighted",5.3515,NA
"2806","363","OCCURRENCE","centertogrid","weighted",5.0316,NA
"2807","363","IMPACT","centertogrid","pooling",17.8654,NA
"2808","363","OCCURRENCE","centertogrid","pooling",17.5911,NA
"2809","363","IMPACT","reachedgrid","weighted",5.342,NA
"2810","363","OCCURRENCE","reachedgrid","weighted",5.2605,NA
"2811","363","IMPACT","reachedgrid","pooling",18.6292,NA
"2812","363","OCCURRENCE","reachedgrid","pooling",18.9553,NA
"2813","363","IMPACT","weighted","pooling",18.5505,NA
"2814","363","OCCURRENCE","weighted","pooling",17.0842,NA
"2815","365","IMPACT","classic","area",5.8034,NA
"2816","365","OCCURRENCE","classic","area",9.4239,NA
"2817","365","IMPACT","classic","center",4.3514,NA
"2818","365","OCCURRENCE","classic","center",9.6993,NA
"2819","365","IMPACT","classic","centertogrid",1.1594,NA
"2820","365","OCCURRENCE","classic","centertogrid",9.2754,NA
"2821","365","IMPACT","classic","reachedgrid",4.1101,NA
"2822","365","OCCURRENCE","classic","reachedgrid",9.7175,NA
"2823","365","IMPACT","classic","weighted",5.5231,NA
"2824","365","OCCURRENCE","classic","weighted",8.5097,NA
"2825","365","IMPACT","classic","pooling",14.9355,NA
"2826","365","OCCURRENCE","classic","pooling",17.0918,NA
"2827","365","IMPACT","area","center",2.3819,NA
"2828","365","OCCURRENCE","area","center",1.4955,NA
"2829","365","IMPACT","area","centertogrid",5.2688,NA
"2830","365","OCCURRENCE","area","centertogrid",4.7371,NA
"2831","365","IMPACT","area","reachedgrid",5.0982,NA
"2832","365","OCCURRENCE","area","reachedgrid",4.7845,NA
"2833","365","IMPACT","area","weighted",0.8059,NA
"2834","365","OCCURRENCE","area","weighted",1.7558,NA
"2835","365","IMPACT","area","pooling",17.4644,NA
"2836","365","OCCURRENCE","area","pooling",20.0925,NA
"2837","365","IMPACT","center","centertogrid",4.1848,NA
"2838","365","OCCURRENCE","center","centertogrid",4.0145,NA
"2839","365","IMPACT","center","reachedgrid",5.1355,NA
"2840","365","OCCURRENCE","center","reachedgrid",4.279,NA
"2841","365","IMPACT","center","weighted",1.8228,NA
"2842","365","OCCURRENCE","center","weighted",2.2978,NA
"2843","365","IMPACT","center","pooling",15.187,NA
"2844","365","OCCURRENCE","center","pooling",20.4057,NA
"2845","365","IMPACT","centertogrid","reachedgrid",2.9507,NA
"2846","365","OCCURRENCE","centertogrid","reachedgrid",0.9089,NA
"2847","365","IMPACT","centertogrid","weighted",5.0171,NA
"2848","365","OCCURRENCE","centertogrid","weighted",4.7999,NA
"2849","365","IMPACT","centertogrid","pooling",15.9322,NA
"2850","365","OCCURRENCE","centertogrid","pooling",21.0432,NA
"2851","365","IMPACT","reachedgrid","weighted",5.1803,NA
"2852","365","OCCURRENCE","reachedgrid","weighted",4.8704,NA
"2853","365","IMPACT","reachedgrid","pooling",18.517,NA
"2854","365","OCCURRENCE","reachedgrid","pooling",21.7185,NA
"2855","365","IMPACT","weighted","pooling",16.7978,NA
"2856","365","OCCURRENCE","weighted","pooling",19.6776,NA
