ANS2SURV_ID;ANS2SURV_DURATION;IMPACT;OCCURRENCE;PROZAHL;RPZ;GRAPHIO;GRAPHRPZ;QUES2SURV_ID;Q2SID_PREV;Q2SID_NEXT;QUES2SURV_QUESID;QUES_ID;QUES_TEXT;QUES_TYP;QUES2SURV_SURVID;SURV_NAME;QUES2SURV_SORT;QUES2SURV_METHOD;QUES2SURV_KBID;ANS2SURV_QUES2SURVID;ANS2SURV_ACC2SURVID;ANS2SURV_METHOD;MODIFIED;ACC2SURV_GROUPID;ACC2SURV_ACCID;ACC2SURV_FIRSTSTEP_DATE;ACC2SURV_MAILFIRST;ACC2SURV_MAILSECOND;ACC2SURV_ROLE;ACC_ADSUSER;ANS2SURV_ANSWERED;ANS2SURV_COMMENT;QUES_CAUSE
19277436;18;4;2;32;8;-1;-1;3825;3831;3834;682;682;Projektinhalt nicht mit medizinischer Leistungsplanung (BO-Planung) kompatibel;Risiko;281;E-CMZ Klinikum Klagenfurt;94;classic;PU011;3825;1761;classic;10.03.2025;1;22;;10.03.2025;;1;KUTEJA;1;;
19277416;14;4;4;64;16;-1;-1;3835;3832;3826;683;683;Konflikte mit anderen Projekten (nicht nur Bauprojekte) oder mit dem laufenden Betrieb;Risiko;281;E-CMZ Klinikum Klagenfurt;90;classic;PU007;3835;1761;classic;10.03.2025;1;22;;10.03.2025;;1;KUTEJA;1;;
19277386;13;3;2;24;6;-1;-1;3827;3842;3839;684;684;Auswirkung auf die Konsolidierungsbestrebungen;Risiko;281;E-CMZ Klinikum Klagenfurt;84;classic;PU001;3827;1761;classic;10.03.2025;1;22;;10.03.2025;;1;KUTEJA;1;;
19277426;25;3;3;36;9;-1;-1;3828;3826;3831;685;685;Politisch bedeutender Projektinhalt;Risiko;281;E-CMZ Klinikum Klagenfurt;92;classic;PU009;3828;1761;classic;10.03.2025;1;22;;10.03.2025;;1;KUTEJA;1;;
19277456;16;2;2;16;4;-1;-1;3829;3838;3824;686;686;Widerstand und Einfluss von außen (interne Organisationseinheiten, Anrainer …);Risiko;281;E-CMZ Klinikum Klagenfurt;98;classic;PU015;3829;1761;classic;10.03.2025;1;22;;10.03.2025;;1;KUTEJA;1;;
19277406;15;3;2;24;6;-1;-1;3830;3833;3832;687;687;keine Kompatibilität der Projektziele mit dem Versorgungsauftrag  (z. B. Betriebsziele, politische Ziele, Umsetzung ÖSG-RSG usw.);Risiko;281;E-CMZ Klinikum Klagenfurt;88;classic;PU005;3830;1761;classic;10.03.2025;1;22;;10.03.2025;;1;KUTEJA;1;;
19277431;8;4;3;48;12;-1;-1;3831;3828;3825;688;688;Projektfortschritt bzw. -laufzeiten können nicht eingehalten werden;Risiko;281;E-CMZ Klinikum Klagenfurt;93;classic;PU010;3831;1761;classic;10.03.2025;1;22;;10.03.2025;;1;KUTEJA;1;;
19277411;8;2;2;16;4;-1;-1;3832;3830;3835;689;689;keine Synchronisierung mit dem Masterplan 2030;Risiko;281;E-CMZ Klinikum Klagenfurt;89;classic;PU006;3832;1761;classic;10.03.2025;1;22;;10.03.2025;;1;KUTEJA;1;;
19277401;29;5;2;40;10;-1;-1;3833;3836;3830;690;690;keine Genehmigung ausreichender finanzieller Mittel;Risiko;281;E-CMZ Klinikum Klagenfurt;87;classic;PU004;3833;1761;classic;10.03.2025;1;22;;10.03.2025;;1;KUTEJA;1;;
19277441;12;3;4;48;12;-1;-1;3834;3825;3837;691;691;Terminkollisionen;Risiko;281;E-CMZ Klinikum Klagenfurt;95;classic;PU012;3834;1761;classic;10.03.2025;1;22;;10.03.2025;;1;KUTEJA;1;;
19268409;2;5;5;100;25;-1;-1;3904;3914;3920;740;740;Kommunikationsfehler (bzw. unzureichend) mit Nutzer;Risiko;281;E-CMZ Klinikum Klagenfurt;7;classic;BB007;3904;1742;classic;10.03.2025;1;61;;10.03.2025;;2;SUP_GLASAUERJ;1;;
19268406;11;2;5;40;10;-1;-1;3910;3911;3918;746;746;Dem Nutzer sind nicht alle Anforderungen (aus BO Planung …) bekannt;Risiko;281;E-CMZ Klinikum Klagenfurt;4;classic;BB004;3910;1742;classic;10.03.2025;1;61;;10.03.2025;;2;SUP_GLASAUERJ;1;anm;
19268403;9;1;5;20;5;-1;-1;3912;0;3915;748;748;Abhängigkeit von Einzelpersonen (Ressourcen, PL, Stellvertreter …);Risiko;281;E-CMZ Klinikum Klagenfurt;1;classic;BB001;3912;1742;classic;10.03.2025;1;61;;10.03.2025;;2;SUP_GLASAUERJ;1;;
19268408;2;4;5;80;20;-1;-1;3914;3918;3904;750;750;keine ausreichende Ressourcenverfügbarkeit bei den Betroffenen und Beteiligten (z. B. für Projektsitzungen im Rahmen der Planung, Umsetzung und Übersiedelung);Risiko;281;E-CMZ Klinikum Klagenfurt;6;classic;BB006;3914;1742;classic;10.03.2025;1;61;;10.03.2025;;2;SUP_GLASAUERJ;1;;
19268407;3;3;5;60;15;-1;-1;3918;3910;3914;754;754;falsche oder nicht ausgesprochene Erwartungen durch Nutzer, Partner, Anrainer;Risiko;281;E-CMZ Klinikum Klagenfurt;5;classic;BB005;3918;1742;classic;10.03.2025;1;61;;10.03.2025;;2;SUP_GLASAUERJ;1;;
19304207;6;5;1;20;5;-1;-1;3890;3922;3895;692;692;Bestehende Bausubstanz schwierig oder nicht bekannt;Risiko;281;E-CMZ Klinikum Klagenfurt;20;classic;ÖU001;3890;1796;classic;14.03.2025;1;353;;10.03.2025;;2;SIMTSCHITSCHP;1;;
19304263;13;5;4;80;20;-1;-1;3891;3901;3892;693;693;Umwelteinflüsse können Projekt behindern oder beeinflussen;Risiko;281;E-CMZ Klinikum Klagenfurt;28;classic;ÖU009;3891;1796;classic;14.03.2025;1;353;;10.03.2025;;2;SIMTSCHITSCHP;1;;
19304249;10;4;4;64;16;-1;-1;3893;3894;3901;695;695;Projekt hat Auswirkungen auf Umwelt (Emissionen);Risiko;281;E-CMZ Klinikum Klagenfurt;26;classic;ÖU007;3893;1796;classic;14.03.2025;1;353;;10.03.2025;;2;SIMTSCHITSCHP;1;;
19304242;11;5;3;60;15;-1;-1;3894;3897;3893;696;696;Lärm- und Staubbelästigung während der Bauphase der Patient:innen und Mitarbeiter:innen in den umliegenden Gebäude(-teile) ==> Nähe Notfallaufnahme ==> zentraler Verkehrsknotenpunkt;Risiko;281;E-CMZ Klinikum Klagenfurt;25;classic;ÖU006;3894;1796;classic;14.03.2025;1;353;;10.03.2025;;2;SIMTSCHITSCHP;1;;
19304214;18;3;4;48;12;-1;-1;3895;3890;3896;697;697;Erschütterungen während der Bauphase;Risiko;281;E-CMZ Klinikum Klagenfurt;21;classic;ÖU002;3895;1796;classic;14.03.2025;1;353;;10.03.2025;;2;SIMTSCHITSCHP;1;;
19304277;12;3;4;48;12;-1;-1;3903;3892;3900;698;698;unbekannte Einbauten im Boden;Risiko;281;E-CMZ Klinikum Klagenfurt;30;classic;ÖU011;3903;1796;classic;14.03.2025;1;353;;10.03.2025;;2;SIMTSCHITSCHP;1;;
19304235;29;5;2;40;10;-1;-1;3897;3902;3894;699;699;keine Kenntnis über das Ausmaß des kontaminierten Abbruchmaterials (Asbest, gefährliche Stoffe) und kontaminierte Einbauten im Baugrund;Risiko;281;E-CMZ Klinikum Klagenfurt;24;classic;ÖU005;3897;1796;classic;14.03.2025;1;353;;10.03.2025;;2;SIMTSCHITSCHP;1;;
19304291;9;4;3;48;12;-1;-1;3898;3900;3899;700;700;Verunreinigung angrenzender Gebäude;Risiko;281;E-CMZ Klinikum Klagenfurt;32;classic;ÖU013;3898;1796;classic;14.03.2025;1;353;;10.03.2025;;2;SIMTSCHITSCHP;1;;
19304298;9;4;5;80;20;-1;-1;3899;3898;3873;701;701;Verunreinigung des Grundwasser;Risiko;281;E-CMZ Klinikum Klagenfurt;33;classic;ÖU014;3899;1796;classic;14.03.2025;1;353;;10.03.2025;;2;SIMTSCHITSCHP;1;;
19304284;6;5;5;100;25;-1;-1;3900;3903;3898;702;702;unkontrollierter Wassereintritt;Risiko;281;E-CMZ Klinikum Klagenfurt;31;classic;ÖU012;3900;1796;classic;14.03.2025;1;353;;10.03.2025;;2;SIMTSCHITSCHP;1;;
19304256;883;3;2;24;6;-1;-1;3901;3893;3891;703;703;Umsetzen/Einhalten Klima-Aktiv-Gold Standard;Risiko;281;E-CMZ Klinikum Klagenfurt;27;classic;ÖU008;3901;1796;classic;14.03.2025;1;353;;10.03.2025;;2;SIMTSCHITSCHP;1;;
19304270;8;4;3;48;12;-1;-1;3892;3891;3903;694;694;Umweltverträglichkeitsprüfungen;Risiko;281;E-CMZ Klinikum Klagenfurt;29;classic;ÖU010;3892;1796;classic;14.03.2025;1;353;;10.03.2025;;2;SIMTSCHITSCHP;1;;
19304116;9;5;3;60;15;-1;-1;3904;3914;3920;740;740;Kommunikationsfehler (bzw. unzureichend) mit Nutzer;Risiko;281;E-CMZ Klinikum Klagenfurt;7;classic;BB007;3904;1796;classic;14.03.2025;1;353;;10.03.2025;;2;SIMTSCHITSCHP;1;;
19304200;8;4;2;32;8;-1;-1;3922;3916;3890;741;741;Widerstand von Nutzern;Risiko;281;E-CMZ Klinikum Klagenfurt;19;classic;BB019;3922;1796;classic;14.03.2025;1;353;;10.03.2025;;2;SIMTSCHITSCHP;1;;
19304179;15;4;3;48;12;-1;-1;3906;3909;3919;742;742;Skepsis bzw. Ängste von Nutzern nicht mit Schulungen/Informationsveranstaltungen abwendbar;Risiko;281;E-CMZ Klinikum Klagenfurt;16;classic;BB016;3906;1796;classic;14.03.2025;1;353;;10.03.2025;;2;SIMTSCHITSCHP;1;;
19304137;6;3;1;12;3;-1;-1;3907;3917;3921;743;743;Nutzer nicht oder zu wenig einbezogen;Risiko;281;E-CMZ Klinikum Klagenfurt;10;classic;BB010;3907;1796;classic;14.03.2025;1;353;;10.03.2025;;2;SIMTSCHITSCHP;1;;
19304158;12;3;4;48;12;-1;-1;3908;3905;3913;744;744;Personalwechsel in Schlüsselpositionen;Risiko;281;E-CMZ Klinikum Klagenfurt;13;classic;BB013;3908;1796;classic;14.03.2025;1;353;;10.03.2025;;2;SIMTSCHITSCHP;1;;
19304172;25;5;3;60;15;-1;-1;3909;3913;3906;745;745;Schnittstellenthematik (BIMM, Technik, MT…);Risiko;281;E-CMZ Klinikum Klagenfurt;15;classic;BB015;3909;1796;classic;14.03.2025;1;353;;10.03.2025;;2;SIMTSCHITSCHP;1;;
19304095;16;5;1;20;5;-1;-1;3910;3911;3918;746;746;Dem Nutzer sind nicht alle Anforderungen (aus BO Planung …) bekannt;Risiko;281;E-CMZ Klinikum Klagenfurt;4;classic;BB004;3910;1796;classic;14.03.2025;1;353;;10.03.2025;;2;SIMTSCHITSCHP;1;;
19304088;23;5;3;60;15;-1;-1;3911;3915;3910;747;747;Auswirkungen von neuen Forderungen der Nutzer nicht bekannt;Risiko;281;E-CMZ Klinikum Klagenfurt;3;classic;BB003;3911;1796;classic;14.03.2025;1;353;;10.03.2025;;2;SIMTSCHITSCHP;1;;
19304074;69;3;3;36;9;-1;-1;3912;0;3915;748;748;Abhängigkeit von Einzelpersonen (Ressourcen, PL, Stellvertreter …);Risiko;281;E-CMZ Klinikum Klagenfurt;1;classic;BB001;3912;1796;classic;14.03.2025;1;353;;10.03.2025;;2;SIMTSCHITSCHP;1;;
19304165;14;3;3;36;9;-1;-1;3913;3908;3909;749;749;Projektanforderungen ändern sich;Risiko;281;E-CMZ Klinikum Klagenfurt;14;classic;BB014;3913;1796;classic;14.03.2025;1;353;;10.03.2025;;2;SIMTSCHITSCHP;1;;
19304109;57;4;4;64;16;-1;-1;3914;3918;3904;750;750;keine ausreichende Ressourcenverfügbarkeit bei den Betroffenen und Beteiligten (z. B. für Projektsitzungen im Rahmen der Planung, Umsetzung und Übersiedelung);Risiko;281;E-CMZ Klinikum Klagenfurt;6;classic;BB006;3914;1796;classic;14.03.2025;1;353;;10.03.2025;;2;SIMTSCHITSCHP;1;;
19304081;26;4;5;80;20;-1;-1;3915;3912;3911;751;751;Abhängigkeiten der Projektumsetzung von Einzelpersonen;Risiko;281;E-CMZ Klinikum Klagenfurt;2;classic;BB002;3915;1796;classic;14.03.2025;1;353;;10.03.2025;;2;SIMTSCHITSCHP;1;;
19304193;12;5;3;60;15;-1;-1;3916;3919;3922;752;752;Veränderte bzw. nicht/besonders wahrgenommene Zuständigkeit;Risiko;281;E-CMZ Klinikum Klagenfurt;18;classic;BB018;3916;1796;classic;14.03.2025;1;353;;10.03.2025;;2;SIMTSCHITSCHP;1;;
19304130;22;3;5;60;15;-1;-1;3917;3920;3907;753;753;neue, überzogene (An-)Forderungen der Nutzer/Partner;Risiko;281;E-CMZ Klinikum Klagenfurt;9;classic;BB009;3917;1796;classic;14.03.2025;1;353;;10.03.2025;;2;SIMTSCHITSCHP;1;;
19304102;37;3;4;48;12;-1;-1;3918;3910;3914;754;754;falsche oder nicht ausgesprochene Erwartungen durch Nutzer, Partner, Anrainer;Risiko;281;E-CMZ Klinikum Klagenfurt;5;classic;BB005;3918;1796;classic;14.03.2025;1;353;;10.03.2025;;2;SIMTSCHITSCHP;1;;
19304186;11;4;3;48;12;-1;-1;3919;3906;3916;755;755;Überlastung des Projektteams;Risiko;281;E-CMZ Klinikum Klagenfurt;17;classic;BB017;3919;1796;classic;14.03.2025;1;353;;10.03.2025;;2;SIMTSCHITSCHP;1;;
19304123;17;5;2;40;10;-1;-1;3920;3904;3917;756;756;mangelnde Untersützung/Widerstand von Beteiligten und Betroffenen;Risiko;281;E-CMZ Klinikum Klagenfurt;8;classic;BB008;3920;1796;classic;14.03.2025;1;353;;10.03.2025;;2;SIMTSCHITSCHP;1;;
19304634;15;5;3;60;15;-1;-1;3847;3845;3844;757;757;Projektorganisation (Mitglied) nicht/unzureichend über das Projekt informiert;Risiko;281;E-CMZ Klinikum Klagenfurt;81;classic;PO006;3847;1796;classic;21.03.2025;1;353;;10.03.2025;;2;SIMTSCHITSCHP;1;;
19304620;33;4;4;64;16;-1;-1;3846;3843;3845;758;758;Langwierige Entscheidungsfindung;Risiko;281;E-CMZ Klinikum Klagenfurt;79;classic;PO004;3846;1796;classic;21.03.2025;1;353;;10.03.2025;;2;SIMTSCHITSCHP;1;;
19304627;13;4;4;64;16;-1;-1;3845;3846;3847;759;759;Nichtbeachtung von QM-Standards bzw. mangelnde Integration der QM-Systeme;Risiko;281;E-CMZ Klinikum Klagenfurt;80;classic;PO005;3845;1796;classic;21.03.2025;1;353;;10.03.2025;;2;SIMTSCHITSCHP;1;;
19304641;14;4;1;16;4;-1;-1;3844;3847;3842;760;760;unzureichende Kompetenz und Erfahrung des Projektleiter, Krankenhaushygienikers usw.;Risiko;281;E-CMZ Klinikum Klagenfurt;82;classic;PO007;3844;1796;classic;21.03.2025;1;353;;10.03.2025;;2;SIMTSCHITSCHP;1;;
19304613;12;3;3;36;9;-1;-1;3843;3840;3846;761;761;keine Integration QMS und RMS;Risiko;281;E-CMZ Klinikum Klagenfurt;78;classic;PO003;3843;1796;classic;21.03.2025;1;353;;10.03.2025;;2;SIMTSCHITSCHP;1;;
19304606;6;5;2;40;10;-1;-1;3840;3841;3843;762;762;keine ausreichende Berücksichtigung/Koordination der vielen Beteiligten und/oder Schnittstellen;Risiko;281;E-CMZ Klinikum Klagenfurt;77;classic;PO002;3840;1796;classic;21.03.2025;1;353;;10.03.2025;;2;SIMTSCHITSCHP;1;;
19304599;30;4;3;48;12;-1;-1;3841;3858;3840;763;763;fehlende selbständige interne Koordination der Fachabteilung;Risiko;281;E-CMZ Klinikum Klagenfurt;76;classic;PO001;3841;1796;classic;21.03.2025;1;353;;10.03.2025;;2;SIMTSCHITSCHP;1;;
19304648;25;4;5;80;20;-1;-1;3842;3844;3827;764;764;Wechsel wesentlicher Schlüsselpersonen für die Umsetzung/Verantwortlicher im Projektteam (z. B. Projektleitung, Nutzer, Planer, Auftraggeber, Verantwortungsträger in einzelnen Bereichen z. B. Technik), Know-How-Träger stehen nicht zur Verfügung / Veränderung in den Entscheidungsstrukturen;Risiko;281;E-CMZ Klinikum Klagenfurt;83;classic;PO008;3842;1796;classic;21.03.2025;1;353;;10.03.2025;;2;SIMTSCHITSCHP;1;;
19304319;22;2;2;16;4;-1;-1;3865;3884;3874;765;765;eine mögliche Aussiedelung von Stationen (Kinder) ist nicht möglich;Risiko;281;E-CMZ Klinikum Klagenfurt;36;classic;PA003;3865;1796;classic;21.03.2025;1;353;;10.03.2025;;2;SIMTSCHITSCHP;1;;
19304389;8;4;4;64;16;-1;-1;3889;3867;3877;766;766;Kostenüberschreitung möglich;Risiko;281;E-CMZ Klinikum Klagenfurt;46;classic;PA013;3889;1796;classic;21.03.2025;1;353;;10.03.2025;;2;SIMTSCHITSCHP;1;;
19304382;15;4;4;64;16;-1;-1;3867;3868;3889;767;767;Kostenerfassung schwierig (Schätzung des Folgeprojektes);Risiko;281;E-CMZ Klinikum Klagenfurt;45;classic;PA012;3867;1796;classic;21.03.2025;1;353;;10.03.2025;;2;SIMTSCHITSCHP;1;;
19304375;14;5;3;60;15;-1;-1;3868;3871;3867;768;768;Kommunikationsfehler mit Auftragnehmer (keine Planer);Risiko;281;E-CMZ Klinikum Klagenfurt;44;classic;PA011;3868;1796;classic;21.03.2025;1;353;;10.03.2025;;2;SIMTSCHITSCHP;1;;
19304431;9;4;3;48;12;-1;-1;3869;3876;3880;769;769;Ressourcenverfügbarkeit bei Auftragnehmer (keine Planer) nicht vorhanden;Risiko;281;E-CMZ Klinikum Klagenfurt;52;classic;PA019;3869;1796;classic;21.03.2025;1;353;;10.03.2025;;2;SIMTSCHITSCHP;1;;
19304361;11;5;3;60;15;-1;-1;3870;3883;3871;770;770;Keine Motivation der Auftragnehmer vorhanden;Risiko;281;E-CMZ Klinikum Klagenfurt;42;classic;PA009;3870;1796;classic;21.03.2025;1;353;;10.03.2025;;2;SIMTSCHITSCHP;1;;
19304368;9;4;3;48;12;-1;-1;3871;3870;3868;771;771;Know-How-Träger (extern) nicht verfügbar;Risiko;281;E-CMZ Klinikum Klagenfurt;43;classic;PA010;3871;1796;classic;21.03.2025;1;353;;10.03.2025;;2;SIMTSCHITSCHP;1;;
19304417;7;5;2;40;10;-1;-1;3872;3887;3876;772;772;Planung ungenau oder nicht vollständig;Risiko;281;E-CMZ Klinikum Klagenfurt;50;classic;PA017;3872;1796;classic;21.03.2025;1;353;;10.03.2025;;2;SIMTSCHITSCHP;1;;
19304305;19;5;2;40;10;-1;-1;3873;3899;3884;773;773;Ausschreibung fehlerhaft;Risiko;281;E-CMZ Klinikum Klagenfurt;34;classic;PA001;3873;1796;classic;21.03.2025;1;353;;10.03.2025;;2;SIMTSCHITSCHP;1;;
19304326;19;3;3;36;9;-1;-1;3874;3865;3875;774;774;Einsprucherhebung bei der Ausschreibung;Risiko;281;E-CMZ Klinikum Klagenfurt;37;classic;PA004;3874;1796;classic;21.03.2025;1;353;;10.03.2025;;2;SIMTSCHITSCHP;1;;
19304333;9;4;4;64;16;-1;-1;3875;3874;3888;775;775;Einsprucherhebung im Behördenverfahren uvm.;Risiko;281;E-CMZ Klinikum Klagenfurt;38;classic;PA005;3875;1796;classic;21.03.2025;1;353;;10.03.2025;;2;SIMTSCHITSCHP;1;;
19304424;14;5;4;80;20;-1;-1;3876;3872;3869;776;776;Projektdokumentation nicht vollständig bzw. nicht vorhanden;Risiko;281;E-CMZ Klinikum Klagenfurt;51;classic;PA018;3876;1796;classic;21.03.2025;1;353;;10.03.2025;;2;SIMTSCHITSCHP;1;;
19304396;7;3;4;48;12;-1;-1;3877;3889;3886;777;777;Lange Projektdauer;Risiko;281;E-CMZ Klinikum Klagenfurt;47;classic;PA014;3877;1796;classic;21.03.2025;1;353;;10.03.2025;;2;SIMTSCHITSCHP;1;;
19304473;7;5;1;20;5;-1;-1;3878;3881;3848;778;778;zu kurze Projektvorbereitung;Risiko;281;E-CMZ Klinikum Klagenfurt;58;classic;PA025;3878;1796;classic;21.03.2025;1;353;;10.03.2025;;2;SIMTSCHITSCHP;1;;
19304445;61;4;3;48;12;-1;-1;3879;3880;3866;779;779;Schleppende, eventuell kostenerhöhende Planung durch laufende Nutzeränderungsbedarfe;Risiko;281;E-CMZ Klinikum Klagenfurt;54;classic;PA021;3879;1796;classic;21.03.2025;1;353;;10.03.2025;;2;SIMTSCHITSCHP;1;;
19304438;10;5;2;40;10;-1;-1;3880;3869;3879;780;780;Schleppende, eventuell kostenerhöhende Planung durch laufende Änderungen der Betreiber;Risiko;281;E-CMZ Klinikum Klagenfurt;53;classic;PA020;3880;1796;classic;21.03.2025;1;353;;10.03.2025;;2;SIMTSCHITSCHP;1;;
19304466;11;5;2;40;10;-1;-1;3881;3882;3878;781;781;Vorgegebene Projektpläne sind nicht abgestimmt und unrealistisch;Risiko;281;E-CMZ Klinikum Klagenfurt;57;classic;PA024;3881;1796;classic;21.03.2025;1;353;;10.03.2025;;2;SIMTSCHITSCHP;1;;
19304459;12;5;4;80;20;-1;-1;3882;3866;3881;782;782;Vorgegebene Laufzeiten und Fristen sind nicht berücksichtigt (Beschlussfassung Aufsichtsrat, Einreichung Landesrechnungshof, Ausschreibungsverfahren uvm.);Risiko;281;E-CMZ Klinikum Klagenfurt;56;classic;PA023;3882;1796;classic;21.03.2025;1;353;;10.03.2025;;2;SIMTSCHITSCHP;1;;
19304354;17;4;3;48;12;-1;-1;3883;3885;3870;783;783;Keine Berücksichtigung innerhalb der Planung des Projektes von Dienstplänen, Urlaubszeiten oder Zeiten mit arbeitsintensiven Tätigkeiten (z.B. Jahresabschluss uvm.);Risiko;281;E-CMZ Klinikum Klagenfurt;41;classic;PA008;3883;1796;classic;21.03.2025;1;353;;10.03.2025;;2;SIMTSCHITSCHP;1;;
19304312;14;3;3;36;9;-1;-1;3884;3873;3865;784;784;die Informationsweitergabe von Hygienevorgaben an die Mitarbeiter des AN ist mangelhaft;Risiko;281;E-CMZ Klinikum Klagenfurt;35;classic;PA002;3884;1796;classic;21.03.2025;1;353;;10.03.2025;;2;SIMTSCHITSCHP;1;;
19304347;12;3;5;60;15;-1;-1;3885;3888;3883;785;785;gemeinsame Nutzung der Sanitär-Anlagen und die daraus resultierende Verunreinigung;Risiko;281;E-CMZ Klinikum Klagenfurt;40;classic;PA007;3885;1796;classic;21.03.2025;1;353;;10.03.2025;;2;SIMTSCHITSCHP;1;;
19304403;14;5;3;60;15;-1;-1;3886;3877;3887;786;786;mikrobiologische Verkeimung der bestehenden Wasserleitungen;Risiko;281;E-CMZ Klinikum Klagenfurt;48;classic;PA015;3886;1796;classic;21.03.2025;1;353;;10.03.2025;;2;SIMTSCHITSCHP;1;;
19304410;6;4;3;48;12;-1;-1;3887;3886;3872;787;787;nicht erkannte Hygieneprobleme;Risiko;281;E-CMZ Klinikum Klagenfurt;49;classic;PA016;3887;1796;classic;21.03.2025;1;353;;10.03.2025;;2;SIMTSCHITSCHP;1;;
19304340;12;3;3;36;9;-1;-1;3888;3875;3885;788;788;es besteht kein effizientes Änderungsmanagement;Risiko;281;E-CMZ Klinikum Klagenfurt;39;classic;PA006;3888;1796;classic;21.03.2025;1;353;;10.03.2025;;2;SIMTSCHITSCHP;1;;
19304452;162;4;4;64;16;-1;-1;3866;3879;3882;789;789;verzögerte Freigabe von Planungsschritten und Genehmigungschritten (PA1);Risiko;281;E-CMZ Klinikum Klagenfurt;55;classic;PA022;3866;1796;classic;21.03.2025;1;353;;10.03.2025;;2;SIMTSCHITSCHP;1;;
19304501;17;4;4;64;16;-1;-1;3849;3850;3857;790;790;Folgekostenermittlung nicht transparent;Risiko;281;E-CMZ Klinikum Klagenfurt;62;classic;PF004;3849;1796;classic;21.03.2025;1;353;;10.03.2025;;2;SIMTSCHITSCHP;1;;
19304494;11;5;5;100;25;-1;-1;3850;3864;3849;791;791;Betriebsorganisationskonzept nicht gelöst;Risiko;281;E-CMZ Klinikum Klagenfurt;61;classic;PF003;3850;1796;classic;21.03.2025;1;353;;10.03.2025;;2;SIMTSCHITSCHP;1;;
19304585;158;5;1;20;5;-1;-1;3851;3852;3858;792;792;Unerfüllbare Erwartungshaltung an Auftragnehmer;Risiko;281;E-CMZ Klinikum Klagenfurt;74;classic;PF016;3851;1796;classic;21.03.2025;1;353;;10.03.2025;;2;SIMTSCHITSCHP;1;;
19304578;9;3;4;48;12;-1;-1;3852;3856;3851;793;793;Schulungs- und Einführungsaufwand groß (vor der Inbetriebnahme);Risiko;281;E-CMZ Klinikum Klagenfurt;73;classic;PF015;3852;1796;classic;21.03.2025;1;353;;10.03.2025;;2;SIMTSCHITSCHP;1;;
19304557;12;3;3;36;9;-1;-1;3853;3862;3854;794;794;Organisatorische Veränderungen einschneidend;Risiko;281;E-CMZ Klinikum Klagenfurt;70;classic;PF012;3853;1796;classic;21.03.2025;1;353;;10.03.2025;;2;SIMTSCHITSCHP;1;;
19304564;7;4;4;64;16;-1;-1;3854;3853;3856;795;795;Personelle Veränderungen groß;Risiko;281;E-CMZ Klinikum Klagenfurt;71;classic;PF013;3854;1796;classic;21.03.2025;1;353;;10.03.2025;;2;SIMTSCHITSCHP;1;;
19304522;9;5;4;80;20;-1;-1;3855;3863;3861;796;796;Imageschaden durch Qualitätsverlust;Risiko;281;E-CMZ Klinikum Klagenfurt;65;classic;PF007;3855;1796;classic;21.03.2025;1;353;;10.03.2025;;2;SIMTSCHITSCHP;1;;
19304571;11;5;3;60;15;-1;-1;3856;3854;3852;797;797;Raumplanung nicht am Betriebsbedarf ausgerichtet;Risiko;281;E-CMZ Klinikum Klagenfurt;72;classic;PF014;3856;1796;classic;21.03.2025;1;353;;10.03.2025;;2;SIMTSCHITSCHP;1;;
19304508;13;4;3;48;12;-1;-1;3857;3849;3863;798;798;Gefährdung bestehender Zertifizierungen (ISO, Onko-Zentrum, UEMS, EMAS);Risiko;281;E-CMZ Klinikum Klagenfurt;63;classic;PF005;3857;1796;classic;21.03.2025;1;353;;10.03.2025;;2;SIMTSCHITSCHP;1;;
19304592;11;3;1;12;3;-1;-1;3858;3851;3841;799;799;zusätzlicher Betrieb leer stehender Gebäude;Risiko;281;E-CMZ Klinikum Klagenfurt;75;classic;PF017;3858;1796;classic;21.03.2025;1;353;;10.03.2025;;2;SIMTSCHITSCHP;1;;
19304543;8;5;2;40;10;-1;-1;3859;3860;3862;800;800;keine Berücksichtung der Veränderung der medizinischen Standards von der Planung bis zur Fertigstellung (ca. 6 Jahre);Risiko;281;E-CMZ Klinikum Klagenfurt;68;classic;PF010;3859;1796;classic;21.03.2025;1;353;;10.03.2025;;2;SIMTSCHITSCHP;1;;
19304536;8;3;2;24;6;-1;-1;3860;3861;3859;801;801;keine ausreichende Berücksichtigung von Kapazitäten, Zeit, Kosten in der Planung der Übersiedelung;Risiko;281;E-CMZ Klinikum Klagenfurt;67;classic;PF009;3860;1796;classic;21.03.2025;1;353;;10.03.2025;;2;SIMTSCHITSCHP;1;;
19304529;10;4;3;48;12;-1;-1;3861;3855;3860;802;802;keine ausreichende Berücksichtigung der Schnittstellen zwischen Projekt und laufendem Betrieb (technisch);Risiko;281;E-CMZ Klinikum Klagenfurt;66;classic;PF008;3861;1796;classic;21.03.2025;1;353;;10.03.2025;;2;SIMTSCHITSCHP;1;;
19304550;14;4;4;64;16;-1;-1;3862;3859;3853;803;803;Neu-Bewilligungen werden notwendig;Risiko;281;E-CMZ Klinikum Klagenfurt;69;classic;PF011;3862;1796;classic;21.03.2025;1;353;;10.03.2025;;2;SIMTSCHITSCHP;1;;
19304228;10;5;5;100;25;-1;-1;3902;3896;3897;847;847;Integration ressourcenschonender Energienutzungsmodelle in die Projektplanung (Alternativenergie, Passivhausstandard, Kühlung/Energiespeicherung durch Grundwasser, Photovoltaik (z. B. in Fassade integrieren oder am Dach), Erdwärme, Sonnenschutz - starke Lamellen, Fassadenfarbe, Niedertemparatur Heiz-Kühlsystem (Baukernaktivierung,  usw.);Chance;281;E-CMZ Klinikum Klagenfurt;23;classic;ÖU004;3902;1796;classic;14.03.2025;1;353;;10.03.2025;;2;SIMTSCHITSCHP;1;;
19304221;1071;4;5;80;20;-1;-1;3896;3895;3902;848;848;Förderungen lukrieren;Chance;281;E-CMZ Klinikum Klagenfurt;22;classic;ÖU003;3896;1796;classic;14.03.2025;1;353;;10.03.2025;;2;SIMTSCHITSCHP;1;;
19304144;28;3;3;36;9;-1;-1;3921;3907;3905;849;849;Nutzer sind ausreichend über das Projekt Betreffende informiert;Chance;281;E-CMZ Klinikum Klagenfurt;11;classic;BB011;3921;1796;classic;14.03.2025;1;353;;10.03.2025;;2;SIMTSCHITSCHP;1;;
19304151;13;5;5;100;25;-1;-1;3905;3921;3908;850;850;Nutzung der Erfahrung der Beteiligten aus den Fachbereichen, Fachbereichsmitarbeiter:innen zu Beteiligten machen und einbeziehen;Chance;281;E-CMZ Klinikum Klagenfurt;12;classic;BB012;3905;1796;classic;14.03.2025;1;353;;10.03.2025;;2;SIMTSCHITSCHP;1;;
19304515;20;4;3;48;12;-1;-1;3863;3857;3855;851;851;Harmonisierung unterschiedlicher Standards und Umsetzungsgrade in prozessübergreifenden Managementsystemen (z. B.  Qualitäts- und Risikomanagement, ISMS, Compliance) und anderen Systemen;Chance;281;E-CMZ Klinikum Klagenfurt;64;classic;PF006;3863;1796;classic;21.03.2025;1;353;;10.03.2025;;2;SIMTSCHITSCHP;1;;
19304487;11;5;3;60;15;-1;-1;3864;3848;3850;852;852;Baufeldfreimachung für zukünftige Projekte;Chance;281;E-CMZ Klinikum Klagenfurt;60;classic;PF002;3864;1796;classic;21.03.2025;1;353;;10.03.2025;;2;SIMTSCHITSCHP;1;;
19304480;13;5;5;100;25;-1;-1;3848;3878;3864;853;853;Adaptierung/Modernisierung der räumlichen Strukturen an die Anforderungen des Versorgungsauftrags sowie an die Anforderungen der betroffenen Primär- und Sekundärversorgungsbereiche;Chance;281;E-CMZ Klinikum Klagenfurt;59;classic;PF001;3848;1796;classic;21.03.2025;1;353;;10.03.2025;;2;SIMTSCHITSCHP;1;;
19450317;8;4;3;48;12;-1;-1;3825;3831;3834;682;682;Projektinhalt nicht mit medizinischer Leistungsplanung (BO-Planung) kompatibel;Risiko;281;E-CMZ Klinikum Klagenfurt;94;classic;PU011;3825;1797;classic;27.03.2025;1;355;;10.03.2025;;2;WILDBERGERR;1;;
19450265;1196;3;3;36;9;-1;-1;3835;3832;3826;683;683;Konflikte mit anderen Projekten (nicht nur Bauprojekte) oder mit dem laufenden Betrieb;Risiko;281;E-CMZ Klinikum Klagenfurt;90;classic;PU007;3835;1797;classic;27.03.2025;1;355;;10.03.2025;;2;WILDBERGERR;1;;
19450187;8;3;3;36;9;-1;-1;3827;3842;3839;684;684;Auswirkung auf die Konsolidierungsbestrebungen;Risiko;281;E-CMZ Klinikum Klagenfurt;84;classic;PU001;3827;1797;classic;27.03.2025;1;355;;10.03.2025;;2;WILDBERGERR;1;;
19450291;188;3;4;48;12;-1;-1;3828;3826;3831;685;685;Politisch bedeutender Projektinhalt;Risiko;281;E-CMZ Klinikum Klagenfurt;92;classic;PU009;3828;1797;classic;27.03.2025;1;355;;10.03.2025;;2;WILDBERGERR;1;;
19450369;9;2;3;24;6;-1;-1;3829;3838;3824;686;686;Widerstand und Einfluss von außen (interne Organisationseinheiten, Anrainer …);Risiko;281;E-CMZ Klinikum Klagenfurt;98;classic;PU015;3829;1797;classic;27.03.2025;1;355;;10.03.2025;;2;WILDBERGERR;1;;
19450239;21;3;3;36;9;-1;-1;3830;3833;3832;687;687;keine Kompatibilität der Projektziele mit dem Versorgungsauftrag  (z. B. Betriebsziele, politische Ziele, Umsetzung ÖSG-RSG usw.);Risiko;281;E-CMZ Klinikum Klagenfurt;88;classic;PU005;3830;1797;classic;27.03.2025;1;355;;10.03.2025;;2;WILDBERGERR;1;;
19450304;8;3;4;48;12;-1;-1;3831;3828;3825;688;688;Projektfortschritt bzw. -laufzeiten können nicht eingehalten werden;Risiko;281;E-CMZ Klinikum Klagenfurt;93;classic;PU010;3831;1797;classic;27.03.2025;1;355;;10.03.2025;;2;WILDBERGERR;1;;
19450252;22;3;3;36;9;-1;-1;3832;3830;3835;689;689;keine Synchronisierung mit dem Masterplan 2030;Risiko;281;E-CMZ Klinikum Klagenfurt;89;classic;PU006;3832;1797;classic;27.03.2025;1;355;;10.03.2025;;2;WILDBERGERR;1;;
19450226;1087;4;3;48;12;-1;-1;3833;3836;3830;690;690;keine Genehmigung ausreichender finanzieller Mittel;Risiko;281;E-CMZ Klinikum Klagenfurt;87;classic;PU004;3833;1797;classic;27.03.2025;1;355;;10.03.2025;;2;WILDBERGERR;1;;
19450330;29;3;4;48;12;-1;-1;3834;3825;3837;691;691;Terminkollisionen;Risiko;281;E-CMZ Klinikum Klagenfurt;95;classic;PU012;3834;1797;classic;27.03.2025;1;355;;10.03.2025;;2;WILDBERGERR;1;;
19449355;15;2;2;16;4;-1;-1;3890;3922;3895;692;692;Bestehende Bausubstanz schwierig oder nicht bekannt;Risiko;281;E-CMZ Klinikum Klagenfurt;20;classic;ÖU001;3890;1797;classic;27.03.2025;1;355;;10.03.2025;;2;WILDBERGERR;1;;
19449459;7;4;4;64;16;-1;-1;3891;3901;3892;693;693;Umwelteinflüsse können Projekt behindern oder beeinflussen;Risiko;281;E-CMZ Klinikum Klagenfurt;28;classic;ÖU009;3891;1797;classic;27.03.2025;1;355;;10.03.2025;;2;WILDBERGERR;1;;
19449472;7;2;2;16;4;-1;-1;3892;3891;3903;694;694;Umweltverträglichkeitsprüfungen;Risiko;281;E-CMZ Klinikum Klagenfurt;29;classic;ÖU010;3892;1797;classic;27.03.2025;1;355;;10.03.2025;;2;WILDBERGERR;1;;
19449433;13;2;2;16;4;-1;-1;3893;3894;3901;695;695;Projekt hat Auswirkungen auf Umwelt (Emissionen);Risiko;281;E-CMZ Klinikum Klagenfurt;26;classic;ÖU007;3893;1797;classic;27.03.2025;1;355;;10.03.2025;;2;WILDBERGERR;1;;
19449420;14;3;3;36;9;-1;-1;3894;3897;3893;696;696;Lärm- und Staubbelästigung während der Bauphase der Patient:innen und Mitarbeiter:innen in den umliegenden Gebäude(-teile) ==> Nähe Notfallaufnahme ==> zentraler Verkehrsknotenpunkt;Risiko;281;E-CMZ Klinikum Klagenfurt;25;classic;ÖU006;3894;1797;classic;27.03.2025;1;355;;10.03.2025;;2;WILDBERGERR;1;;
19449368;11;3;2;24;6;-1;-1;3895;3890;3896;697;697;Erschütterungen während der Bauphase;Risiko;281;E-CMZ Klinikum Klagenfurt;21;classic;ÖU002;3895;1797;classic;27.03.2025;1;355;;10.03.2025;;2;WILDBERGERR;1;;
19449485;8;3;4;48;12;-1;-1;3903;3892;3900;698;698;unbekannte Einbauten im Boden;Risiko;281;E-CMZ Klinikum Klagenfurt;30;classic;ÖU011;3903;1797;classic;27.03.2025;1;355;;10.03.2025;;2;WILDBERGERR;1;;
19449407;11;3;1;12;3;-1;-1;3897;3902;3894;699;699;keine Kenntnis über das Ausmaß des kontaminierten Abbruchmaterials (Asbest, gefährliche Stoffe) und kontaminierte Einbauten im Baugrund;Risiko;281;E-CMZ Klinikum Klagenfurt;24;classic;ÖU005;3897;1797;classic;27.03.2025;1;355;;10.03.2025;;2;WILDBERGERR;1;;
19449511;5;3;3;36;9;-1;-1;3898;3900;3899;700;700;Verunreinigung angrenzender Gebäude;Risiko;281;E-CMZ Klinikum Klagenfurt;32;classic;ÖU013;3898;1797;classic;27.03.2025;1;355;;10.03.2025;;2;WILDBERGERR;1;;
19449524;7;4;3;48;12;-1;-1;3899;3898;3873;701;701;Verunreinigung des Grundwasser;Risiko;281;E-CMZ Klinikum Klagenfurt;33;classic;ÖU014;3899;1797;classic;27.03.2025;1;355;;10.03.2025;;2;WILDBERGERR;1;;
19449498;6;4;4;64;16;-1;-1;3900;3903;3898;702;702;unkontrollierter Wassereintritt;Risiko;281;E-CMZ Klinikum Klagenfurt;31;classic;ÖU012;3900;1797;classic;27.03.2025;1;355;;10.03.2025;;2;WILDBERGERR;1;;
19449446;10;2;3;24;6;-1;-1;3901;3893;3891;703;703;Umsetzen/Einhalten Klima-Aktiv-Gold Standard;Risiko;281;E-CMZ Klinikum Klagenfurt;27;classic;ÖU008;3901;1797;classic;27.03.2025;1;355;;10.03.2025;;2;WILDBERGERR;1;;
19450707;7;4;4;64;16;-1;-1;3798;3806;3805;704;704;Verzögerungen in diversen Vergabeverfahren (Einsprüche) vor allem bei Schlüsselgewerken;Risiko;281;E-CMZ Klinikum Klagenfurt;124;classic;RA010;3798;1797;classic;27.03.2025;1;355;;10.03.2025;;2;WILDBERGERR;1;;
19450629;19;4;3;48;12;-1;-1;3799;3801;3800;705;705;Einlangen einer Klage;Risiko;281;E-CMZ Klinikum Klagenfurt;118;classic;RA004;3799;1797;classic;27.03.2025;1;355;;10.03.2025;;2;WILDBERGERR;1;;
19450642;18;5;3;60;15;-1;-1;3800;3799;3804;706;706;Errichtungsbewilligung kann nicht erteilt werden;Risiko;281;E-CMZ Klinikum Klagenfurt;119;classic;RA005;3800;1797;classic;27.03.2025;1;355;;10.03.2025;;2;WILDBERGERR;1;;
19450616;8;4;3;48;12;-1;-1;3801;3808;3799;707;707;Betriebsbewilligung kann nicht erteilt werden;Risiko;281;E-CMZ Klinikum Klagenfurt;117;classic;RA003;3801;1797;classic;27.03.2025;1;355;;10.03.2025;;2;WILDBERGERR;1;;
19450590;6;2;2;16;4;-1;-1;3802;3809;3808;708;708;Behördenauflagen sind nicht ausführbar (wurden davor nicht abgeklärt/erkundet/erfragt);Risiko;281;E-CMZ Klinikum Klagenfurt;115;classic;RA001;3802;1797;classic;27.03.2025;1;355;;10.03.2025;;2;WILDBERGERR;1;;
19450603;9;3;3;36;9;-1;-1;3808;3802;3801;709;709;Bescheidauflagen können unter Einhaltung des Kostenrahmens nicht umgesetzt werden;Risiko;281;E-CMZ Klinikum Klagenfurt;116;classic;RA002;3808;1797;classic;27.03.2025;1;355;;10.03.2025;;2;WILDBERGERR;1;;
19450655;7;4;3;48;12;-1;-1;3804;3800;3807;710;710;Gesetzliche Vorgaben können nicht eingehalten werden (bestehende Ausnahmeregelung, Betriebsvereinbarung …);Risiko;281;E-CMZ Klinikum Klagenfurt;120;classic;RA006;3804;1797;classic;27.03.2025;1;355;;10.03.2025;;2;WILDBERGERR;1;;
19450720;7;2;3;24;6;-1;-1;3805;3798;3778;711;711;Vorabklärung mit der Behörde nicht durchgeführt (z.B. Landesrechnungshof);Risiko;281;E-CMZ Klinikum Klagenfurt;125;classic;RA011;3805;1797;classic;27.03.2025;1;355;;10.03.2025;;2;WILDBERGERR;1;;
19450694;10;2;3;24;6;-1;-1;3806;3803;3798;712;712;Notwendige gutachterliche/fachplanerische Stellungnahme nicht vorhanden;Risiko;281;E-CMZ Klinikum Klagenfurt;123;classic;RA009;3806;1797;classic;27.03.2025;1;355;;10.03.2025;;2;WILDBERGERR;1;;
19450668;9;2;2;16;4;-1;-1;3807;3804;3803;713;713;keine Berücksichtigung etwaiger gesetzlicher Vorgaben des Strahlenschutz im Rahmen von Bautätigkeiten;Risiko;281;E-CMZ Klinikum Klagenfurt;121;classic;RA007;3807;1797;classic;27.03.2025;1;355;;10.03.2025;;2;WILDBERGERR;1;;
19450681;8;3;4;48;12;-1;-1;3803;3807;3806;714;714;negative Stellungnahme durch den L-RH;Risiko;281;E-CMZ Klinikum Klagenfurt;122;classic;RA008;3803;1797;classic;27.03.2025;1;355;;10.03.2025;;2;WILDBERGERR;1;;
19451461;4;3;4;48;12;-1;-1;3741;3746;0;715;715;Politische Entscheide;Risiko;281;E-CMZ Klinikum Klagenfurt;182;classic;UV009;3741;1797;classic;27.03.2025;1;355;;10.03.2025;;2;WILDBERGERR;1;;
19451422;3;4;4;64;16;-1;-1;3742;3747;3749;716;716;Marktentwicklung;Risiko;281;E-CMZ Klinikum Klagenfurt;179;classic;UV006;3742;1797;classic;27.03.2025;1;355;;10.03.2025;;2;WILDBERGERR;1;;
19451383;16;2;2;16;4;-1;-1;3743;3745;3748;717;717;Beschaffenheit des Baugrunds nicht ausreichend bekannt;Risiko;281;E-CMZ Klinikum Klagenfurt;176;classic;UV003;3743;1797;classic;27.03.2025;1;355;;10.03.2025;;2;WILDBERGERR;1;;
19451357;6;2;2;16;4;-1;-1;3744;3755;3745;718;718;Altbestand nicht ausreichend bekannt;Risiko;281;E-CMZ Klinikum Klagenfurt;174;classic;UV001;3744;1797;classic;27.03.2025;1;355;;10.03.2025;;2;WILDBERGERR;1;;
19451435;4;4;4;64;16;-1;-1;3749;3742;3746;719;719;nicht einschätzbare Beschaffungsmarkt-  und -angebotspreisentwicklung;Risiko;281;E-CMZ Klinikum Klagenfurt;180;classic;UV007;3749;1797;classic;27.03.2025;1;355;;10.03.2025;;2;WILDBERGERR;1;;
19451448;5;4;4;64;16;-1;-1;3746;3749;3741;720;720;nicht einschätzbare Verzögerungen, Unterbrechungen und Ausfälle von Lieferketten und Leistungen;Risiko;281;E-CMZ Klinikum Klagenfurt;181;classic;UV008;3746;1797;classic;27.03.2025;1;355;;10.03.2025;;2;WILDBERGERR;1;;
19451409;5;4;4;64;16;-1;-1;3747;3748;3742;721;721;Konkurs von Auftragsnehmern;Risiko;281;E-CMZ Klinikum Klagenfurt;178;classic;UV005;3747;1797;classic;27.03.2025;1;355;;10.03.2025;;2;WILDBERGERR;1;;
19451396;7;3;4;48;12;-1;-1;3748;3743;3747;722;722;fehlende Bieter im Vergabeverfahren (z. B. Planer und ausführende Gewerke);Risiko;281;E-CMZ Klinikum Klagenfurt;177;classic;UV004;3748;1797;classic;27.03.2025;1;355;;10.03.2025;;2;WILDBERGERR;1;;
19451370;8;3;3;36;9;-1;-1;3745;3744;3743;723;723;Änderung/Reduktion der/des medizinischen Leistungsplanung/-spektrums/-angebotsplanung;Risiko;281;E-CMZ Klinikum Klagenfurt;175;classic;UV002;3745;1797;classic;27.03.2025;1;355;;10.03.2025;;2;WILDBERGERR;1;;
19450577;4;2;2;16;4;-1;-1;3809;3815;3802;724;724;Projektziele zu wenig klar festgelegt oder nachträglich geändert;Risiko;281;E-CMZ Klinikum Klagenfurt;114;classic;PV016;3809;1797;classic;27.03.2025;1;355;;10.03.2025;;2;WILDBERGERR;1;;
19450525;6;2;2;16;4;-1;-1;3810;3816;3818;725;725;Projektanforderungen ungenügend definiert/kommuniziert;Risiko;281;E-CMZ Klinikum Klagenfurt;110;classic;PV012;3810;1797;classic;27.03.2025;1;355;;10.03.2025;;2;WILDBERGERR;1;;
19450486;3;3;3;36;9;-1;-1;3811;3812;3820;726;726;Nutzeranforderungen zu wenig klar bestimmt;Risiko;281;E-CMZ Klinikum Klagenfurt;107;classic;PV009;3811;1797;classic;27.03.2025;1;355;;10.03.2025;;2;WILDBERGERR;1;;
19450473;8;3;3;36;9;-1;-1;3812;3821;3811;727;727;Nutzer-, Betreiber- und Herstellverantwortung ungenügend definiert;Risiko;281;E-CMZ Klinikum Klagenfurt;106;classic;PV008;3812;1797;classic;27.03.2025;1;355;;10.03.2025;;2;WILDBERGERR;1;;
19450395;7;3;3;36;9;-1;-1;3813;3824;3814;728;728;Enger Kostenrahmen, keine vollständige finanzielle Deckung vorhanden;Risiko;281;E-CMZ Klinikum Klagenfurt;100;classic;PV002;3813;1797;classic;27.03.2025;1;355;;10.03.2025;;2;WILDBERGERR;1;;
19450408;3;3;3;36;9;-1;-1;3814;3813;3822;729;729;Enger Terminplan;Risiko;281;E-CMZ Klinikum Klagenfurt;101;classic;PV003;3814;1797;classic;27.03.2025;1;355;;10.03.2025;;2;WILDBERGERR;1;;
19450564;4;2;2;16;4;-1;-1;3815;3817;3809;730;730;Projektziele (Projektgrenzen …) mit Unternehmensziel nicht kompatibel;Risiko;281;E-CMZ Klinikum Klagenfurt;113;classic;PV015;3815;1797;classic;27.03.2025;1;355;;10.03.2025;;2;WILDBERGERR;1;;
19450512;4;3;4;48;12;-1;-1;3816;3820;3810;731;731;Projektänderungen mit Unternehmensziel oder Projektziel nicht kompatibel;Risiko;281;E-CMZ Klinikum Klagenfurt;109;classic;PV011;3816;1797;classic;27.03.2025;1;355;;10.03.2025;;2;WILDBERGERR;1;;
19450551;6;2;2;16;4;-1;-1;3817;3818;3815;732;732;Projektvorgaben mit den besonderen Bestimmungen (z.B. Sozialversicherungsträger, Umweltbestimmungen uvm.) nicht kompatibel;Risiko;281;E-CMZ Klinikum Klagenfurt;112;classic;PV014;3817;1797;classic;27.03.2025;1;355;;10.03.2025;;2;WILDBERGERR;1;;
19450538;6;2;2;16;4;-1;-1;3818;3810;3817;733;733;Projektinhalt nicht klar abgegrenzt;Risiko;281;E-CMZ Klinikum Klagenfurt;111;classic;PV013;3818;1797;classic;27.03.2025;1;355;;10.03.2025;;2;WILDBERGERR;1;;
19450447;4;3;3;36;9;-1;-1;3819;3823;3821;734;734;keine Identifikation der Schlüsselpositionen mit dem Projekt und den damit in Verbindung stehenden Zielen;Risiko;281;E-CMZ Klinikum Klagenfurt;104;classic;PV006;3819;1797;classic;27.03.2025;1;355;;10.03.2025;;2;WILDBERGERR;1;;
19450499;7;3;4;48;12;-1;-1;3820;3811;3816;735;735;Planungsfehler (z. B. Vorhabensbudget, Investitionsprogramm, Betriebsbudget, Folgekosten usw.);Risiko;281;E-CMZ Klinikum Klagenfurt;108;classic;PV010;3820;1797;classic;27.03.2025;1;355;;10.03.2025;;2;WILDBERGERR;1;;
19450460;7;3;3;36;9;-1;-1;3821;3819;3812;736;736;keine Kompatibilität der Projektziele mit den Abteilungszielen/Nutzer;Risiko;281;E-CMZ Klinikum Klagenfurt;105;classic;PV007;3821;1797;classic;27.03.2025;1;355;;10.03.2025;;2;WILDBERGERR;1;;
19450421;12;3;3;36;9;-1;-1;3822;3814;3823;737;737;keine ausreichend klare Formulierung der Projektziele;Risiko;281;E-CMZ Klinikum Klagenfurt;102;classic;PV004;3822;1797;classic;27.03.2025;1;355;;10.03.2025;;2;WILDBERGERR;1;;
19450434;5;3;3;36;9;-1;-1;3823;3822;3819;738;738;keine ausreichende Berücksichtigung der Nutzeranforderungen in der Planung;Risiko;281;E-CMZ Klinikum Klagenfurt;103;classic;PV005;3823;1797;classic;27.03.2025;1;355;;10.03.2025;;2;WILDBERGERR;1;;
19450382;7;3;3;36;9;-1;-1;3824;3829;3813;739;739;Baufeld im zentralen Krankenhausumfeld;Risiko;281;E-CMZ Klinikum Klagenfurt;99;classic;PV001;3824;1797;classic;27.03.2025;1;355;;10.03.2025;;2;WILDBERGERR;1;;
19449186;10;3;4;48;12;-1;-1;3904;3914;3920;740;740;Kommunikationsfehler (bzw. unzureichend) mit Nutzer;Risiko;281;E-CMZ Klinikum Klagenfurt;7;classic;BB007;3904;1797;classic;27.03.2025;1;355;;10.03.2025;;2;WILDBERGERR;1;;
19449342;5;3;4;48;12;-1;-1;3922;3916;3890;741;741;Widerstand von Nutzern;Risiko;281;E-CMZ Klinikum Klagenfurt;19;classic;BB019;3922;1797;classic;27.03.2025;1;355;;10.03.2025;;2;WILDBERGERR;1;;
19449303;11;2;3;24;6;-1;-1;3906;3909;3919;742;742;Skepsis bzw. Ängste von Nutzern nicht mit Schulungen/Informationsveranstaltungen abwendbar;Risiko;281;E-CMZ Klinikum Klagenfurt;16;classic;BB016;3906;1797;classic;27.03.2025;1;355;;10.03.2025;;2;WILDBERGERR;1;;
19449225;5;3;4;48;12;-1;-1;3907;3917;3921;743;743;Nutzer nicht oder zu wenig einbezogen;Risiko;281;E-CMZ Klinikum Klagenfurt;10;classic;BB010;3907;1797;classic;27.03.2025;1;355;;10.03.2025;;2;WILDBERGERR;1;;
19449264;11;3;4;48;12;-1;-1;3908;3905;3913;744;744;Personalwechsel in Schlüsselpositionen;Risiko;281;E-CMZ Klinikum Klagenfurt;13;classic;BB013;3908;1797;classic;27.03.2025;1;355;;10.03.2025;;2;WILDBERGERR;1;;
19449290;12;3;3;36;9;-1;-1;3909;3913;3906;745;745;Schnittstellenthematik (BIMM, Technik, MT…);Risiko;281;E-CMZ Klinikum Klagenfurt;15;classic;BB015;3909;1797;classic;27.03.2025;1;355;;10.03.2025;;2;WILDBERGERR;1;;
19449147;23;3;3;36;9;-1;-1;3910;3911;3918;746;746;Dem Nutzer sind nicht alle Anforderungen (aus BO Planung …) bekannt;Risiko;281;E-CMZ Klinikum Klagenfurt;4;classic;BB004;3910;1797;classic;27.03.2025;1;355;;10.03.2025;;2;WILDBERGERR;1;;
19449134;19;4;4;64;16;-1;-1;3911;3915;3910;747;747;Auswirkungen von neuen Forderungen der Nutzer nicht bekannt;Risiko;281;E-CMZ Klinikum Klagenfurt;3;classic;BB003;3911;1797;classic;27.03.2025;1;355;;10.03.2025;;2;WILDBERGERR;1;;
19449108;41;4;4;64;16;-1;-1;3912;0;3915;748;748;Abhängigkeit von Einzelpersonen (Ressourcen, PL, Stellvertreter …);Risiko;281;E-CMZ Klinikum Klagenfurt;1;classic;BB001;3912;1797;classic;27.03.2025;1;355;;10.03.2025;;2;WILDBERGERR;1;;
19449277;7;3;4;48;12;-1;-1;3913;3908;3909;749;749;Projektanforderungen ändern sich;Risiko;281;E-CMZ Klinikum Klagenfurt;14;classic;BB014;3913;1797;classic;27.03.2025;1;355;;10.03.2025;;2;WILDBERGERR;1;;
19449173;22;3;3;36;9;-1;-1;3914;3918;3904;750;750;keine ausreichende Ressourcenverfügbarkeit bei den Betroffenen und Beteiligten (z. B. für Projektsitzungen im Rahmen der Planung, Umsetzung und Übersiedelung);Risiko;281;E-CMZ Klinikum Klagenfurt;6;classic;BB006;3914;1797;classic;27.03.2025;1;355;;10.03.2025;;2;WILDBERGERR;1;;
19449121;8;4;4;64;16;-1;-1;3915;3912;3911;751;751;Abhängigkeiten der Projektumsetzung von Einzelpersonen;Risiko;281;E-CMZ Klinikum Klagenfurt;2;classic;BB002;3915;1797;classic;27.03.2025;1;355;;10.03.2025;;2;WILDBERGERR;1;;
19449329;9;3;4;48;12;-1;-1;3916;3919;3922;752;752;Veränderte bzw. nicht/besonders wahrgenommene Zuständigkeit;Risiko;281;E-CMZ Klinikum Klagenfurt;18;classic;BB018;3916;1797;classic;27.03.2025;1;355;;10.03.2025;;2;WILDBERGERR;1;;
19449212;8;4;4;64;16;-1;-1;3917;3920;3907;753;753;neue, überzogene (An-)Forderungen der Nutzer/Partner;Risiko;281;E-CMZ Klinikum Klagenfurt;9;classic;BB009;3917;1797;classic;27.03.2025;1;355;;10.03.2025;;2;WILDBERGERR;1;;
19449160;11;3;4;48;12;-1;-1;3918;3910;3914;754;754;falsche oder nicht ausgesprochene Erwartungen durch Nutzer, Partner, Anrainer;Risiko;281;E-CMZ Klinikum Klagenfurt;5;classic;BB005;3918;1797;classic;27.03.2025;1;355;;10.03.2025;;2;WILDBERGERR;1;;
19449316;8;3;3;36;9;-1;-1;3919;3906;3916;755;755;Überlastung des Projektteams;Risiko;281;E-CMZ Klinikum Klagenfurt;17;classic;BB017;3919;1797;classic;27.03.2025;1;355;;10.03.2025;;2;WILDBERGERR;1;;
19449199;5;3;4;48;12;-1;-1;3920;3904;3917;756;756;mangelnde Untersützung/Widerstand von Beteiligten und Betroffenen;Risiko;281;E-CMZ Klinikum Klagenfurt;8;classic;BB008;3920;1797;classic;27.03.2025;1;355;;10.03.2025;;2;WILDBERGERR;1;;
19450148;10;3;3;36;9;-1;-1;3847;3845;3844;757;757;Projektorganisation (Mitglied) nicht/unzureichend über das Projekt informiert;Risiko;281;E-CMZ Klinikum Klagenfurt;81;classic;PO006;3847;1797;classic;27.03.2025;1;355;;10.03.2025;;2;WILDBERGERR;1;;
19450122;13;3;4;48;12;-1;-1;3846;3843;3845;758;758;Langwierige Entscheidungsfindung;Risiko;281;E-CMZ Klinikum Klagenfurt;79;classic;PO004;3846;1797;classic;27.03.2025;1;355;;10.03.2025;;2;WILDBERGERR;1;;
19450135;6;3;3;36;9;-1;-1;3845;3846;3847;759;759;Nichtbeachtung von QM-Standards bzw. mangelnde Integration der QM-Systeme;Risiko;281;E-CMZ Klinikum Klagenfurt;80;classic;PO005;3845;1797;classic;27.03.2025;1;355;;10.03.2025;;2;WILDBERGERR;1;;
19450161;10;3;2;24;6;-1;-1;3844;3847;3842;760;760;unzureichende Kompetenz und Erfahrung des Projektleiter, Krankenhaushygienikers usw.;Risiko;281;E-CMZ Klinikum Klagenfurt;82;classic;PO007;3844;1797;classic;27.03.2025;1;355;;10.03.2025;;2;WILDBERGERR;1;;
19450109;9;2;3;24;6;-1;-1;3843;3840;3846;761;761;keine Integration QMS und RMS;Risiko;281;E-CMZ Klinikum Klagenfurt;78;classic;PO003;3843;1797;classic;27.03.2025;1;355;;10.03.2025;;2;WILDBERGERR;1;;
19450096;6;3;3;36;9;-1;-1;3840;3841;3843;762;762;keine ausreichende Berücksichtigung/Koordination der vielen Beteiligten und/oder Schnittstellen;Risiko;281;E-CMZ Klinikum Klagenfurt;77;classic;PO002;3840;1797;classic;27.03.2025;1;355;;10.03.2025;;2;WILDBERGERR;1;;
19450083;9;3;3;36;9;-1;-1;3841;3858;3840;763;763;fehlende selbständige interne Koordination der Fachabteilung;Risiko;281;E-CMZ Klinikum Klagenfurt;76;classic;PO001;3841;1797;classic;27.03.2025;1;355;;10.03.2025;;2;WILDBERGERR;1;;
19450174;23;3;4;48;12;-1;-1;3842;3844;3827;764;764;Wechsel wesentlicher Schlüsselpersonen für die Umsetzung/Verantwortlicher im Projektteam (z. B. Projektleitung, Nutzer, Planer, Auftraggeber, Verantwortungsträger in einzelnen Bereichen z. B. Technik), Know-How-Träger stehen nicht zur Verfügung / Veränderung in den Entscheidungsstrukturen;Risiko;281;E-CMZ Klinikum Klagenfurt;83;classic;PO008;3842;1797;classic;27.03.2025;1;355;;10.03.2025;;2;WILDBERGERR;1;;
19449563;9;3;2;24;6;-1;-1;3865;3884;3874;765;765;eine mögliche Aussiedelung von Stationen (Kinder) ist nicht möglich;Risiko;281;E-CMZ Klinikum Klagenfurt;36;classic;PA003;3865;1797;classic;27.03.2025;1;355;;10.03.2025;;2;WILDBERGERR;1;;
19449693;7;3;4;48;12;-1;-1;3889;3867;3877;766;766;Kostenüberschreitung möglich;Risiko;281;E-CMZ Klinikum Klagenfurt;46;classic;PA013;3889;1797;classic;27.03.2025;1;355;;10.03.2025;;2;WILDBERGERR;1;;
19449680;7;3;3;36;9;-1;-1;3867;3868;3889;767;767;Kostenerfassung schwierig (Schätzung des Folgeprojektes);Risiko;281;E-CMZ Klinikum Klagenfurt;45;classic;PA012;3867;1797;classic;27.03.2025;1;355;;10.03.2025;;2;WILDBERGERR;1;;
19449667;18;3;4;48;12;-1;-1;3868;3871;3867;768;768;Kommunikationsfehler mit Auftragnehmer (keine Planer);Risiko;281;E-CMZ Klinikum Klagenfurt;44;classic;PA011;3868;1797;classic;27.03.2025;1;355;;10.03.2025;;2;WILDBERGERR;1;;
19449771;9;4;4;64;16;-1;-1;3869;3876;3880;769;769;Ressourcenverfügbarkeit bei Auftragnehmer (keine Planer) nicht vorhanden;Risiko;281;E-CMZ Klinikum Klagenfurt;52;classic;PA019;3869;1797;classic;27.03.2025;1;355;;10.03.2025;;2;WILDBERGERR;1;;
19449641;10;3;3;36;9;-1;-1;3870;3883;3871;770;770;Keine Motivation der Auftragnehmer vorhanden;Risiko;281;E-CMZ Klinikum Klagenfurt;42;classic;PA009;3870;1797;classic;27.03.2025;1;355;;10.03.2025;;2;WILDBERGERR;1;;
19449654;9;4;3;48;12;-1;-1;3871;3870;3868;771;771;Know-How-Träger (extern) nicht verfügbar;Risiko;281;E-CMZ Klinikum Klagenfurt;43;classic;PA010;3871;1797;classic;27.03.2025;1;355;;10.03.2025;;2;WILDBERGERR;1;;
19449745;6;4;3;48;12;-1;-1;3872;3887;3876;772;772;Planung ungenau oder nicht vollständig;Risiko;281;E-CMZ Klinikum Klagenfurt;50;classic;PA017;3872;1797;classic;27.03.2025;1;355;;10.03.2025;;2;WILDBERGERR;1;;
19449537;4;4;3;48;12;-1;-1;3873;3899;3884;773;773;Ausschreibung fehlerhaft;Risiko;281;E-CMZ Klinikum Klagenfurt;34;classic;PA001;3873;1797;classic;27.03.2025;1;355;;10.03.2025;;2;WILDBERGERR;1;;
19449576;5;4;4;64;16;-1;-1;3874;3865;3875;774;774;Einsprucherhebung bei der Ausschreibung;Risiko;281;E-CMZ Klinikum Klagenfurt;37;classic;PA004;3874;1797;classic;27.03.2025;1;355;;10.03.2025;;2;WILDBERGERR;1;;
19449589;11;4;3;48;12;-1;-1;3875;3874;3888;775;775;Einsprucherhebung im Behördenverfahren uvm.;Risiko;281;E-CMZ Klinikum Klagenfurt;38;classic;PA005;3875;1797;classic;27.03.2025;1;355;;10.03.2025;;2;WILDBERGERR;1;;
19449758;7;4;3;48;12;-1;-1;3876;3872;3869;776;776;Projektdokumentation nicht vollständig bzw. nicht vorhanden;Risiko;281;E-CMZ Klinikum Klagenfurt;51;classic;PA018;3876;1797;classic;27.03.2025;1;355;;10.03.2025;;2;WILDBERGERR;1;;
19449706;13;3;4;48;12;-1;-1;3877;3889;3886;777;777;Lange Projektdauer;Risiko;281;E-CMZ Klinikum Klagenfurt;47;classic;PA014;3877;1797;classic;27.03.2025;1;355;;10.03.2025;;2;WILDBERGERR;1;;
19449849;8;3;3;36;9;-1;-1;3878;3881;3848;778;778;zu kurze Projektvorbereitung;Risiko;281;E-CMZ Klinikum Klagenfurt;58;classic;PA025;3878;1797;classic;27.03.2025;1;355;;10.03.2025;;2;WILDBERGERR;1;;
19449797;12;4;4;64;16;-1;-1;3879;3880;3866;779;779;Schleppende, eventuell kostenerhöhende Planung durch laufende Nutzeränderungsbedarfe;Risiko;281;E-CMZ Klinikum Klagenfurt;54;classic;PA021;3879;1797;classic;27.03.2025;1;355;;10.03.2025;;2;WILDBERGERR;1;;
19449784;15;4;4;64;16;-1;-1;3880;3869;3879;780;780;Schleppende, eventuell kostenerhöhende Planung durch laufende Änderungen der Betreiber;Risiko;281;E-CMZ Klinikum Klagenfurt;53;classic;PA020;3880;1797;classic;27.03.2025;1;355;;10.03.2025;;2;WILDBERGERR;1;;
19449836;10;3;3;36;9;-1;-1;3881;3882;3878;781;781;Vorgegebene Projektpläne sind nicht abgestimmt und unrealistisch;Risiko;281;E-CMZ Klinikum Klagenfurt;57;classic;PA024;3881;1797;classic;27.03.2025;1;355;;10.03.2025;;2;WILDBERGERR;1;;
19449823;13;4;3;48;12;-1;-1;3882;3866;3881;782;782;Vorgegebene Laufzeiten und Fristen sind nicht berücksichtigt (Beschlussfassung Aufsichtsrat, Einreichung Landesrechnungshof, Ausschreibungsverfahren uvm.);Risiko;281;E-CMZ Klinikum Klagenfurt;56;classic;PA023;3882;1797;classic;27.03.2025;1;355;;10.03.2025;;2;WILDBERGERR;1;;
19449628;18;2;3;24;6;-1;-1;3883;3885;3870;783;783;Keine Berücksichtigung innerhalb der Planung des Projektes von Dienstplänen, Urlaubszeiten oder Zeiten mit arbeitsintensiven Tätigkeiten (z.B. Jahresabschluss uvm.);Risiko;281;E-CMZ Klinikum Klagenfurt;41;classic;PA008;3883;1797;classic;27.03.2025;1;355;;10.03.2025;;2;WILDBERGERR;1;;
19449550;5;3;3;36;9;-1;-1;3884;3873;3865;784;784;die Informationsweitergabe von Hygienevorgaben an die Mitarbeiter des AN ist mangelhaft;Risiko;281;E-CMZ Klinikum Klagenfurt;35;classic;PA002;3884;1797;classic;27.03.2025;1;355;;10.03.2025;;2;WILDBERGERR;1;;
19449615;12;2;3;24;6;-1;-1;3885;3888;3883;785;785;gemeinsame Nutzung der Sanitär-Anlagen und die daraus resultierende Verunreinigung;Risiko;281;E-CMZ Klinikum Klagenfurt;40;classic;PA007;3885;1797;classic;27.03.2025;1;355;;10.03.2025;;2;WILDBERGERR;1;;
19449719;13;4;3;48;12;-1;-1;3886;3877;3887;786;786;mikrobiologische Verkeimung der bestehenden Wasserleitungen;Risiko;281;E-CMZ Klinikum Klagenfurt;48;classic;PA015;3886;1797;classic;27.03.2025;1;355;;10.03.2025;;2;WILDBERGERR;1;;
19449732;4;4;3;48;12;-1;-1;3887;3886;3872;787;787;nicht erkannte Hygieneprobleme;Risiko;281;E-CMZ Klinikum Klagenfurt;49;classic;PA016;3887;1797;classic;27.03.2025;1;355;;10.03.2025;;2;WILDBERGERR;1;;
19449602;11;4;3;48;12;-1;-1;3888;3875;3885;788;788;es besteht kein effizientes Änderungsmanagement;Risiko;281;E-CMZ Klinikum Klagenfurt;39;classic;PA006;3888;1797;classic;27.03.2025;1;355;;10.03.2025;;2;WILDBERGERR;1;;
19449810;40;4;4;64;16;-1;-1;3866;3879;3882;789;789;verzögerte Freigabe von Planungsschritten und Genehmigungschritten (PA1);Risiko;281;E-CMZ Klinikum Klagenfurt;55;classic;PA022;3866;1797;classic;27.03.2025;1;355;;10.03.2025;;2;WILDBERGERR;1;;
19449901;8;3;2;24;6;-1;-1;3849;3850;3857;790;790;Folgekostenermittlung nicht transparent;Risiko;281;E-CMZ Klinikum Klagenfurt;62;classic;PF004;3849;1797;classic;27.03.2025;1;355;;10.03.2025;;2;WILDBERGERR;1;;
19449888;7;3;3;36;9;-1;-1;3850;3864;3849;791;791;Betriebsorganisationskonzept nicht gelöst;Risiko;281;E-CMZ Klinikum Klagenfurt;61;classic;PF003;3850;1797;classic;27.03.2025;1;355;;10.03.2025;;2;WILDBERGERR;1;;
19450057;10;3;3;36;9;-1;-1;3851;3852;3858;792;792;Unerfüllbare Erwartungshaltung an Auftragnehmer;Risiko;281;E-CMZ Klinikum Klagenfurt;74;classic;PF016;3851;1797;classic;27.03.2025;1;355;;10.03.2025;;2;WILDBERGERR;1;;
19450044;12;3;4;48;12;-1;-1;3852;3856;3851;793;793;Schulungs- und Einführungsaufwand groß (vor der Inbetriebnahme);Risiko;281;E-CMZ Klinikum Klagenfurt;73;classic;PF015;3852;1797;classic;27.03.2025;1;355;;10.03.2025;;2;WILDBERGERR;1;;
19450005;5;2;3;24;6;-1;-1;3853;3862;3854;794;794;Organisatorische Veränderungen einschneidend;Risiko;281;E-CMZ Klinikum Klagenfurt;70;classic;PF012;3853;1797;classic;27.03.2025;1;355;;10.03.2025;;2;WILDBERGERR;1;;
19450018;6;2;3;24;6;-1;-1;3854;3853;3856;795;795;Personelle Veränderungen groß;Risiko;281;E-CMZ Klinikum Klagenfurt;71;classic;PF013;3854;1797;classic;27.03.2025;1;355;;10.03.2025;;2;WILDBERGERR;1;;
19449940;9;3;3;36;9;-1;-1;3855;3863;3861;796;796;Imageschaden durch Qualitätsverlust;Risiko;281;E-CMZ Klinikum Klagenfurt;65;classic;PF007;3855;1797;classic;27.03.2025;1;355;;10.03.2025;;2;WILDBERGERR;1;;
19450031;5;2;3;24;6;-1;-1;3856;3854;3852;797;797;Raumplanung nicht am Betriebsbedarf ausgerichtet;Risiko;281;E-CMZ Klinikum Klagenfurt;72;classic;PF014;3856;1797;classic;27.03.2025;1;355;;10.03.2025;;2;WILDBERGERR;1;;
19449914;14;2;2;16;4;-1;-1;3857;3849;3863;798;798;Gefährdung bestehender Zertifizierungen (ISO, Onko-Zentrum, UEMS, EMAS);Risiko;281;E-CMZ Klinikum Klagenfurt;63;classic;PF005;3857;1797;classic;27.03.2025;1;355;;10.03.2025;;2;WILDBERGERR;1;;
19450070;9;2;3;24;6;-1;-1;3858;3851;3841;799;799;zusätzlicher Betrieb leer stehender Gebäude;Risiko;281;E-CMZ Klinikum Klagenfurt;75;classic;PF017;3858;1797;classic;27.03.2025;1;355;;10.03.2025;;2;WILDBERGERR;1;;
19449979;9;2;2;16;4;-1;-1;3859;3860;3862;800;800;keine Berücksichtung der Veränderung der medizinischen Standards von der Planung bis zur Fertigstellung (ca. 6 Jahre);Risiko;281;E-CMZ Klinikum Klagenfurt;68;classic;PF010;3859;1797;classic;27.03.2025;1;355;;10.03.2025;;2;WILDBERGERR;1;;
19449966;12;3;2;24;6;-1;-1;3860;3861;3859;801;801;keine ausreichende Berücksichtigung von Kapazitäten, Zeit, Kosten in der Planung der Übersiedelung;Risiko;281;E-CMZ Klinikum Klagenfurt;67;classic;PF009;3860;1797;classic;27.03.2025;1;355;;10.03.2025;;2;WILDBERGERR;1;;
19449953;11;3;3;36;9;-1;-1;3861;3855;3860;802;802;keine ausreichende Berücksichtigung der Schnittstellen zwischen Projekt und laufendem Betrieb (technisch);Risiko;281;E-CMZ Klinikum Klagenfurt;66;classic;PF008;3861;1797;classic;27.03.2025;1;355;;10.03.2025;;2;WILDBERGERR;1;;
19449992;7;3;3;36;9;-1;-1;3862;3859;3853;803;803;Neu-Bewilligungen werden notwendig;Risiko;281;E-CMZ Klinikum Klagenfurt;69;classic;PF011;3862;1797;classic;27.03.2025;1;355;;10.03.2025;;2;WILDBERGERR;1;;
19451032;8;4;3;48;12;-1;-1;3796;3772;3783;804;804;Unbefugte Personen im Baustellenbereich;Risiko;281;E-CMZ Klinikum Klagenfurt;149;classic;SI024;3796;1797;classic;27.03.2025;1;355;;10.03.2025;;2;WILDBERGERR;1;;
19450837;9;3;3;36;9;-1;-1;3797;3793;3785;805;805;Fehlender Check gegen interne Policies (Projektphasen …);Risiko;281;E-CMZ Klinikum Klagenfurt;134;classic;SI009;3797;1797;classic;27.03.2025;1;355;;10.03.2025;;2;WILDBERGERR;1;;
19450954;11;3;3;36;9;-1;-1;3773;3795;3784;806;806;Projektumfeld risikoreich (Projektphasen …);Risiko;281;E-CMZ Klinikum Klagenfurt;143;classic;SI018;3773;1797;classic;27.03.2025;1;355;;10.03.2025;;2;WILDBERGERR;1;;
19450798;5;3;3;36;9;-1;-1;3774;3779;3792;807;807;Erhöhte Gefährdung von Personen und Anlagen (Projektphasen …);Risiko;281;E-CMZ Klinikum Klagenfurt;131;classic;SI006;3774;1797;classic;27.03.2025;1;355;;10.03.2025;;2;WILDBERGERR;1;;
19450915;13;5;2;40;10;-1;-1;3775;3788;3780;808;808;Mangelnder Brandschutz (Projektphasen …);Risiko;281;E-CMZ Klinikum Klagenfurt;140;classic;SI015;3775;1797;classic;27.03.2025;1;355;;10.03.2025;;2;WILDBERGERR;1;;
19450863;15;4;4;64;16;-1;-1;3776;3785;3786;809;809;Heißarbeiten während der Bauphasen (Flämmarbeiten, Schweißarbeiten, Flexarbeiten usw.).;Risiko;281;E-CMZ Klinikum Klagenfurt;136;classic;SI011;3776;1797;classic;27.03.2025;1;355;;10.03.2025;;2;WILDBERGERR;1;;
19450772;24;3;3;36;9;-1;-1;3777;3789;3779;810;810;Eingriff in den Bestand (Abschaltung von Brandmeldelinien ) keine Überwachung während der Abschaltungen;Risiko;281;E-CMZ Klinikum Klagenfurt;129;classic;SI004;3777;1797;classic;27.03.2025;1;355;;10.03.2025;;2;WILDBERGERR;1;;
19450733;26;2;3;24;6;-1;-1;3778;3805;3787;811;811;Anbindung an den Bestand im 3.OG West (Abströmöffnungen der DBA Anlage müssen versetz werden), dadurch resultierend eine zeitliche Abschaltung der Anlage;Risiko;281;E-CMZ Klinikum Klagenfurt;126;classic;SI001;3778;1797;classic;27.03.2025;1;355;;10.03.2025;;2;WILDBERGERR;1;;
19450785;8;3;3;36;9;-1;-1;3779;3777;3774;812;812;Eingriff in die bestehenden Stiegenhäuser (Sperre des Fluchtweg / Notausgang);Risiko;281;E-CMZ Klinikum Klagenfurt;130;classic;SI005;3779;1797;classic;27.03.2025;1;355;;10.03.2025;;2;WILDBERGERR;1;;
19450928;9;4;3;48;12;-1;-1;3780;3775;3795;813;813;Öffnung von diversen Brandabschottungen / Brandabschnitten / Rauchabschnitten im Bestand;Risiko;281;E-CMZ Klinikum Klagenfurt;141;classic;SI016;3780;1797;classic;27.03.2025;1;355;;10.03.2025;;2;WILDBERGERR;1;;
19451006;12;3;3;36;9;-1;-1;3781;3794;3772;814;814;Sperre von Bereichen in der Tiefgarage (Technik für die BRV Anlage fehlt während der Bauphase);Risiko;281;E-CMZ Klinikum Klagenfurt;147;classic;SI022;3781;1797;classic;27.03.2025;1;355;;10.03.2025;;2;WILDBERGERR;1;;
19450980;28;4;4;64;16;-1;-1;3782;3784;3794;815;815;Rauchen und offenes Licht im BAUFELD / BAUSTELLE;Risiko;281;E-CMZ Klinikum Klagenfurt;145;classic;SI020;3782;1797;classic;27.03.2025;1;355;;10.03.2025;;2;WILDBERGERR;1;;
19451045;5;4;4;64;16;-1;-1;3783;3796;3790;816;816;Verstellte Fluchtwege;Risiko;281;E-CMZ Klinikum Klagenfurt;150;classic;SI025;3783;1797;classic;27.03.2025;1;355;;10.03.2025;;2;WILDBERGERR;1;;
19450850;9;3;3;36;9;-1;-1;3785;3797;3776;818;818;gelieferte Trinkwasserleitungen und Lüftungskanäle sind nicht mit Endkappen versehen;Risiko;281;E-CMZ Klinikum Klagenfurt;135;classic;SI010;3785;1797;classic;27.03.2025;1;355;;10.03.2025;;2;WILDBERGERR;1;;
19450876;10;4;2;32;8;-1;-1;3786;3776;3791;819;819;keine ausreichende Baugrubenabsicherung zum angrenzenden Betrieb;Risiko;281;E-CMZ Klinikum Klagenfurt;137;classic;SI012;3786;1797;classic;27.03.2025;1;355;;10.03.2025;;2;WILDBERGERR;1;;
19450746;9;4;4;64;16;-1;-1;3787;3778;3789;820;820;Ausfall kritischer Infrastruktur;Risiko;281;E-CMZ Klinikum Klagenfurt;127;classic;SI002;3787;1797;classic;27.03.2025;1;355;;10.03.2025;;2;WILDBERGERR;1;;
19450902;8;4;3;48;12;-1;-1;3788;3791;3775;821;821;Kollektorgang nicht nutzbar;Risiko;281;E-CMZ Klinikum Klagenfurt;139;classic;SI014;3788;1797;classic;27.03.2025;1;355;;10.03.2025;;2;WILDBERGERR;1;;
19450759;6;3;4;48;12;-1;-1;3789;3787;3777;822;822;Beeinträchtigung des Zugangs/Zufahrt der Notaufnahme;Risiko;281;E-CMZ Klinikum Klagenfurt;128;classic;SI003;3789;1797;classic;27.03.2025;1;355;;10.03.2025;;2;WILDBERGERR;1;;
19451058;17;3;3;36;9;-1;-1;3790;3783;3771;823;823;Zeitgerechte Umsetzung/Überwachung vorhabensbezogener sicherheitstechnischer Vorgaben;Risiko;281;E-CMZ Klinikum Klagenfurt;151;classic;SI026;3790;1797;classic;27.03.2025;1;355;;10.03.2025;;2;WILDBERGERR;1;;
19450889;19;4;3;48;12;-1;-1;3791;3786;3788;824;824;keine ausreichende Einbindung und Information der Sicherheitsbeauftragten über sicherheitsrelevante Faktoren;Risiko;281;E-CMZ Klinikum Klagenfurt;138;classic;SI013;3791;1797;classic;27.03.2025;1;355;;10.03.2025;;2;WILDBERGERR;1;;
19451279;12;3;4;48;12;-1;-1;3750;3762;3753;825;825;Technologien neuartig und komplex (nicht ausgereifte Technologie im Einsatz?);Risiko;281;E-CMZ Klinikum Klagenfurt;168;classic;TE016;3750;1797;classic;27.03.2025;1;355;;10.03.2025;;2;WILDBERGERR;1;;
19451318;12;3;3;36;9;-1;-1;3770;3766;3767;826;826;Verfahren neuartig oder komplex;Risiko;281;E-CMZ Klinikum Klagenfurt;171;classic;TE019;3770;1797;classic;27.03.2025;1;355;;10.03.2025;;2;WILDBERGERR;1;;
19451240;8;3;2;24;6;-1;-1;3752;3756;3757;827;827;Materialien neuartig oder heikel;Risiko;281;E-CMZ Klinikum Klagenfurt;165;classic;TE013;3752;1797;classic;27.03.2025;1;355;;10.03.2025;;2;WILDBERGERR;1;;
19451292;10;3;4;48;12;-1;-1;3753;3750;3766;828;828;Unterbrechung des laufenden Betriebes unmöglich;Risiko;281;E-CMZ Klinikum Klagenfurt;169;classic;TE017;3753;1797;classic;27.03.2025;1;355;;10.03.2025;;2;WILDBERGERR;1;;
19451123;6;3;3;36;9;-1;-1;3754;3759;3764;829;829;Beeinträchtigung des Betriebes (Erschütterung, Lärm, Staub, Kapazitäten uvm.);Risiko;281;E-CMZ Klinikum Klagenfurt;156;classic;TE004;3754;1797;classic;27.03.2025;1;355;;10.03.2025;;2;WILDBERGERR;1;;
19451344;13;3;2;24;6;-1;-1;3755;3767;3744;830;830;zwischenzeitliche Übersiedelung während der Bauphase führt zu hohen Kosten und/oder Terminverzögerungen;Risiko;281;E-CMZ Klinikum Klagenfurt;173;classic;TE021;3755;1797;classic;27.03.2025;1;355;;10.03.2025;;2;WILDBERGERR;1;;
19451227;8;3;4;48;12;-1;-1;3756;3769;3752;831;831;Laufender Betrieb lässt nur eingeschränkte Projektarbeitszeit zu;Risiko;281;E-CMZ Klinikum Klagenfurt;164;classic;TE012;3756;1797;classic;27.03.2025;1;355;;10.03.2025;;2;WILDBERGERR;1;;
19451188;7;3;1;12;3;-1;-1;3758;3768;3765;833;833;Hygiene - Fehlplanungen, Anforderungsänderungen, Nicht zeitgerechte Ausarbeitung der beauftragten Personen;Risiko;281;E-CMZ Klinikum Klagenfurt;161;classic;TE009;3758;1797;classic;27.03.2025;1;355;;10.03.2025;;2;WILDBERGERR;1;;
19451110;5;2;3;24;6;-1;-1;3759;3760;3754;834;834;Baugrund - Material - Materialverwertbarkeit (Massendisposition), Kontaminierung des Baugrundes;Risiko;281;E-CMZ Klinikum Klagenfurt;155;classic;TE003;3759;1797;classic;27.03.2025;1;355;;10.03.2025;;2;WILDBERGERR;1;;
19451097;408;2;3;24;6;-1;-1;3760;3763;3759;835;835;Baugrund - Bodenerkundung / Gutachten - falsche/ungeeignete Wahl/Planung des Sicherungssystems (Baugrubensicherung, -umschließung), Auswirkungen auf Umgebung, Nachbarbauwerke,…;Risiko;281;E-CMZ Klinikum Klagenfurt;154;classic;TE002;3760;1797;classic;27.03.2025;1;355;;10.03.2025;;2;WILDBERGERR;1;;
19451149;11;3;1;12;3;-1;-1;3761;3764;3751;836;836;Beweissicherungen - nicht ordnungsgemäße bzw. unvollständige Beweissicherung  - Grundwasser und Erschütterung für umliegende Gebäude, Beschädigung / Rückbau von Bestandsleitungen mit unbekannter Funktion: Betriebsunterbrechung;Risiko;281;E-CMZ Klinikum Klagenfurt;158;classic;TE006;3761;1797;classic;27.03.2025;1;355;;10.03.2025;;2;WILDBERGERR;1;;
19451084;12;3;3;36;9;-1;-1;3763;3771;3760;838;838;Auswirkung an angrenzende Bereiche (befinden sich daneben, darüber, darunter);Risiko;281;E-CMZ Klinikum Klagenfurt;153;classic;TE001;3763;1797;classic;27.03.2025;1;355;;10.03.2025;;2;WILDBERGERR;1;;
19451136;17;3;1;12;3;-1;-1;3764;3754;3761;839;839;Beschädigung bzw. Beeinträchtigung der Betriebsbereitschaft sensibler medizintechnischer Geräte (z. B. SPECT Kameras, Szintillationskristalle) Bestand und Siedlungsgut;Risiko;281;E-CMZ Klinikum Klagenfurt;157;classic;TE005;3764;1797;classic;27.03.2025;1;355;;10.03.2025;;2;WILDBERGERR;1;;
19451201;7;3;2;24;6;-1;-1;3765;3758;3769;840;840;IT- und MT-Schnittstellenproblematiken zwischen den Einrichtungen werden nicht ausreichend berücksichtigt;Risiko;281;E-CMZ Klinikum Klagenfurt;162;classic;TE010;3765;1797;classic;27.03.2025;1;355;;10.03.2025;;2;WILDBERGERR;1;;
19451071;22;4;3;48;12;-1;-1;3771;3790;3763;841;841;Pandemie - Beeinträchtigung der Projektbeteiligten;Risiko;281;E-CMZ Klinikum Klagenfurt;152;classic;SR001;3771;1797;classic;27.03.2025;1;355;;10.03.2025;;2;WILDBERGERR;1;;
19450200;17;4;4;64;16;-1;-1;3839;3827;3836;842;842;Einhaltung sicherheits- und gesundheitspolitischer Auflagen und Einschränkungen (ÖSG-RSG);Chance;281;E-CMZ Klinikum Klagenfurt;85;classic;PU002;3839;1797;classic;27.03.2025;1;355;;10.03.2025;;2;WILDBERGERR;1;;
19450356;7;4;4;64;16;-1;-1;3838;3837;3829;843;843;Verbesserung der Positionierung am Arbeitsmarkt;Chance;281;E-CMZ Klinikum Klagenfurt;97;classic;PU014;3838;1797;classic;27.03.2025;1;355;;10.03.2025;;2;WILDBERGERR;1;;
19450343;5;4;5;80;20;-1;-1;3837;3834;3838;844;844;Verbesserung der interdiszipilinären Zusammenarbeit;Chance;281;E-CMZ Klinikum Klagenfurt;96;classic;PU013;3837;1797;classic;27.03.2025;1;355;;10.03.2025;;2;WILDBERGERR;1;;
19450278;18;4;4;64;16;-1;-1;3826;3835;3828;846;846;Neubau;Chance;281;E-CMZ Klinikum Klagenfurt;91;classic;PU008;3826;1797;classic;27.03.2025;1;355;;10.03.2025;;2;WILDBERGERR;1;;
19449394;13;4;5;80;20;-1;-1;3902;3896;3897;847;847;Integration ressourcenschonender Energienutzungsmodelle in die Projektplanung (Alternativenergie, Passivhausstandard, Kühlung/Energiespeicherung durch Grundwasser, Photovoltaik (z. B. in Fassade integrieren oder am Dach), Erdwärme, Sonnenschutz - starke Lamellen, Fassadenfarbe, Niedertemparatur Heiz-Kühlsystem (Baukernaktivierung,  usw.);Chance;281;E-CMZ Klinikum Klagenfurt;23;classic;ÖU004;3902;1797;classic;27.03.2025;1;355;;10.03.2025;;2;WILDBERGERR;1;;
19449381;7;5;4;80;20;-1;-1;3896;3895;3902;848;848;Förderungen lukrieren;Chance;281;E-CMZ Klinikum Klagenfurt;22;classic;ÖU003;3896;1797;classic;27.03.2025;1;355;;10.03.2025;;2;WILDBERGERR;1;;
19449238;14;3;3;36;9;-1;-1;3921;3907;3905;849;849;Nutzer sind ausreichend über das Projekt Betreffende informiert;Chance;281;E-CMZ Klinikum Klagenfurt;11;classic;BB011;3921;1797;classic;27.03.2025;1;355;;10.03.2025;;2;WILDBERGERR;1;;
19449251;72;4;4;64;16;-1;-1;3905;3921;3908;850;850;Nutzung der Erfahrung der Beteiligten aus den Fachbereichen, Fachbereichsmitarbeiter:innen zu Beteiligten machen und einbeziehen;Chance;281;E-CMZ Klinikum Klagenfurt;12;classic;BB012;3905;1797;classic;27.03.2025;1;355;;10.03.2025;;2;WILDBERGERR;1;;
19449927;11;4;3;48;12;-1;-1;3863;3857;3855;851;851;Harmonisierung unterschiedlicher Standards und Umsetzungsgrade in prozessübergreifenden Managementsystemen (z. B.  Qualitäts- und Risikomanagement, ISMS, Compliance) und anderen Systemen;Chance;281;E-CMZ Klinikum Klagenfurt;64;classic;PF006;3863;1797;classic;27.03.2025;1;355;;10.03.2025;;2;WILDBERGERR;1;;
19449875;7;4;3;48;12;-1;-1;3864;3848;3850;852;852;Baufeldfreimachung für zukünftige Projekte;Chance;281;E-CMZ Klinikum Klagenfurt;60;classic;PF002;3864;1797;classic;27.03.2025;1;355;;10.03.2025;;2;WILDBERGERR;1;;
19449862;17;4;3;48;12;-1;-1;3848;3878;3864;853;853;Adaptierung/Modernisierung der räumlichen Strukturen an die Anforderungen des Versorgungsauftrags sowie an die Anforderungen der betroffenen Primär- und Sekundärversorgungsbereiche;Chance;281;E-CMZ Klinikum Klagenfurt;59;classic;PF001;3848;1797;classic;27.03.2025;1;355;;10.03.2025;;2;WILDBERGERR;1;;
19450811;7;4;4;64;16;-1;-1;3792;3774;3793;854;854;Erweiterung der Druckbelüftungsanlage im NEUBAU laut Brandschutzkonzept;Chance;281;E-CMZ Klinikum Klagenfurt;132;classic;SI007;3792;1797;classic;27.03.2025;1;355;;10.03.2025;;2;WILDBERGERR;1;;
19450993;16;4;4;64;16;-1;-1;3794;3782;3781;856;856;Schwerlasten (Logistik, Wasseraufbereitung …) werden im Keller situiert;Chance;281;E-CMZ Klinikum Klagenfurt;146;classic;SI021;3794;1797;classic;27.03.2025;1;355;;10.03.2025;;2;WILDBERGERR;1;;
19450941;9;4;5;80;20;-1;-1;3795;3780;3773;857;857;Patienten mit Infektion werden separiert geführt (Liftausgang …);Chance;281;E-CMZ Klinikum Klagenfurt;142;classic;SI017;3795;1797;classic;27.03.2025;1;355;;10.03.2025;;2;WILDBERGERR;1;;
19451019;5;4;5;80;20;-1;-1;3772;3781;3796;858;858;Steigerung der Sicherheit von Patient:innen, Mitarbeiter:innen und Dritter;Chance;281;E-CMZ Klinikum Klagenfurt;148;classic;SI023;3772;1797;classic;27.03.2025;1;355;;10.03.2025;;2;WILDBERGERR;1;;
19451305;5;4;4;64;16;-1;-1;3766;3753;3770;859;859;Verbesserung der technischen Betriebssicherheit;Chance;281;E-CMZ Klinikum Klagenfurt;170;classic;TE018;3766;1797;classic;27.03.2025;1;355;;10.03.2025;;2;WILDBERGERR;1;;
19451331;8;4;4;64;16;-1;-1;3767;3770;3755;860;860;Zusammenführung, Anbindung (BMA, GLT, FTS, Zutritt usw.) , Harmonisierung struktureller und technischer Standards und deren Auslegung (alt/neu) ==> Implementierung aktueller Haus- und Betriebstechnik;Chance;281;E-CMZ Klinikum Klagenfurt;172;classic;TE020;3767;1797;classic;27.03.2025;1;355;;10.03.2025;;2;WILDBERGERR;1;;
19451175;10;3;4;48;12;-1;-1;3768;3751;3758;861;861;Fernwärme/Kälteversorgung für zukünftige Versorgung berücksichtigen (Neuverlegung, Trassenführung);Chance;281;E-CMZ Klinikum Klagenfurt;160;classic;TE008;3768;1797;classic;27.03.2025;1;355;;10.03.2025;;2;WILDBERGERR;1;;
19451214;8;4;4;64;16;-1;-1;3769;3765;3756;862;862;Kollektorgänge für zukünftige Erweiterungen vorbereitet (Onkozentrum);Chance;281;E-CMZ Klinikum Klagenfurt;163;classic;TE011;3769;1797;classic;27.03.2025;1;355;;10.03.2025;;2;WILDBERGERR;1;;
19451162;7;3;4;48;12;-1;-1;3751;3761;3768;863;863;Business Continuity in Ableitung von der Unternehmensstrategie zu diesem Thema konzeptionell und in der Projektplanung vorsehen;Chance;281;E-CMZ Klinikum Klagenfurt;159;classic;TE007;3751;1797;classic;27.03.2025;1;355;;10.03.2025;;2;WILDBERGERR;1;;
19313409;14;3;4;48;12;-1;-1;3911;3915;3910;747;747;Auswirkungen von neuen Forderungen der Nutzer nicht bekannt;Risiko;281;E-CMZ Klinikum Klagenfurt;3;classic;BB003;3911;1791;classic;17.03.2025;1;1105;;10.03.2025;;2;KAB_JANKCHR;1;;
19313391;23;4;4;64;16;-1;-1;3912;0;3915;748;748;Abhängigkeit von Einzelpersonen (Ressourcen, PL, Stellvertreter …);Risiko;281;E-CMZ Klinikum Klagenfurt;1;classic;BB001;3912;1791;classic;17.03.2025;1;1105;;10.03.2025;;2;KAB_JANKCHR;1;;
19313508;9;4;3;48;12;-1;-1;3913;3908;3909;749;749;Projektanforderungen ändern sich;Risiko;281;E-CMZ Klinikum Klagenfurt;14;classic;BB014;3913;1791;classic;17.03.2025;1;1105;;10.03.2025;;2;KAB_JANKCHR;1;;
19313436;13;4;3;48;12;-1;-1;3914;3918;3904;750;750;keine ausreichende Ressourcenverfügbarkeit bei den Betroffenen und Beteiligten (z. B. für Projektsitzungen im Rahmen der Planung, Umsetzung und Übersiedelung);Risiko;281;E-CMZ Klinikum Klagenfurt;6;classic;BB006;3914;1791;classic;17.03.2025;1;1105;;10.03.2025;;2;KAB_JANKCHR;1;;
19313400;16;4;4;64;16;-1;-1;3915;3912;3911;751;751;Abhängigkeiten der Projektumsetzung von Einzelpersonen;Risiko;281;E-CMZ Klinikum Klagenfurt;2;classic;BB002;3915;1791;classic;17.03.2025;1;1105;;10.03.2025;;2;KAB_JANKCHR;1;;
19313544;11;4;4;64;16;-1;-1;3916;3919;3922;752;752;Veränderte bzw. nicht/besonders wahrgenommene Zuständigkeit;Risiko;281;E-CMZ Klinikum Klagenfurt;18;classic;BB018;3916;1791;classic;17.03.2025;1;1105;;10.03.2025;;2;KAB_JANKCHR;1;;
19313463;9;3;4;48;12;-1;-1;3917;3920;3907;753;753;neue, überzogene (An-)Forderungen der Nutzer/Partner;Risiko;281;E-CMZ Klinikum Klagenfurt;9;classic;BB009;3917;1791;classic;17.03.2025;1;1105;;10.03.2025;;2;KAB_JANKCHR;1;;
19313427;18;4;2;32;8;-1;-1;3918;3910;3914;754;754;falsche oder nicht ausgesprochene Erwartungen durch Nutzer, Partner, Anrainer;Risiko;281;E-CMZ Klinikum Klagenfurt;5;classic;BB005;3918;1791;classic;17.03.2025;1;1105;;10.03.2025;;2;KAB_JANKCHR;1;;
19313535;8;3;3;36;9;-1;-1;3919;3906;3916;755;755;Überlastung des Projektteams;Risiko;281;E-CMZ Klinikum Klagenfurt;17;classic;BB017;3919;1791;classic;17.03.2025;1;1105;;10.03.2025;;2;KAB_JANKCHR;1;;
19313454;16;4;2;32;8;-1;-1;3920;3904;3917;756;756;mangelnde Untersützung/Widerstand von Beteiligten und Betroffenen;Risiko;281;E-CMZ Klinikum Klagenfurt;8;classic;BB008;3920;1791;classic;17.03.2025;1;1105;;10.03.2025;;2;KAB_JANKCHR;1;;
19314111;8;4;2;32;8;-1;-1;3847;3845;3844;757;757;Projektorganisation (Mitglied) nicht/unzureichend über das Projekt informiert;Risiko;281;E-CMZ Klinikum Klagenfurt;81;classic;PO006;3847;1791;classic;21.03.2025;1;1105;;10.03.2025;;2;KAB_JANKCHR;1;;
19314093;3;4;4;64;16;-1;-1;3846;3843;3845;758;758;Langwierige Entscheidungsfindung;Risiko;281;E-CMZ Klinikum Klagenfurt;79;classic;PO004;3846;1791;classic;21.03.2025;1;1105;;10.03.2025;;2;KAB_JANKCHR;1;;
19314102;3;3;3;36;9;-1;-1;3845;3846;3847;759;759;Nichtbeachtung von QM-Standards bzw. mangelnde Integration der QM-Systeme;Risiko;281;E-CMZ Klinikum Klagenfurt;80;classic;PO005;3845;1791;classic;21.03.2025;1;1105;;10.03.2025;;2;KAB_JANKCHR;1;;
19314120;6;4;4;64;16;-1;-1;3844;3847;3842;760;760;unzureichende Kompetenz und Erfahrung des Projektleiter, Krankenhaushygienikers usw.;Risiko;281;E-CMZ Klinikum Klagenfurt;82;classic;PO007;3844;1791;classic;21.03.2025;1;1105;;10.03.2025;;2;KAB_JANKCHR;1;;
19314084;3;2;2;16;4;-1;-1;3843;3840;3846;761;761;keine Integration QMS und RMS;Risiko;281;E-CMZ Klinikum Klagenfurt;78;classic;PO003;3843;1791;classic;21.03.2025;1;1105;;10.03.2025;;2;KAB_JANKCHR;1;;
19314075;114;2;2;16;4;-1;-1;3840;3841;3843;762;762;keine ausreichende Berücksichtigung/Koordination der vielen Beteiligten und/oder Schnittstellen;Risiko;281;E-CMZ Klinikum Klagenfurt;77;classic;PO002;3840;1791;classic;21.03.2025;1;1105;;10.03.2025;;2;KAB_JANKCHR;1;;
19314066;9;4;2;32;8;-1;-1;3841;3858;3840;763;763;fehlende selbständige interne Koordination der Fachabteilung;Risiko;281;E-CMZ Klinikum Klagenfurt;76;classic;PO001;3841;1791;classic;21.03.2025;1;1105;;10.03.2025;;2;KAB_JANKCHR;1;;
19314129;10;3;4;48;12;-1;-1;3842;3844;3827;764;764;Wechsel wesentlicher Schlüsselpersonen für die Umsetzung/Verantwortlicher im Projektteam (z. B. Projektleitung, Nutzer, Planer, Auftraggeber, Verantwortungsträger in einzelnen Bereichen z. B. Technik), Know-How-Träger stehen nicht zur Verfügung / Veränderung in den Entscheidungsstrukturen;Risiko;281;E-CMZ Klinikum Klagenfurt;83;classic;PO008;3842;1791;classic;21.03.2025;1;1105;;10.03.2025;;2;KAB_JANKCHR;1;;
19313706;6;4;2;32;8;-1;-1;3865;3884;3874;765;765;eine mögliche Aussiedelung von Stationen (Kinder) ist nicht möglich;Risiko;281;E-CMZ Klinikum Klagenfurt;36;classic;PA003;3865;1791;classic;21.03.2025;1;1105;;10.03.2025;;2;KAB_JANKCHR;1;;
19313796;3;4;4;64;16;-1;-1;3889;3867;3877;766;766;Kostenüberschreitung möglich;Risiko;281;E-CMZ Klinikum Klagenfurt;46;classic;PA013;3889;1791;classic;21.03.2025;1;1105;;10.03.2025;;2;KAB_JANKCHR;1;;
19313778;8;3;3;36;9;-1;-1;3868;3871;3867;768;768;Kommunikationsfehler mit Auftragnehmer (keine Planer);Risiko;281;E-CMZ Klinikum Klagenfurt;44;classic;PA011;3868;1791;classic;21.03.2025;1;1105;;10.03.2025;;2;KAB_JANKCHR;1;;
19313850;11;2;2;16;4;-1;-1;3869;3876;3880;769;769;Ressourcenverfügbarkeit bei Auftragnehmer (keine Planer) nicht vorhanden;Risiko;281;E-CMZ Klinikum Klagenfurt;52;classic;PA019;3869;1791;classic;21.03.2025;1;1105;;10.03.2025;;2;KAB_JANKCHR;1;;
19313760;13;4;2;32;8;-1;-1;3870;3883;3871;770;770;Keine Motivation der Auftragnehmer vorhanden;Risiko;281;E-CMZ Klinikum Klagenfurt;42;classic;PA009;3870;1791;classic;21.03.2025;1;1105;;10.03.2025;;2;KAB_JANKCHR;1;;
19313769;11;4;2;32;8;-1;-1;3871;3870;3868;771;771;Know-How-Träger (extern) nicht verfügbar;Risiko;281;E-CMZ Klinikum Klagenfurt;43;classic;PA010;3871;1791;classic;21.03.2025;1;1105;;10.03.2025;;2;KAB_JANKCHR;1;;
19313832;6;4;3;48;12;-1;-1;3872;3887;3876;772;772;Planung ungenau oder nicht vollständig;Risiko;281;E-CMZ Klinikum Klagenfurt;50;classic;PA017;3872;1791;classic;21.03.2025;1;1105;;10.03.2025;;2;KAB_JANKCHR;1;;
19313688;9;4;4;64;16;-1;-1;3873;3899;3884;773;773;Ausschreibung fehlerhaft;Risiko;281;E-CMZ Klinikum Klagenfurt;34;classic;PA001;3873;1791;classic;21.03.2025;1;1105;;10.03.2025;;2;KAB_JANKCHR;1;;
19313715;3;4;4;64;16;-1;-1;3874;3865;3875;774;774;Einsprucherhebung bei der Ausschreibung;Risiko;281;E-CMZ Klinikum Klagenfurt;37;classic;PA004;3874;1791;classic;21.03.2025;1;1105;;10.03.2025;;2;KAB_JANKCHR;1;;
19313724;8;3;2;24;6;-1;-1;3875;3874;3888;775;775;Einsprucherhebung im Behördenverfahren uvm.;Risiko;281;E-CMZ Klinikum Klagenfurt;38;classic;PA005;3875;1791;classic;21.03.2025;1;1105;;10.03.2025;;2;KAB_JANKCHR;1;;
19313841;3;3;3;36;9;-1;-1;3876;3872;3869;776;776;Projektdokumentation nicht vollständig bzw. nicht vorhanden;Risiko;281;E-CMZ Klinikum Klagenfurt;51;classic;PA018;3876;1791;classic;21.03.2025;1;1105;;10.03.2025;;2;KAB_JANKCHR;1;;
19277671;10;3;3;36;9;-1;-1;3780;3775;3795;813;813;Öffnung von diversen Brandabschottungen / Brandabschnitten / Rauchabschnitten im Bestand;Risiko;281;E-CMZ Klinikum Klagenfurt;141;classic;SI016;3780;1761;classic;10.03.2025;1;22;;10.03.2025;;1;KUTEJA;1;;
19277701;13;4;3;48;12;-1;-1;3781;3794;3772;814;814;Sperre von Bereichen in der Tiefgarage (Technik für die BRV Anlage fehlt während der Bauphase);Risiko;281;E-CMZ Klinikum Klagenfurt;147;classic;SI022;3781;1761;classic;10.03.2025;1;22;;10.03.2025;;1;KUTEJA;1;;
19277691;17;2;4;32;8;-1;-1;3782;3784;3794;815;815;Rauchen und offenes Licht im BAUFELD / BAUSTELLE;Risiko;281;E-CMZ Klinikum Klagenfurt;145;classic;SI020;3782;1761;classic;10.03.2025;1;22;;10.03.2025;;1;KUTEJA;1;;
19277716;10;4;3;48;12;-1;-1;3783;3796;3790;816;816;Verstellte Fluchtwege;Risiko;281;E-CMZ Klinikum Klagenfurt;150;classic;SI025;3783;1761;classic;10.03.2025;1;22;;10.03.2025;;1;KUTEJA;1;;
19277686;5;3;2;24;6;-1;-1;3784;3773;3782;817;817;Querkontamination;Risiko;281;E-CMZ Klinikum Klagenfurt;144;classic;SI019;3784;1761;classic;10.03.2025;1;22;;10.03.2025;;1;KUTEJA;1;;
19277641;18;2;2;16;4;-1;-1;3785;3797;3776;818;818;gelieferte Trinkwasserleitungen und Lüftungskanäle sind nicht mit Endkappen versehen;Risiko;281;E-CMZ Klinikum Klagenfurt;135;classic;SI010;3785;1761;classic;10.03.2025;1;22;;10.03.2025;;1;KUTEJA;1;;
19277651;11;3;1;12;3;-1;-1;3786;3776;3791;819;819;keine ausreichende Baugrubenabsicherung zum angrenzenden Betrieb;Risiko;281;E-CMZ Klinikum Klagenfurt;137;classic;SI012;3786;1761;classic;10.03.2025;1;22;;10.03.2025;;1;KUTEJA;1;;
19277601;13;4;3;48;12;-1;-1;3787;3778;3789;820;820;Ausfall kritischer Infrastruktur;Risiko;281;E-CMZ Klinikum Klagenfurt;127;classic;SI002;3787;1761;classic;10.03.2025;1;22;;10.03.2025;;1;KUTEJA;1;;
19277661;9;4;3;48;12;-1;-1;3788;3791;3775;821;821;Kollektorgang nicht nutzbar;Risiko;281;E-CMZ Klinikum Klagenfurt;139;classic;SI014;3788;1761;classic;10.03.2025;1;22;;10.03.2025;;1;KUTEJA;1;;
19277606;14;3;3;36;9;-1;-1;3789;3787;3777;822;822;Beeinträchtigung des Zugangs/Zufahrt der Notaufnahme;Risiko;281;E-CMZ Klinikum Klagenfurt;128;classic;SI003;3789;1761;classic;10.03.2025;1;22;;10.03.2025;;1;KUTEJA;1;;
19277721;17;3;2;24;6;-1;-1;3790;3783;3771;823;823;Zeitgerechte Umsetzung/Überwachung vorhabensbezogener sicherheitstechnischer Vorgaben;Risiko;281;E-CMZ Klinikum Klagenfurt;151;classic;SI026;3790;1761;classic;10.03.2025;1;22;;10.03.2025;;1;KUTEJA;1;;
19277656;17;3;2;24;6;-1;-1;3791;3786;3788;824;824;keine ausreichende Einbindung und Information der Sicherheitsbeauftragten über sicherheitsrelevante Faktoren;Risiko;281;E-CMZ Klinikum Klagenfurt;138;classic;SI013;3791;1761;classic;10.03.2025;1;22;;10.03.2025;;1;KUTEJA;1;;
19277806;24;3;2;24;6;-1;-1;3750;3762;3753;825;825;Technologien neuartig und komplex (nicht ausgereifte Technologie im Einsatz?);Risiko;281;E-CMZ Klinikum Klagenfurt;168;classic;TE016;3750;1761;classic;10.03.2025;1;22;;10.03.2025;;1;KUTEJA;1;;
19277821;9;3;3;36;9;-1;-1;3770;3766;3767;826;826;Verfahren neuartig oder komplex;Risiko;281;E-CMZ Klinikum Klagenfurt;171;classic;TE019;3770;1761;classic;10.03.2025;1;22;;10.03.2025;;1;KUTEJA;1;;
19277791;19;3;3;36;9;-1;-1;3752;3756;3757;827;827;Materialien neuartig oder heikel;Risiko;281;E-CMZ Klinikum Klagenfurt;165;classic;TE013;3752;1761;classic;10.03.2025;1;22;;10.03.2025;;1;KUTEJA;1;;
19277811;15;3;4;48;12;-1;-1;3753;3750;3766;828;828;Unterbrechung des laufenden Betriebes unmöglich;Risiko;281;E-CMZ Klinikum Klagenfurt;169;classic;TE017;3753;1761;classic;10.03.2025;1;22;;10.03.2025;;1;KUTEJA;1;;
19277746;8;3;4;48;12;-1;-1;3754;3759;3764;829;829;Beeinträchtigung des Betriebes (Erschütterung, Lärm, Staub, Kapazitäten uvm.);Risiko;281;E-CMZ Klinikum Klagenfurt;156;classic;TE004;3754;1761;classic;10.03.2025;1;22;;10.03.2025;;1;KUTEJA;1;;
19277831;21;4;3;48;12;-1;-1;3755;3767;3744;830;830;zwischenzeitliche Übersiedelung während der Bauphase führt zu hohen Kosten und/oder Terminverzögerungen;Risiko;281;E-CMZ Klinikum Klagenfurt;173;classic;TE021;3755;1761;classic;10.03.2025;1;22;;10.03.2025;;1;KUTEJA;1;;
19277786;9;3;4;48;12;-1;-1;3756;3769;3752;831;831;Laufender Betrieb lässt nur eingeschränkte Projektarbeitszeit zu;Risiko;281;E-CMZ Klinikum Klagenfurt;164;classic;TE012;3756;1761;classic;10.03.2025;1;22;;10.03.2025;;1;KUTEJA;1;;
19277796;19;3;3;36;9;-1;-1;3757;3752;3762;832;832;Planungsgrundlagen - Anforderung des Bestellers (Raum- und Funktionsprogramm) - Änderung des Raumprogrammes nach Design Freeze;Risiko;281;E-CMZ Klinikum Klagenfurt;166;classic;TE014;3757;1761;classic;10.03.2025;1;22;;10.03.2025;;1;KUTEJA;1;;
19277771;7;4;3;48;12;-1;-1;3758;3768;3765;833;833;Hygiene - Fehlplanungen, Anforderungsänderungen, Nicht zeitgerechte Ausarbeitung der beauftragten Personen;Risiko;281;E-CMZ Klinikum Klagenfurt;161;classic;TE009;3758;1761;classic;10.03.2025;1;22;;10.03.2025;;1;KUTEJA;1;;
19277741;8;3;3;36;9;-1;-1;3759;3760;3754;834;834;Baugrund - Material - Materialverwertbarkeit (Massendisposition), Kontaminierung des Baugrundes;Risiko;281;E-CMZ Klinikum Klagenfurt;155;classic;TE003;3759;1761;classic;10.03.2025;1;22;;10.03.2025;;1;KUTEJA;1;;
19277736;9;3;3;36;9;-1;-1;3760;3763;3759;835;835;Baugrund - Bodenerkundung / Gutachten - falsche/ungeeignete Wahl/Planung des Sicherungssystems (Baugrubensicherung, -umschließung), Auswirkungen auf Umgebung, Nachbarbauwerke,…;Risiko;281;E-CMZ Klinikum Klagenfurt;154;classic;TE002;3760;1761;classic;10.03.2025;1;22;;10.03.2025;;1;KUTEJA;1;;
19277756;14;3;3;36;9;-1;-1;3761;3764;3751;836;836;Beweissicherungen - nicht ordnungsgemäße bzw. unvollständige Beweissicherung  - Grundwasser und Erschütterung für umliegende Gebäude, Beschädigung / Rückbau von Bestandsleitungen mit unbekannter Funktion: Betriebsunterbrechung;Risiko;281;E-CMZ Klinikum Klagenfurt;158;classic;TE006;3761;1761;classic;10.03.2025;1;22;;10.03.2025;;1;KUTEJA;1;;
19277801;10;2;2;16;4;-1;-1;3762;3757;3750;837;837;Technischer und medizinischer Fortschritt - Weiterentwicklung der medizinischen festen Einrichtung;Risiko;281;E-CMZ Klinikum Klagenfurt;167;classic;TE015;3762;1761;classic;10.03.2025;1;22;;10.03.2025;;1;KUTEJA;1;;
19277731;19;4;4;64;16;-1;-1;3763;3771;3760;838;838;Auswirkung an angrenzende Bereiche (befinden sich daneben, darüber, darunter);Risiko;281;E-CMZ Klinikum Klagenfurt;153;classic;TE001;3763;1761;classic;10.03.2025;1;22;;10.03.2025;;1;KUTEJA;1;;
19277751;14;3;3;36;9;-1;-1;3764;3754;3761;839;839;Beschädigung bzw. Beeinträchtigung der Betriebsbereitschaft sensibler medizintechnischer Geräte (z. B. SPECT Kameras, Szintillationskristalle) Bestand und Siedlungsgut;Risiko;281;E-CMZ Klinikum Klagenfurt;157;classic;TE005;3764;1761;classic;10.03.2025;1;22;;10.03.2025;;1;KUTEJA;1;;
19277776;24;3;2;24;6;-1;-1;3765;3758;3769;840;840;IT- und MT-Schnittstellenproblematiken zwischen den Einrichtungen werden nicht ausreichend berücksichtigt;Risiko;281;E-CMZ Klinikum Klagenfurt;162;classic;TE010;3765;1761;classic;10.03.2025;1;22;;10.03.2025;;1;KUTEJA;1;;
19269060;13;2;2;16;4;-1;-1;3817;3818;3815;732;732;Projektvorgaben mit den besonderen Bestimmungen (z.B. Sozialversicherungsträger, Umweltbestimmungen uvm.) nicht kompatibel;Risiko;281;E-CMZ Klinikum Klagenfurt;112;classic;PV014;3817;1783;classic;13.03.2025;1;1102;;10.03.2025;;1;JARNIGH;1;;
19269059;5;3;2;24;6;-1;-1;3818;3810;3817;733;733;Projektinhalt nicht klar abgegrenzt;Risiko;281;E-CMZ Klinikum Klagenfurt;111;classic;PV013;3818;1783;classic;13.03.2025;1;1102;;10.03.2025;;1;JARNIGH;1;;
19269052;11;3;3;36;9;-1;-1;3819;3823;3821;734;734;keine Identifikation der Schlüsselpositionen mit dem Projekt und den damit in Verbindung stehenden Zielen;Risiko;281;E-CMZ Klinikum Klagenfurt;104;classic;PV006;3819;1783;classic;13.03.2025;1;1102;;10.03.2025;;1;JARNIGH;1;;
19269056;17;4;3;48;12;-1;-1;3820;3811;3816;735;735;Planungsfehler (z. B. Vorhabensbudget, Investitionsprogramm, Betriebsbudget, Folgekosten usw.);Risiko;281;E-CMZ Klinikum Klagenfurt;108;classic;PV010;3820;1783;classic;13.03.2025;1;1102;;10.03.2025;;1;JARNIGH;1;;
19269053;7;3;3;36;9;-1;-1;3821;3819;3812;736;736;keine Kompatibilität der Projektziele mit den Abteilungszielen/Nutzer;Risiko;281;E-CMZ Klinikum Klagenfurt;105;classic;PV007;3821;1783;classic;13.03.2025;1;1102;;10.03.2025;;1;JARNIGH;1;;
19269050;9;3;2;24;6;-1;-1;3822;3814;3823;737;737;keine ausreichend klare Formulierung der Projektziele;Risiko;281;E-CMZ Klinikum Klagenfurt;102;classic;PV004;3822;1783;classic;13.03.2025;1;1102;;10.03.2025;;1;JARNIGH;1;;
19269051;10;4;2;32;8;-1;-1;3823;3822;3819;738;738;keine ausreichende Berücksichtigung der Nutzeranforderungen in der Planung;Risiko;281;E-CMZ Klinikum Klagenfurt;103;classic;PV005;3823;1783;classic;13.03.2025;1;1102;;10.03.2025;;1;JARNIGH;1;;
19269047;15;2;1;8;2;-1;-1;3824;3829;3813;739;739;Baufeld im zentralen Krankenhausumfeld;Risiko;281;E-CMZ Klinikum Klagenfurt;99;classic;PV001;3824;1783;classic;13.03.2025;1;1102;;10.03.2025;;1;JARNIGH;1;;
19268955;10;4;3;48;12;-1;-1;3904;3914;3920;740;740;Kommunikationsfehler (bzw. unzureichend) mit Nutzer;Risiko;281;E-CMZ Klinikum Klagenfurt;7;classic;BB007;3904;1783;classic;10.03.2025;1;1102;;10.03.2025;;1;JARNIGH;1;;
19268967;8;4;3;48;12;-1;-1;3922;3916;3890;741;741;Widerstand von Nutzern;Risiko;281;E-CMZ Klinikum Klagenfurt;19;classic;BB019;3922;1783;classic;10.03.2025;1;1102;;10.03.2025;;1;JARNIGH;1;;
19268964;10;3;3;36;9;-1;-1;3906;3909;3919;742;742;Skepsis bzw. Ängste von Nutzern nicht mit Schulungen/Informationsveranstaltungen abwendbar;Risiko;281;E-CMZ Klinikum Klagenfurt;16;classic;BB016;3906;1783;classic;10.03.2025;1;1102;;10.03.2025;;1;JARNIGH;1;;
19268958;14;2;4;32;8;-1;-1;3907;3917;3921;743;743;Nutzer nicht oder zu wenig einbezogen;Risiko;281;E-CMZ Klinikum Klagenfurt;10;classic;BB010;3907;1783;classic;10.03.2025;1;1102;;10.03.2025;;1;JARNIGH;1;;
19268961;13;5;4;80;20;-1;-1;3908;3905;3913;744;744;Personalwechsel in Schlüsselpositionen;Risiko;281;E-CMZ Klinikum Klagenfurt;13;classic;BB013;3908;1783;classic;10.03.2025;1;1102;;10.03.2025;;1;JARNIGH;1;;
19268963;9;3;3;36;9;-1;-1;3909;3913;3906;745;745;Schnittstellenthematik (BIMM, Technik, MT…);Risiko;281;E-CMZ Klinikum Klagenfurt;15;classic;BB015;3909;1783;classic;10.03.2025;1;1102;;10.03.2025;;1;JARNIGH;1;;
19268952;12;4;4;64;16;-1;-1;3910;3911;3918;746;746;Dem Nutzer sind nicht alle Anforderungen (aus BO Planung …) bekannt;Risiko;281;E-CMZ Klinikum Klagenfurt;4;classic;BB004;3910;1783;classic;10.03.2025;1;1102;;10.03.2025;;1;JARNIGH;1;;
19268951;19;4;4;64;16;-1;-1;3911;3915;3910;747;747;Auswirkungen von neuen Forderungen der Nutzer nicht bekannt;Risiko;281;E-CMZ Klinikum Klagenfurt;3;classic;BB003;3911;1783;classic;10.03.2025;1;1102;;10.03.2025;;1;JARNIGH;1;;
19268949;93;3;3;36;9;-1;-1;3912;0;3915;748;748;Abhängigkeit von Einzelpersonen (Ressourcen, PL, Stellvertreter …);Risiko;281;E-CMZ Klinikum Klagenfurt;1;classic;BB001;3912;1783;classic;10.03.2025;1;1102;;10.03.2025;;1;JARNIGH;1;;
19268962;8;4;3;48;12;-1;-1;3913;3908;3909;749;749;Projektanforderungen ändern sich;Risiko;281;E-CMZ Klinikum Klagenfurt;14;classic;BB014;3913;1783;classic;10.03.2025;1;1102;;10.03.2025;;1;JARNIGH;1;;
19268954;9;4;4;64;16;-1;-1;3914;3918;3904;750;750;keine ausreichende Ressourcenverfügbarkeit bei den Betroffenen und Beteiligten (z. B. für Projektsitzungen im Rahmen der Planung, Umsetzung und Übersiedelung);Risiko;281;E-CMZ Klinikum Klagenfurt;6;classic;BB006;3914;1783;classic;10.03.2025;1;1102;;10.03.2025;;1;JARNIGH;1;;
19268950;16;3;3;36;9;-1;-1;3915;3912;3911;751;751;Abhängigkeiten der Projektumsetzung von Einzelpersonen;Risiko;281;E-CMZ Klinikum Klagenfurt;2;classic;BB002;3915;1783;classic;10.03.2025;1;1102;;10.03.2025;;1;JARNIGH;1;;
19268966;7;3;3;36;9;-1;-1;3916;3919;3922;752;752;Veränderte bzw. nicht/besonders wahrgenommene Zuständigkeit;Risiko;281;E-CMZ Klinikum Klagenfurt;18;classic;BB018;3916;1783;classic;10.03.2025;1;1102;;10.03.2025;;1;JARNIGH;1;;
19268957;12;4;5;80;20;-1;-1;3917;3920;3907;753;753;neue, überzogene (An-)Forderungen der Nutzer/Partner;Risiko;281;E-CMZ Klinikum Klagenfurt;9;classic;BB009;3917;1783;classic;10.03.2025;1;1102;;10.03.2025;;1;JARNIGH;1;;
19268953;8;4;4;64;16;-1;-1;3918;3910;3914;754;754;falsche oder nicht ausgesprochene Erwartungen durch Nutzer, Partner, Anrainer;Risiko;281;E-CMZ Klinikum Klagenfurt;5;classic;BB005;3918;1783;classic;10.03.2025;1;1102;;10.03.2025;;1;JARNIGH;1;;
19268965;5;3;3;36;9;-1;-1;3919;3906;3916;755;755;Überlastung des Projektteams;Risiko;281;E-CMZ Klinikum Klagenfurt;17;classic;BB017;3919;1783;classic;10.03.2025;1;1102;;10.03.2025;;1;JARNIGH;1;;
19268956;11;3;5;60;15;-1;-1;3920;3904;3917;756;756;mangelnde Untersützung/Widerstand von Beteiligten und Betroffenen;Risiko;281;E-CMZ Klinikum Klagenfurt;8;classic;BB008;3920;1783;classic;10.03.2025;1;1102;;10.03.2025;;1;JARNIGH;1;;
19269029;7;2;2;16;4;-1;-1;3847;3845;3844;757;757;Projektorganisation (Mitglied) nicht/unzureichend über das Projekt informiert;Risiko;281;E-CMZ Klinikum Klagenfurt;81;classic;PO006;3847;1783;classic;13.03.2025;1;1102;;10.03.2025;;1;JARNIGH;1;;
19269027;7;3;2;24;6;-1;-1;3846;3843;3845;758;758;Langwierige Entscheidungsfindung;Risiko;281;E-CMZ Klinikum Klagenfurt;79;classic;PO004;3846;1783;classic;13.03.2025;1;1102;;10.03.2025;;1;JARNIGH;1;;
19269028;31;1;2;8;2;-1;-1;3845;3846;3847;759;759;Nichtbeachtung von QM-Standards bzw. mangelnde Integration der QM-Systeme;Risiko;281;E-CMZ Klinikum Klagenfurt;80;classic;PO005;3845;1783;classic;13.03.2025;1;1102;;10.03.2025;;1;JARNIGH;1;;
19269030;21;2;2;16;4;-1;-1;3844;3847;3842;760;760;unzureichende Kompetenz und Erfahrung des Projektleiter, Krankenhaushygienikers usw.;Risiko;281;E-CMZ Klinikum Klagenfurt;82;classic;PO007;3844;1783;classic;13.03.2025;1;1102;;10.03.2025;;1;JARNIGH;1;;
19269026;5;2;2;16;4;-1;-1;3843;3840;3846;761;761;keine Integration QMS und RMS;Risiko;281;E-CMZ Klinikum Klagenfurt;78;classic;PO003;3843;1783;classic;13.03.2025;1;1102;;10.03.2025;;1;JARNIGH;1;;
19473484;6;4;1;16;4;-1;-1;3759;3760;3754;834;834;Baugrund - Material - Materialverwertbarkeit (Massendisposition), Kontaminierung des Baugrundes;Risiko;281;E-CMZ Klinikum Klagenfurt;155;classic;TE003;3759;1788;classic;02.04.2025;1;1121;;10.03.2025;;1;KAB_HOLZINGERD;1;;
19473470;17;4;2;32;8;-1;-1;3760;3763;3759;835;835;Baugrund - Bodenerkundung / Gutachten - falsche/ungeeignete Wahl/Planung des Sicherungssystems (Baugrubensicherung, -umschließung), Auswirkungen auf Umgebung, Nachbarbauwerke,…;Risiko;281;E-CMZ Klinikum Klagenfurt;154;classic;TE002;3760;1788;classic;02.04.2025;1;1121;;10.03.2025;;1;KAB_HOLZINGERD;1;;
19473526;8;3;3;36;9;-1;-1;3761;3764;3751;836;836;Beweissicherungen - nicht ordnungsgemäße bzw. unvollständige Beweissicherung  - Grundwasser und Erschütterung für umliegende Gebäude, Beschädigung / Rückbau von Bestandsleitungen mit unbekannter Funktion: Betriebsunterbrechung;Risiko;281;E-CMZ Klinikum Klagenfurt;158;classic;TE006;3761;1788;classic;02.04.2025;1;1121;;10.03.2025;;1;KAB_HOLZINGERD;1;;
19473652;7;3;3;36;9;-1;-1;3762;3757;3750;837;837;Technischer und medizinischer Fortschritt - Weiterentwicklung der medizinischen festen Einrichtung;Risiko;281;E-CMZ Klinikum Klagenfurt;167;classic;TE015;3762;1788;classic;02.04.2025;1;1121;;10.03.2025;;1;KAB_HOLZINGERD;1;;
19473512;9;3;3;36;9;-1;-1;3764;3754;3761;839;839;Beschädigung bzw. Beeinträchtigung der Betriebsbereitschaft sensibler medizintechnischer Geräte (z. B. SPECT Kameras, Szintillationskristalle) Bestand und Siedlungsgut;Risiko;281;E-CMZ Klinikum Klagenfurt;157;classic;TE005;3764;1788;classic;02.04.2025;1;1121;;10.03.2025;;1;KAB_HOLZINGERD;1;;
19473582;8;3;1;12;3;-1;-1;3765;3758;3769;840;840;IT- und MT-Schnittstellenproblematiken zwischen den Einrichtungen werden nicht ausreichend berücksichtigt;Risiko;281;E-CMZ Klinikum Klagenfurt;162;classic;TE010;3765;1788;classic;02.04.2025;1;1121;;10.03.2025;;1;KAB_HOLZINGERD;1;;
19473442;9;4;3;48;12;-1;-1;3771;3790;3763;841;841;Pandemie - Beeinträchtigung der Projektbeteiligten;Risiko;281;E-CMZ Klinikum Klagenfurt;152;classic;SR001;3771;1788;classic;02.04.2025;1;1121;;10.03.2025;;1;KAB_HOLZINGERD;1;;
19472504;10;5;4;80;20;-1;-1;3839;3827;3836;842;842;Einhaltung sicherheits- und gesundheitspolitischer Auflagen und Einschränkungen (ÖSG-RSG);Chance;281;E-CMZ Klinikum Klagenfurt;85;classic;PU002;3839;1788;classic;02.04.2025;1;1121;;10.03.2025;;1;KAB_HOLZINGERD;1;;
19472658;10;4;3;48;12;-1;-1;3837;3834;3838;844;844;Verbesserung der interdiszipilinären Zusammenarbeit;Chance;281;E-CMZ Klinikum Klagenfurt;96;classic;PU013;3837;1788;classic;02.04.2025;1;1121;;10.03.2025;;1;KAB_HOLZINGERD;1;;
19471636;9;4;4;64;16;-1;-1;3902;3896;3897;847;847;Integration ressourcenschonender Energienutzungsmodelle in die Projektplanung (Alternativenergie, Passivhausstandard, Kühlung/Energiespeicherung durch Grundwasser, Photovoltaik (z. B. in Fassade integrieren oder am Dach), Erdwärme, Sonnenschutz - starke Lamellen, Fassadenfarbe, Niedertemparatur Heiz-Kühlsystem (Baukernaktivierung,  usw.);Chance;281;E-CMZ Klinikum Klagenfurt;23;classic;ÖU004;3902;1788;classic;02.04.2025;1;1121;;10.03.2025;;1;KAB_HOLZINGERD;1;;
19471468;11;4;4;64;16;-1;-1;3921;3907;3905;849;849;Nutzer sind ausreichend über das Projekt Betreffende informiert;Chance;281;E-CMZ Klinikum Klagenfurt;11;classic;BB011;3921;1788;classic;02.04.2025;1;1121;;10.03.2025;;1;KAB_HOLZINGERD;1;;
19471482;12;4;4;64;16;-1;-1;3905;3921;3908;850;850;Nutzung der Erfahrung der Beteiligten aus den Fachbereichen, Fachbereichsmitarbeiter:innen zu Beteiligten machen und einbeziehen;Chance;281;E-CMZ Klinikum Klagenfurt;12;classic;BB012;3905;1788;classic;02.04.2025;1;1121;;10.03.2025;;1;KAB_HOLZINGERD;1;;
19472210;11;4;4;64;16;-1;-1;3863;3857;3855;851;851;Harmonisierung unterschiedlicher Standards und Umsetzungsgrade in prozessübergreifenden Managementsystemen (z. B.  Qualitäts- und Risikomanagement, ISMS, Compliance) und anderen Systemen;Chance;281;E-CMZ Klinikum Klagenfurt;64;classic;PF006;3863;1788;classic;02.04.2025;1;1121;;10.03.2025;;1;KAB_HOLZINGERD;1;;
19472154;14;4;5;80;20;-1;-1;3864;3848;3850;852;852;Baufeldfreimachung für zukünftige Projekte;Chance;281;E-CMZ Klinikum Klagenfurt;60;classic;PF002;3864;1788;classic;02.04.2025;1;1121;;10.03.2025;;1;KAB_HOLZINGERD;1;;
19472140;12;4;4;64;16;-1;-1;3848;3878;3864;853;853;Adaptierung/Modernisierung der räumlichen Strukturen an die Anforderungen des Versorgungsauftrags sowie an die Anforderungen der betroffenen Primär- und Sekundärversorgungsbereiche;Chance;281;E-CMZ Klinikum Klagenfurt;59;classic;PF001;3848;1788;classic;02.04.2025;1;1121;;10.03.2025;;1;KAB_HOLZINGERD;1;;
19473358;12;3;5;60;15;-1;-1;3794;3782;3781;856;856;Schwerlasten (Logistik, Wasseraufbereitung …) werden im Keller situiert;Chance;281;E-CMZ Klinikum Klagenfurt;146;classic;SI021;3794;1788;classic;02.04.2025;1;1121;;10.03.2025;;1;KAB_HOLZINGERD;1;;
19473302;13;4;5;80;20;-1;-1;3795;3780;3773;857;857;Patienten mit Infektion werden separiert geführt (Liftausgang …);Chance;281;E-CMZ Klinikum Klagenfurt;142;classic;SI017;3795;1788;classic;02.04.2025;1;1121;;10.03.2025;;1;KAB_HOLZINGERD;1;;
19473386;5;4;5;80;20;-1;-1;3772;3781;3796;858;858;Steigerung der Sicherheit von Patient:innen, Mitarbeiter:innen und Dritter;Chance;281;E-CMZ Klinikum Klagenfurt;148;classic;SI023;3772;1788;classic;02.04.2025;1;1121;;10.03.2025;;1;KAB_HOLZINGERD;1;;
19313805;3;4;3;48;12;-1;-1;3877;3889;3886;777;777;Lange Projektdauer;Risiko;281;E-CMZ Klinikum Klagenfurt;47;classic;PA014;3877;1791;classic;21.03.2025;1;1105;;10.03.2025;;2;KAB_JANKCHR;1;;
19313904;5;3;4;48;12;-1;-1;3878;3881;3848;778;778;zu kurze Projektvorbereitung;Risiko;281;E-CMZ Klinikum Klagenfurt;58;classic;PA025;3878;1791;classic;21.03.2025;1;1105;;10.03.2025;;2;KAB_JANKCHR;1;;
19313868;4;4;3;48;12;-1;-1;3879;3880;3866;779;779;Schleppende, eventuell kostenerhöhende Planung durch laufende Nutzeränderungsbedarfe;Risiko;281;E-CMZ Klinikum Klagenfurt;54;classic;PA021;3879;1791;classic;21.03.2025;1;1105;;10.03.2025;;2;KAB_JANKCHR;1;;
19313859;6;4;3;48;12;-1;-1;3880;3869;3879;780;780;Schleppende, eventuell kostenerhöhende Planung durch laufende Änderungen der Betreiber;Risiko;281;E-CMZ Klinikum Klagenfurt;53;classic;PA020;3880;1791;classic;21.03.2025;1;1105;;10.03.2025;;2;KAB_JANKCHR;1;;
19313895;9;4;3;48;12;-1;-1;3881;3882;3878;781;781;Vorgegebene Projektpläne sind nicht abgestimmt und unrealistisch;Risiko;281;E-CMZ Klinikum Klagenfurt;57;classic;PA024;3881;1791;classic;21.03.2025;1;1105;;10.03.2025;;2;KAB_JANKCHR;1;;
19313886;7;3;4;48;12;-1;-1;3882;3866;3881;782;782;Vorgegebene Laufzeiten und Fristen sind nicht berücksichtigt (Beschlussfassung Aufsichtsrat, Einreichung Landesrechnungshof, Ausschreibungsverfahren uvm.);Risiko;281;E-CMZ Klinikum Klagenfurt;56;classic;PA023;3882;1791;classic;21.03.2025;1;1105;;10.03.2025;;2;KAB_JANKCHR;1;;
19313751;6;3;3;36;9;-1;-1;3883;3885;3870;783;783;Keine Berücksichtigung innerhalb der Planung des Projektes von Dienstplänen, Urlaubszeiten oder Zeiten mit arbeitsintensiven Tätigkeiten (z.B. Jahresabschluss uvm.);Risiko;281;E-CMZ Klinikum Klagenfurt;41;classic;PA008;3883;1791;classic;21.03.2025;1;1105;;10.03.2025;;2;KAB_JANKCHR;1;;
19313697;4;4;2;32;8;-1;-1;3884;3873;3865;784;784;die Informationsweitergabe von Hygienevorgaben an die Mitarbeiter des AN ist mangelhaft;Risiko;281;E-CMZ Klinikum Klagenfurt;35;classic;PA002;3884;1791;classic;21.03.2025;1;1105;;10.03.2025;;2;KAB_JANKCHR;1;;
19313742;12;2;2;16;4;-1;-1;3885;3888;3883;785;785;gemeinsame Nutzung der Sanitär-Anlagen und die daraus resultierende Verunreinigung;Risiko;281;E-CMZ Klinikum Klagenfurt;40;classic;PA007;3885;1791;classic;21.03.2025;1;1105;;10.03.2025;;2;KAB_JANKCHR;1;;
19313814;6;2;3;24;6;-1;-1;3886;3877;3887;786;786;mikrobiologische Verkeimung der bestehenden Wasserleitungen;Risiko;281;E-CMZ Klinikum Klagenfurt;48;classic;PA015;3886;1791;classic;21.03.2025;1;1105;;10.03.2025;;2;KAB_JANKCHR;1;;
19313823;146;3;3;36;9;-1;-1;3887;3886;3872;787;787;nicht erkannte Hygieneprobleme;Risiko;281;E-CMZ Klinikum Klagenfurt;49;classic;PA016;3887;1791;classic;21.03.2025;1;1105;;10.03.2025;;2;KAB_JANKCHR;1;;
19313733;6;3;3;36;9;-1;-1;3888;3875;3885;788;788;es besteht kein effizientes Änderungsmanagement;Risiko;281;E-CMZ Klinikum Klagenfurt;39;classic;PA006;3888;1791;classic;21.03.2025;1;1105;;10.03.2025;;2;KAB_JANKCHR;1;;
19313877;12;3;4;48;12;-1;-1;3866;3879;3882;789;789;verzögerte Freigabe von Planungsschritten und Genehmigungschritten (PA1);Risiko;281;E-CMZ Klinikum Klagenfurt;55;classic;PA022;3866;1791;classic;21.03.2025;1;1105;;10.03.2025;;2;KAB_JANKCHR;1;;
19313940;4;4;3;48;12;-1;-1;3849;3850;3857;790;790;Folgekostenermittlung nicht transparent;Risiko;281;E-CMZ Klinikum Klagenfurt;62;classic;PF004;3849;1791;classic;21.03.2025;1;1105;;10.03.2025;;2;KAB_JANKCHR;1;;
19313931;5;3;4;48;12;-1;-1;3850;3864;3849;791;791;Betriebsorganisationskonzept nicht gelöst;Risiko;281;E-CMZ Klinikum Klagenfurt;61;classic;PF003;3850;1791;classic;21.03.2025;1;1105;;10.03.2025;;2;KAB_JANKCHR;1;;
19314048;6;4;2;32;8;-1;-1;3851;3852;3858;792;792;Unerfüllbare Erwartungshaltung an Auftragnehmer;Risiko;281;E-CMZ Klinikum Klagenfurt;74;classic;PF016;3851;1791;classic;21.03.2025;1;1105;;10.03.2025;;2;KAB_JANKCHR;1;;
19314039;5;2;2;16;4;-1;-1;3852;3856;3851;793;793;Schulungs- und Einführungsaufwand groß (vor der Inbetriebnahme);Risiko;281;E-CMZ Klinikum Klagenfurt;73;classic;PF015;3852;1791;classic;21.03.2025;1;1105;;10.03.2025;;2;KAB_JANKCHR;1;;
19314012;7;4;2;32;8;-1;-1;3853;3862;3854;794;794;Organisatorische Veränderungen einschneidend;Risiko;281;E-CMZ Klinikum Klagenfurt;70;classic;PF012;3853;1791;classic;21.03.2025;1;1105;;10.03.2025;;2;KAB_JANKCHR;1;;
19314021;12;4;1;16;4;-1;-1;3854;3853;3856;795;795;Personelle Veränderungen groß;Risiko;281;E-CMZ Klinikum Klagenfurt;71;classic;PF013;3854;1791;classic;21.03.2025;1;1105;;10.03.2025;;2;KAB_JANKCHR;1;;
19313967;10;4;2;32;8;-1;-1;3855;3863;3861;796;796;Imageschaden durch Qualitätsverlust;Risiko;281;E-CMZ Klinikum Klagenfurt;65;classic;PF007;3855;1791;classic;21.03.2025;1;1105;;10.03.2025;;2;KAB_JANKCHR;1;;
19314030;5;3;3;36;9;-1;-1;3856;3854;3852;797;797;Raumplanung nicht am Betriebsbedarf ausgerichtet;Risiko;281;E-CMZ Klinikum Klagenfurt;72;classic;PF014;3856;1791;classic;21.03.2025;1;1105;;10.03.2025;;2;KAB_JANKCHR;1;;
19313949;6;2;2;16;4;-1;-1;3857;3849;3863;798;798;Gefährdung bestehender Zertifizierungen (ISO, Onko-Zentrum, UEMS, EMAS);Risiko;281;E-CMZ Klinikum Klagenfurt;63;classic;PF005;3857;1791;classic;21.03.2025;1;1105;;10.03.2025;;2;KAB_JANKCHR;1;;
19314057;4;2;2;16;4;-1;-1;3858;3851;3841;799;799;zusätzlicher Betrieb leer stehender Gebäude;Risiko;281;E-CMZ Klinikum Klagenfurt;75;classic;PF017;3858;1791;classic;21.03.2025;1;1105;;10.03.2025;;2;KAB_JANKCHR;1;;
19313994;9;2;3;24;6;-1;-1;3859;3860;3862;800;800;keine Berücksichtung der Veränderung der medizinischen Standards von der Planung bis zur Fertigstellung (ca. 6 Jahre);Risiko;281;E-CMZ Klinikum Klagenfurt;68;classic;PF010;3859;1791;classic;21.03.2025;1;1105;;10.03.2025;;2;KAB_JANKCHR;1;;
19313985;3;4;3;48;12;-1;-1;3860;3861;3859;801;801;keine ausreichende Berücksichtigung von Kapazitäten, Zeit, Kosten in der Planung der Übersiedelung;Risiko;281;E-CMZ Klinikum Klagenfurt;67;classic;PF009;3860;1791;classic;21.03.2025;1;1105;;10.03.2025;;2;KAB_JANKCHR;1;;
19313976;9;4;3;48;12;-1;-1;3861;3855;3860;802;802;keine ausreichende Berücksichtigung der Schnittstellen zwischen Projekt und laufendem Betrieb (technisch);Risiko;281;E-CMZ Klinikum Klagenfurt;66;classic;PF008;3861;1791;classic;21.03.2025;1;1105;;10.03.2025;;2;KAB_JANKCHR;1;;
19314003;5;2;2;16;4;-1;-1;3862;3859;3853;803;803;Neu-Bewilligungen werden notwendig;Risiko;281;E-CMZ Klinikum Klagenfurt;69;classic;PF011;3862;1791;classic;21.03.2025;1;1105;;10.03.2025;;2;KAB_JANKCHR;1;;
19314723;4;3;5;60;15;-1;-1;3796;3772;3783;804;804;Unbefugte Personen im Baustellenbereich;Risiko;281;E-CMZ Klinikum Klagenfurt;149;classic;SI024;3796;1791;classic;21.03.2025;1;1105;;10.03.2025;;2;KAB_JANKCHR;1;;
19314588;5;4;2;32;8;-1;-1;3797;3793;3785;805;805;Fehlender Check gegen interne Policies (Projektphasen …);Risiko;281;E-CMZ Klinikum Klagenfurt;134;classic;SI009;3797;1791;classic;21.03.2025;1;1105;;10.03.2025;;2;KAB_JANKCHR;1;;
19314669;4;4;3;48;12;-1;-1;3773;3795;3784;806;806;Projektumfeld risikoreich (Projektphasen …);Risiko;281;E-CMZ Klinikum Klagenfurt;143;classic;SI018;3773;1791;classic;21.03.2025;1;1105;;10.03.2025;;2;KAB_JANKCHR;1;;
19277726;8;2;2;16;4;-1;-1;3771;3790;3763;841;841;Pandemie - Beeinträchtigung der Projektbeteiligten;Risiko;281;E-CMZ Klinikum Klagenfurt;152;classic;SR001;3771;1761;classic;10.03.2025;1;22;;10.03.2025;;1;KUTEJA;1;;
19277391;14;4;3;48;12;-1;-1;3839;3827;3836;842;842;Einhaltung sicherheits- und gesundheitspolitischer Auflagen und Einschränkungen (ÖSG-RSG);Chance;281;E-CMZ Klinikum Klagenfurt;85;classic;PU002;3839;1761;classic;10.03.2025;1;22;;10.03.2025;;1;KUTEJA;1;;
19277451;13;3;3;36;9;-1;-1;3838;3837;3829;843;843;Verbesserung der Positionierung am Arbeitsmarkt;Chance;281;E-CMZ Klinikum Klagenfurt;97;classic;PU014;3838;1761;classic;10.03.2025;1;22;;10.03.2025;;1;KUTEJA;1;;
19277446;10;5;4;80;20;-1;-1;3837;3834;3838;844;844;Verbesserung der interdiszipilinären Zusammenarbeit;Chance;281;E-CMZ Klinikum Klagenfurt;96;classic;PU013;3837;1761;classic;10.03.2025;1;22;;10.03.2025;;1;KUTEJA;1;;
19277396;11;3;4;48;12;-1;-1;3836;3839;3833;845;845;Integration der Pädaudiometrie in die HNO bzw. Kopfzentrum;Chance;281;E-CMZ Klinikum Klagenfurt;86;classic;PU003;3836;1761;classic;10.03.2025;1;22;;10.03.2025;;1;KUTEJA;1;;
19277421;15;5;4;80;20;-1;-1;3826;3835;3828;846;846;Neubau;Chance;281;E-CMZ Klinikum Klagenfurt;91;classic;PU008;3826;1761;classic;10.03.2025;1;22;;10.03.2025;;1;KUTEJA;1;;
19277081;14;4;5;80;20;-1;-1;3902;3896;3897;847;847;Integration ressourcenschonender Energienutzungsmodelle in die Projektplanung (Alternativenergie, Passivhausstandard, Kühlung/Energiespeicherung durch Grundwasser, Photovoltaik (z. B. in Fassade integrieren oder am Dach), Erdwärme, Sonnenschutz - starke Lamellen, Fassadenfarbe, Niedertemparatur Heiz-Kühlsystem (Baukernaktivierung,  usw.);Chance;281;E-CMZ Klinikum Klagenfurt;23;classic;ÖU004;3902;1761;classic;10.03.2025;1;22;;10.03.2025;;1;KUTEJA;1;;
19277076;14;4;4;64;16;-1;-1;3896;3895;3902;848;848;Förderungen lukrieren;Chance;281;E-CMZ Klinikum Klagenfurt;22;classic;ÖU003;3896;1761;classic;10.03.2025;1;22;;10.03.2025;;1;KUTEJA;1;;
19277021;28;3;4;48;12;-1;-1;3921;3907;3905;849;849;Nutzer sind ausreichend über das Projekt Betreffende informiert;Chance;281;E-CMZ Klinikum Klagenfurt;11;classic;BB011;3921;1761;classic;10.03.2025;1;22;;10.03.2025;;1;KUTEJA;1;;
19277026;17;4;4;64;16;-1;-1;3905;3921;3908;850;850;Nutzung der Erfahrung der Beteiligten aus den Fachbereichen, Fachbereichsmitarbeiter:innen zu Beteiligten machen und einbeziehen;Chance;281;E-CMZ Klinikum Klagenfurt;12;classic;BB012;3905;1761;classic;10.03.2025;1;22;;10.03.2025;;1;KUTEJA;1;;
19277286;17;2;3;24;6;-1;-1;3863;3857;3855;851;851;Harmonisierung unterschiedlicher Standards und Umsetzungsgrade in prozessübergreifenden Managementsystemen (z. B.  Qualitäts- und Risikomanagement, ISMS, Compliance) und anderen Systemen;Chance;281;E-CMZ Klinikum Klagenfurt;64;classic;PF006;3863;1761;classic;10.03.2025;1;22;;10.03.2025;;1;KUTEJA;1;;
19277266;27;2;4;32;8;-1;-1;3864;3848;3850;852;852;Baufeldfreimachung für zukünftige Projekte;Chance;281;E-CMZ Klinikum Klagenfurt;60;classic;PF002;3864;1761;classic;10.03.2025;1;22;;10.03.2025;;1;KUTEJA;1;;
19277261;15;5;4;80;20;-1;-1;3848;3878;3864;853;853;Adaptierung/Modernisierung der räumlichen Strukturen an die Anforderungen des Versorgungsauftrags sowie an die Anforderungen der betroffenen Primär- und Sekundärversorgungsbereiche;Chance;281;E-CMZ Klinikum Klagenfurt;59;classic;PF001;3848;1761;classic;10.03.2025;1;22;;10.03.2025;;1;KUTEJA;1;;
19277626;16;3;4;48;12;-1;-1;3792;3774;3793;854;854;Erweiterung der Druckbelüftungsanlage im NEUBAU laut Brandschutzkonzept;Chance;281;E-CMZ Klinikum Klagenfurt;132;classic;SI007;3792;1761;classic;10.03.2025;1;22;;10.03.2025;;1;KUTEJA;1;;
19277631;6;3;4;48;12;-1;-1;3793;3792;3797;855;855;Erweiterung der Hochdruckvernebelungsanlage im NEUBAU laut Brandschutzkonzept;Chance;281;E-CMZ Klinikum Klagenfurt;133;classic;SI008;3793;1761;classic;10.03.2025;1;22;;10.03.2025;;1;KUTEJA;1;;
19277696;19;2;4;32;8;-1;-1;3794;3782;3781;856;856;Schwerlasten (Logistik, Wasseraufbereitung …) werden im Keller situiert;Chance;281;E-CMZ Klinikum Klagenfurt;146;classic;SI021;3794;1761;classic;10.03.2025;1;22;;10.03.2025;;1;KUTEJA;1;;
19277676;12;3;4;48;12;-1;-1;3795;3780;3773;857;857;Patienten mit Infektion werden separiert geführt (Liftausgang …);Chance;281;E-CMZ Klinikum Klagenfurt;142;classic;SI017;3795;1761;classic;10.03.2025;1;22;;10.03.2025;;1;KUTEJA;1;;
19277706;12;4;4;64;16;-1;-1;3772;3781;3796;858;858;Steigerung der Sicherheit von Patient:innen, Mitarbeiter:innen und Dritter;Chance;281;E-CMZ Klinikum Klagenfurt;148;classic;SI023;3772;1761;classic;10.03.2025;1;22;;10.03.2025;;1;KUTEJA;1;;
19277816;7;4;4;64;16;-1;-1;3766;3753;3770;859;859;Verbesserung der technischen Betriebssicherheit;Chance;281;E-CMZ Klinikum Klagenfurt;170;classic;TE018;3766;1761;classic;10.03.2025;1;22;;10.03.2025;;1;KUTEJA;1;;
19277826;20;4;5;80;20;-1;-1;3767;3770;3755;860;860;Zusammenführung, Anbindung (BMA, GLT, FTS, Zutritt usw.) , Harmonisierung struktureller und technischer Standards und deren Auslegung (alt/neu) ==> Implementierung aktueller Haus- und Betriebstechnik;Chance;281;E-CMZ Klinikum Klagenfurt;172;classic;TE020;3767;1761;classic;10.03.2025;1;22;;10.03.2025;;1;KUTEJA;1;;
19277766;33;2;3;24;6;-1;-1;3768;3751;3758;861;861;Fernwärme/Kälteversorgung für zukünftige Versorgung berücksichtigen (Neuverlegung, Trassenführung);Chance;281;E-CMZ Klinikum Klagenfurt;160;classic;TE008;3768;1761;classic;10.03.2025;1;22;;10.03.2025;;1;KUTEJA;1;;
19277781;20;5;3;60;15;-1;-1;3769;3765;3756;862;862;Kollektorgänge für zukünftige Erweiterungen vorbereitet (Onkozentrum);Chance;281;E-CMZ Klinikum Klagenfurt;163;classic;TE011;3769;1761;classic;10.03.2025;1;22;;10.03.2025;;1;KUTEJA;1;;
19277761;14;3;3;36;9;-1;-1;3751;3761;3768;863;863;Business Continuity in Ableitung von der Unternehmensstrategie zu diesem Thema konzeptionell und in der Projektplanung vorsehen;Chance;281;E-CMZ Klinikum Klagenfurt;159;classic;TE007;3751;1761;classic;10.03.2025;1;22;;10.03.2025;;1;KUTEJA;1;;
19273143;9;2;2;16;4;-1;-1;3825;3831;3834;682;682;Projektinhalt nicht mit medizinischer Leistungsplanung (BO-Planung) kompatibel;Risiko;281;E-CMZ Klinikum Klagenfurt;94;classic;PU011;3825;1781;classic;13.03.2025;1;1101;;10.03.2025;;1;KREUZH;1;;
19273127;12;4;3;48;12;-1;-1;3835;3832;3826;683;683;Konflikte mit anderen Projekten (nicht nur Bauprojekte) oder mit dem laufenden Betrieb;Risiko;281;E-CMZ Klinikum Klagenfurt;90;classic;PU007;3835;1781;classic;13.03.2025;1;1101;;10.03.2025;;1;KREUZH;1;;
19273103;8;2;3;24;6;-1;-1;3827;3842;3839;684;684;Auswirkung auf die Konsolidierungsbestrebungen;Risiko;281;E-CMZ Klinikum Klagenfurt;84;classic;PU001;3827;1781;classic;13.03.2025;1;1101;;10.03.2025;;1;KREUZH;1;;
19273135;9;2;2;16;4;-1;-1;3828;3826;3831;685;685;Politisch bedeutender Projektinhalt;Risiko;281;E-CMZ Klinikum Klagenfurt;92;classic;PU009;3828;1781;classic;13.03.2025;1;1101;;10.03.2025;;1;KREUZH;1;;
19269025;15;2;2;16;4;-1;-1;3840;3841;3843;762;762;keine ausreichende Berücksichtigung/Koordination der vielen Beteiligten und/oder Schnittstellen;Risiko;281;E-CMZ Klinikum Klagenfurt;77;classic;PO002;3840;1783;classic;13.03.2025;1;1102;;10.03.2025;;1;JARNIGH;1;;
19269024;5;2;2;16;4;-1;-1;3841;3858;3840;763;763;fehlende selbständige interne Koordination der Fachabteilung;Risiko;281;E-CMZ Klinikum Klagenfurt;76;classic;PO001;3841;1783;classic;13.03.2025;1;1102;;10.03.2025;;1;JARNIGH;1;;
19269031;9;4;4;64;16;-1;-1;3842;3844;3827;764;764;Wechsel wesentlicher Schlüsselpersonen für die Umsetzung/Verantwortlicher im Projektteam (z. B. Projektleitung, Nutzer, Planer, Auftraggeber, Verantwortungsträger in einzelnen Bereichen z. B. Technik), Know-How-Träger stehen nicht zur Verfügung / Veränderung in den Entscheidungsstrukturen;Risiko;281;E-CMZ Klinikum Klagenfurt;83;classic;PO008;3842;1783;classic;13.03.2025;1;1102;;10.03.2025;;1;JARNIGH;1;;
19268984;23;2;1;8;2;-1;-1;3865;3884;3874;765;765;eine mögliche Aussiedelung von Stationen (Kinder) ist nicht möglich;Risiko;281;E-CMZ Klinikum Klagenfurt;36;classic;PA003;3865;1783;classic;13.03.2025;1;1102;;10.03.2025;;1;JARNIGH;1;;
19268994;7;4;4;64;16;-1;-1;3889;3867;3877;766;766;Kostenüberschreitung möglich;Risiko;281;E-CMZ Klinikum Klagenfurt;46;classic;PA013;3889;1783;classic;13.03.2025;1;1102;;10.03.2025;;1;JARNIGH;1;;
19268993;8;3;3;36;9;-1;-1;3867;3868;3889;767;767;Kostenerfassung schwierig (Schätzung des Folgeprojektes);Risiko;281;E-CMZ Klinikum Klagenfurt;45;classic;PA012;3867;1783;classic;13.03.2025;1;1102;;10.03.2025;;1;JARNIGH;1;;
19268992;10;3;3;36;9;-1;-1;3868;3871;3867;768;768;Kommunikationsfehler mit Auftragnehmer (keine Planer);Risiko;281;E-CMZ Klinikum Klagenfurt;44;classic;PA011;3868;1783;classic;13.03.2025;1;1102;;10.03.2025;;1;JARNIGH;1;;
19269000;15;4;3;48;12;-1;-1;3869;3876;3880;769;769;Ressourcenverfügbarkeit bei Auftragnehmer (keine Planer) nicht vorhanden;Risiko;281;E-CMZ Klinikum Klagenfurt;52;classic;PA019;3869;1783;classic;13.03.2025;1;1102;;10.03.2025;;1;JARNIGH;1;;
19268990;13;2;1;8;2;-1;-1;3870;3883;3871;770;770;Keine Motivation der Auftragnehmer vorhanden;Risiko;281;E-CMZ Klinikum Klagenfurt;42;classic;PA009;3870;1783;classic;13.03.2025;1;1102;;10.03.2025;;1;JARNIGH;1;;
19268991;12;2;1;8;2;-1;-1;3871;3870;3868;771;771;Know-How-Träger (extern) nicht verfügbar;Risiko;281;E-CMZ Klinikum Klagenfurt;43;classic;PA010;3871;1783;classic;13.03.2025;1;1102;;10.03.2025;;1;JARNIGH;1;;
19268998;7;3;3;36;9;-1;-1;3872;3887;3876;772;772;Planung ungenau oder nicht vollständig;Risiko;281;E-CMZ Klinikum Klagenfurt;50;classic;PA017;3872;1783;classic;13.03.2025;1;1102;;10.03.2025;;1;JARNIGH;1;;
19268982;10;4;4;64;16;-1;-1;3873;3899;3884;773;773;Ausschreibung fehlerhaft;Risiko;281;E-CMZ Klinikum Klagenfurt;34;classic;PA001;3873;1783;classic;13.03.2025;1;1102;;10.03.2025;;1;JARNIGH;1;;
19268985;10;3;4;48;12;-1;-1;3874;3865;3875;774;774;Einsprucherhebung bei der Ausschreibung;Risiko;281;E-CMZ Klinikum Klagenfurt;37;classic;PA004;3874;1783;classic;13.03.2025;1;1102;;10.03.2025;;1;JARNIGH;1;;
19268986;7;4;3;48;12;-1;-1;3875;3874;3888;775;775;Einsprucherhebung im Behördenverfahren uvm.;Risiko;281;E-CMZ Klinikum Klagenfurt;38;classic;PA005;3875;1783;classic;13.03.2025;1;1102;;10.03.2025;;1;JARNIGH;1;;
19268999;7;2;4;32;8;-1;-1;3876;3872;3869;776;776;Projektdokumentation nicht vollständig bzw. nicht vorhanden;Risiko;281;E-CMZ Klinikum Klagenfurt;51;classic;PA018;3876;1783;classic;13.03.2025;1;1102;;10.03.2025;;1;JARNIGH;1;;
19268995;53;2;4;32;8;-1;-1;3877;3889;3886;777;777;Lange Projektdauer;Risiko;281;E-CMZ Klinikum Klagenfurt;47;classic;PA014;3877;1783;classic;13.03.2025;1;1102;;10.03.2025;;1;JARNIGH;1;;
19269006;6;2;2;16;4;-1;-1;3878;3881;3848;778;778;zu kurze Projektvorbereitung;Risiko;281;E-CMZ Klinikum Klagenfurt;58;classic;PA025;3878;1783;classic;13.03.2025;1;1102;;10.03.2025;;1;JARNIGH;1;;
19269002;7;4;4;64;16;-1;-1;3879;3880;3866;779;779;Schleppende, eventuell kostenerhöhende Planung durch laufende Nutzeränderungsbedarfe;Risiko;281;E-CMZ Klinikum Klagenfurt;54;classic;PA021;3879;1783;classic;13.03.2025;1;1102;;10.03.2025;;1;JARNIGH;1;;
19269001;16;4;4;64;16;-1;-1;3880;3869;3879;780;780;Schleppende, eventuell kostenerhöhende Planung durch laufende Änderungen der Betreiber;Risiko;281;E-CMZ Klinikum Klagenfurt;53;classic;PA020;3880;1783;classic;13.03.2025;1;1102;;10.03.2025;;1;JARNIGH;1;;
19269005;9;3;2;24;6;-1;-1;3881;3882;3878;781;781;Vorgegebene Projektpläne sind nicht abgestimmt und unrealistisch;Risiko;281;E-CMZ Klinikum Klagenfurt;57;classic;PA024;3881;1783;classic;13.03.2025;1;1102;;10.03.2025;;1;JARNIGH;1;;
19269004;12;3;2;24;6;-1;-1;3882;3866;3881;782;782;Vorgegebene Laufzeiten und Fristen sind nicht berücksichtigt (Beschlussfassung Aufsichtsrat, Einreichung Landesrechnungshof, Ausschreibungsverfahren uvm.);Risiko;281;E-CMZ Klinikum Klagenfurt;56;classic;PA023;3882;1783;classic;13.03.2025;1;1102;;10.03.2025;;1;JARNIGH;1;;
19268989;7;2;1;8;2;-1;-1;3883;3885;3870;783;783;Keine Berücksichtigung innerhalb der Planung des Projektes von Dienstplänen, Urlaubszeiten oder Zeiten mit arbeitsintensiven Tätigkeiten (z.B. Jahresabschluss uvm.);Risiko;281;E-CMZ Klinikum Klagenfurt;41;classic;PA008;3883;1783;classic;13.03.2025;1;1102;;10.03.2025;;1;JARNIGH;1;;
19268983;8;4;4;64;16;-1;-1;3884;3873;3865;784;784;die Informationsweitergabe von Hygienevorgaben an die Mitarbeiter des AN ist mangelhaft;Risiko;281;E-CMZ Klinikum Klagenfurt;35;classic;PA002;3884;1783;classic;13.03.2025;1;1102;;10.03.2025;;1;JARNIGH;1;;
19268988;9;2;1;8;2;-1;-1;3885;3888;3883;785;785;gemeinsame Nutzung der Sanitär-Anlagen und die daraus resultierende Verunreinigung;Risiko;281;E-CMZ Klinikum Klagenfurt;40;classic;PA007;3885;1783;classic;13.03.2025;1;1102;;10.03.2025;;1;JARNIGH;1;;
19268996;15;2;2;16;4;-1;-1;3886;3877;3887;786;786;mikrobiologische Verkeimung der bestehenden Wasserleitungen;Risiko;281;E-CMZ Klinikum Klagenfurt;48;classic;PA015;3886;1783;classic;13.03.2025;1;1102;;10.03.2025;;1;JARNIGH;1;;
19268997;7;2;2;16;4;-1;-1;3887;3886;3872;787;787;nicht erkannte Hygieneprobleme;Risiko;281;E-CMZ Klinikum Klagenfurt;49;classic;PA016;3887;1783;classic;13.03.2025;1;1102;;10.03.2025;;1;JARNIGH;1;;
19268987;9;2;2;16;4;-1;-1;3888;3875;3885;788;788;es besteht kein effizientes Änderungsmanagement;Risiko;281;E-CMZ Klinikum Klagenfurt;39;classic;PA006;3888;1783;classic;13.03.2025;1;1102;;10.03.2025;;1;JARNIGH;1;;
19269003;13;3;3;36;9;-1;-1;3866;3879;3882;789;789;verzögerte Freigabe von Planungsschritten und Genehmigungschritten (PA1);Risiko;281;E-CMZ Klinikum Klagenfurt;55;classic;PA022;3866;1783;classic;13.03.2025;1;1102;;10.03.2025;;1;JARNIGH;1;;
19269010;8;1;2;8;2;-1;-1;3849;3850;3857;790;790;Folgekostenermittlung nicht transparent;Risiko;281;E-CMZ Klinikum Klagenfurt;62;classic;PF004;3849;1783;classic;13.03.2025;1;1102;;10.03.2025;;1;JARNIGH;1;;
19269009;8;3;2;24;6;-1;-1;3850;3864;3849;791;791;Betriebsorganisationskonzept nicht gelöst;Risiko;281;E-CMZ Klinikum Klagenfurt;61;classic;PF003;3850;1783;classic;13.03.2025;1;1102;;10.03.2025;;1;JARNIGH;1;;
19473694;4;4;5;80;20;-1;-1;3766;3753;3770;859;859;Verbesserung der technischen Betriebssicherheit;Chance;281;E-CMZ Klinikum Klagenfurt;170;classic;TE018;3766;1788;classic;02.04.2025;1;1121;;10.03.2025;;1;KAB_HOLZINGERD;1;;
19473722;11;4;5;80;20;-1;-1;3767;3770;3755;860;860;Zusammenführung, Anbindung (BMA, GLT, FTS, Zutritt usw.) , Harmonisierung struktureller und technischer Standards und deren Auslegung (alt/neu) ==> Implementierung aktueller Haus- und Betriebstechnik;Chance;281;E-CMZ Klinikum Klagenfurt;172;classic;TE020;3767;1788;classic;02.04.2025;1;1121;;10.03.2025;;1;KAB_HOLZINGERD;1;;
19473554;8;4;5;80;20;-1;-1;3768;3751;3758;861;861;Fernwärme/Kälteversorgung für zukünftige Versorgung berücksichtigen (Neuverlegung, Trassenführung);Chance;281;E-CMZ Klinikum Klagenfurt;160;classic;TE008;3768;1788;classic;02.04.2025;1;1121;;10.03.2025;;1;KAB_HOLZINGERD;1;;
19473596;6;4;5;80;20;-1;-1;3769;3765;3756;862;862;Kollektorgänge für zukünftige Erweiterungen vorbereitet (Onkozentrum);Chance;281;E-CMZ Klinikum Klagenfurt;163;classic;TE011;3769;1788;classic;02.04.2025;1;1121;;10.03.2025;;1;KAB_HOLZINGERD;1;;
19473540;5;3;3;36;9;-1;-1;3751;3761;3768;863;863;Business Continuity in Ableitung von der Unternehmensstrategie zu diesem Thema konzeptionell und in der Projektplanung vorsehen;Chance;281;E-CMZ Klinikum Klagenfurt;159;classic;TE007;3751;1788;classic;02.04.2025;1;1121;;10.03.2025;;1;KAB_HOLZINGERD;1;;
19270045;14;3;3;36;9;-1;-1;3825;3831;3834;682;682;Projektinhalt nicht mit medizinischer Leistungsplanung (BO-Planung) kompatibel;Risiko;281;E-CMZ Klinikum Klagenfurt;94;classic;PU011;3825;1789;classic;24.03.2025;1;331;;10.03.2025;;2;OBEREDERF;1;;
19270037;15;4;5;80;20;-1;-1;3835;3832;3826;683;683;Konflikte mit anderen Projekten (nicht nur Bauprojekte) oder mit dem laufenden Betrieb;Risiko;281;E-CMZ Klinikum Klagenfurt;90;classic;PU007;3835;1789;classic;24.03.2025;1;331;;10.03.2025;;2;OBEREDERF;1;;
19270025;15;3;2;24;6;-1;-1;3827;3842;3839;684;684;Auswirkung auf die Konsolidierungsbestrebungen;Risiko;281;E-CMZ Klinikum Klagenfurt;84;classic;PU001;3827;1789;classic;24.03.2025;1;331;;10.03.2025;;2;OBEREDERF;1;;
19270041;13;3;4;48;12;-1;-1;3828;3826;3831;685;685;Politisch bedeutender Projektinhalt;Risiko;281;E-CMZ Klinikum Klagenfurt;92;classic;PU009;3828;1789;classic;24.03.2025;1;331;;10.03.2025;;2;OBEREDERF;1;;
19270053;11;3;4;48;12;-1;-1;3829;3838;3824;686;686;Widerstand und Einfluss von außen (interne Organisationseinheiten, Anrainer …);Risiko;281;E-CMZ Klinikum Klagenfurt;98;classic;PU015;3829;1789;classic;24.03.2025;1;331;;10.03.2025;;2;OBEREDERF;1;;
19270033;28;4;4;64;16;-1;-1;3830;3833;3832;687;687;keine Kompatibilität der Projektziele mit dem Versorgungsauftrag  (z. B. Betriebsziele, politische Ziele, Umsetzung ÖSG-RSG usw.);Risiko;281;E-CMZ Klinikum Klagenfurt;88;classic;PU005;3830;1789;classic;24.03.2025;1;331;;10.03.2025;;2;OBEREDERF;1;;
19270043;11;4;2;32;8;-1;-1;3831;3828;3825;688;688;Projektfortschritt bzw. -laufzeiten können nicht eingehalten werden;Risiko;281;E-CMZ Klinikum Klagenfurt;93;classic;PU010;3831;1789;classic;24.03.2025;1;331;;10.03.2025;;2;OBEREDERF;1;;
19270035;9;2;5;40;10;-1;-1;3832;3830;3835;689;689;keine Synchronisierung mit dem Masterplan 2030;Risiko;281;E-CMZ Klinikum Klagenfurt;89;classic;PU006;3832;1789;classic;24.03.2025;1;331;;10.03.2025;;2;OBEREDERF;1;;
19270031;13;4;2;32;8;-1;-1;3833;3836;3830;690;690;keine Genehmigung ausreichender finanzieller Mittel;Risiko;281;E-CMZ Klinikum Klagenfurt;87;classic;PU004;3833;1789;classic;24.03.2025;1;331;;10.03.2025;;2;OBEREDERF;1;;
19270047;30;4;5;80;20;-1;-1;3834;3825;3837;691;691;Terminkollisionen;Risiko;281;E-CMZ Klinikum Klagenfurt;95;classic;PU012;3834;1789;classic;24.03.2025;1;331;;10.03.2025;;2;OBEREDERF;1;;
19269897;23;2;2;16;4;-1;-1;3890;3922;3895;692;692;Bestehende Bausubstanz schwierig oder nicht bekannt;Risiko;281;E-CMZ Klinikum Klagenfurt;20;classic;ÖU001;3890;1789;classic;24.03.2025;1;331;;10.03.2025;;2;OBEREDERF;1;;
19269913;9;4;4;64;16;-1;-1;3891;3901;3892;693;693;Umwelteinflüsse können Projekt behindern oder beeinflussen;Risiko;281;E-CMZ Klinikum Klagenfurt;28;classic;ÖU009;3891;1789;classic;24.03.2025;1;331;;10.03.2025;;2;OBEREDERF;1;;
19269915;13;5;4;80;20;-1;-1;3892;3891;3903;694;694;Umweltverträglichkeitsprüfungen;Risiko;281;E-CMZ Klinikum Klagenfurt;29;classic;ÖU010;3892;1789;classic;24.03.2025;1;331;;10.03.2025;;2;OBEREDERF;1;;
19269909;10;3;4;48;12;-1;-1;3893;3894;3901;695;695;Projekt hat Auswirkungen auf Umwelt (Emissionen);Risiko;281;E-CMZ Klinikum Klagenfurt;26;classic;ÖU007;3893;1789;classic;24.03.2025;1;331;;10.03.2025;;2;OBEREDERF;1;;
19269907;16;3;4;48;12;-1;-1;3894;3897;3893;696;696;Lärm- und Staubbelästigung während der Bauphase der Patient:innen und Mitarbeiter:innen in den umliegenden Gebäude(-teile) ==> Nähe Notfallaufnahme ==> zentraler Verkehrsknotenpunkt;Risiko;281;E-CMZ Klinikum Klagenfurt;25;classic;ÖU006;3894;1789;classic;24.03.2025;1;331;;10.03.2025;;2;OBEREDERF;1;;
19269899;16;3;3;36;9;-1;-1;3895;3890;3896;697;697;Erschütterungen während der Bauphase;Risiko;281;E-CMZ Klinikum Klagenfurt;21;classic;ÖU002;3895;1789;classic;24.03.2025;1;331;;10.03.2025;;2;OBEREDERF;1;;
19269917;14;3;2;24;6;-1;-1;3903;3892;3900;698;698;unbekannte Einbauten im Boden;Risiko;281;E-CMZ Klinikum Klagenfurt;30;classic;ÖU011;3903;1789;classic;24.03.2025;1;331;;10.03.2025;;2;OBEREDERF;1;;
19269905;16;2;1;8;2;-1;-1;3897;3902;3894;699;699;keine Kenntnis über das Ausmaß des kontaminierten Abbruchmaterials (Asbest, gefährliche Stoffe) und kontaminierte Einbauten im Baugrund;Risiko;281;E-CMZ Klinikum Klagenfurt;24;classic;ÖU005;3897;1789;classic;24.03.2025;1;331;;10.03.2025;;2;OBEREDERF;1;;
19269921;10;2;2;16;4;-1;-1;3898;3900;3899;700;700;Verunreinigung angrenzender Gebäude;Risiko;281;E-CMZ Klinikum Klagenfurt;32;classic;ÖU013;3898;1789;classic;24.03.2025;1;331;;10.03.2025;;2;OBEREDERF;1;;
19269923;15;3;2;24;6;-1;-1;3899;3898;3873;701;701;Verunreinigung des Grundwasser;Risiko;281;E-CMZ Klinikum Klagenfurt;33;classic;ÖU014;3899;1789;classic;24.03.2025;1;331;;10.03.2025;;2;OBEREDERF;1;;
19269919;16;4;3;48;12;-1;-1;3900;3903;3898;702;702;unkontrollierter Wassereintritt;Risiko;281;E-CMZ Klinikum Klagenfurt;31;classic;ÖU012;3900;1789;classic;24.03.2025;1;331;;10.03.2025;;2;OBEREDERF;1;;
19269911;22;3;4;48;12;-1;-1;3901;3893;3891;703;703;Umsetzen/Einhalten Klima-Aktiv-Gold Standard;Risiko;281;E-CMZ Klinikum Klagenfurt;27;classic;ÖU008;3901;1789;classic;24.03.2025;1;331;;10.03.2025;;2;OBEREDERF;1;;
19270105;18;3;4;48;12;-1;-1;3798;3806;3805;704;704;Verzögerungen in diversen Vergabeverfahren (Einsprüche) vor allem bei Schlüsselgewerken;Risiko;281;E-CMZ Klinikum Klagenfurt;124;classic;RA010;3798;1789;classic;24.03.2025;1;331;;10.03.2025;;2;OBEREDERF;1;;
19270093;7;3;3;36;9;-1;-1;3799;3801;3800;705;705;Einlangen einer Klage;Risiko;281;E-CMZ Klinikum Klagenfurt;118;classic;RA004;3799;1789;classic;24.03.2025;1;331;;10.03.2025;;2;OBEREDERF;1;;
19273159;11;4;3;48;12;-1;-1;3829;3838;3824;686;686;Widerstand und Einfluss von außen (interne Organisationseinheiten, Anrainer …);Risiko;281;E-CMZ Klinikum Klagenfurt;98;classic;PU015;3829;1781;classic;13.03.2025;1;1101;;10.03.2025;;1;KREUZH;1;;
19273119;13;4;2;32;8;-1;-1;3830;3833;3832;687;687;keine Kompatibilität der Projektziele mit dem Versorgungsauftrag  (z. B. Betriebsziele, politische Ziele, Umsetzung ÖSG-RSG usw.);Risiko;281;E-CMZ Klinikum Klagenfurt;88;classic;PU005;3830;1781;classic;13.03.2025;1;1101;;10.03.2025;;1;KREUZH;1;;
19273139;9;4;3;48;12;-1;-1;3831;3828;3825;688;688;Projektfortschritt bzw. -laufzeiten können nicht eingehalten werden;Risiko;281;E-CMZ Klinikum Klagenfurt;93;classic;PU010;3831;1781;classic;13.03.2025;1;1101;;10.03.2025;;1;KREUZH;1;;
19273123;7;2;3;24;6;-1;-1;3832;3830;3835;689;689;keine Synchronisierung mit dem Masterplan 2030;Risiko;281;E-CMZ Klinikum Klagenfurt;89;classic;PU006;3832;1781;classic;13.03.2025;1;1101;;10.03.2025;;1;KREUZH;1;;
19273115;13;4;4;64;16;-1;-1;3833;3836;3830;690;690;keine Genehmigung ausreichender finanzieller Mittel;Risiko;281;E-CMZ Klinikum Klagenfurt;87;classic;PU004;3833;1781;classic;13.03.2025;1;1101;;10.03.2025;;1;KREUZH;1;;
19273147;7;2;3;24;6;-1;-1;3834;3825;3837;691;691;Terminkollisionen;Risiko;281;E-CMZ Klinikum Klagenfurt;95;classic;PU012;3834;1781;classic;13.03.2025;1;1101;;10.03.2025;;1;KREUZH;1;;
19272847;19;1;1;4;1;-1;-1;3890;3922;3895;692;692;Bestehende Bausubstanz schwierig oder nicht bekannt;Risiko;281;E-CMZ Klinikum Klagenfurt;20;classic;ÖU001;3890;1781;classic;13.03.2025;1;1101;;10.03.2025;;1;KREUZH;1;;
19272879;12;3;3;36;9;-1;-1;3891;3901;3892;693;693;Umwelteinflüsse können Projekt behindern oder beeinflussen;Risiko;281;E-CMZ Klinikum Klagenfurt;28;classic;ÖU009;3891;1781;classic;13.03.2025;1;1101;;10.03.2025;;1;KREUZH;1;;
19272883;13;1;1;4;1;-1;-1;3892;3891;3903;694;694;Umweltverträglichkeitsprüfungen;Risiko;281;E-CMZ Klinikum Klagenfurt;29;classic;ÖU010;3892;1781;classic;13.03.2025;1;1101;;10.03.2025;;1;KREUZH;1;;
19272871;10;2;2;16;4;-1;-1;3893;3894;3901;695;695;Projekt hat Auswirkungen auf Umwelt (Emissionen);Risiko;281;E-CMZ Klinikum Klagenfurt;26;classic;ÖU007;3893;1781;classic;13.03.2025;1;1101;;10.03.2025;;1;KREUZH;1;;
19272867;19;3;3;36;9;-1;-1;3894;3897;3893;696;696;Lärm- und Staubbelästigung während der Bauphase der Patient:innen und Mitarbeiter:innen in den umliegenden Gebäude(-teile) ==> Nähe Notfallaufnahme ==> zentraler Verkehrsknotenpunkt;Risiko;281;E-CMZ Klinikum Klagenfurt;25;classic;ÖU006;3894;1781;classic;13.03.2025;1;1101;;10.03.2025;;1;KREUZH;1;;
19272851;14;4;3;48;12;-1;-1;3895;3890;3896;697;697;Erschütterungen während der Bauphase;Risiko;281;E-CMZ Klinikum Klagenfurt;21;classic;ÖU002;3895;1781;classic;13.03.2025;1;1101;;10.03.2025;;1;KREUZH;1;;
19272887;10;2;1;8;2;-1;-1;3903;3892;3900;698;698;unbekannte Einbauten im Boden;Risiko;281;E-CMZ Klinikum Klagenfurt;30;classic;ÖU011;3903;1781;classic;13.03.2025;1;1101;;10.03.2025;;1;KREUZH;1;;
19272863;11;2;2;16;4;-1;-1;3897;3902;3894;699;699;keine Kenntnis über das Ausmaß des kontaminierten Abbruchmaterials (Asbest, gefährliche Stoffe) und kontaminierte Einbauten im Baugrund;Risiko;281;E-CMZ Klinikum Klagenfurt;24;classic;ÖU005;3897;1781;classic;13.03.2025;1;1101;;10.03.2025;;1;KREUZH;1;;
19272895;11;2;2;16;4;-1;-1;3898;3900;3899;700;700;Verunreinigung angrenzender Gebäude;Risiko;281;E-CMZ Klinikum Klagenfurt;32;classic;ÖU013;3898;1781;classic;13.03.2025;1;1101;;10.03.2025;;1;KREUZH;1;;
19272899;6;2;3;24;6;-1;-1;3899;3898;3873;701;701;Verunreinigung des Grundwasser;Risiko;281;E-CMZ Klinikum Klagenfurt;33;classic;ÖU014;3899;1781;classic;13.03.2025;1;1101;;10.03.2025;;1;KREUZH;1;;
19272891;10;4;4;64;16;-1;-1;3900;3903;3898;702;702;unkontrollierter Wassereintritt;Risiko;281;E-CMZ Klinikum Klagenfurt;31;classic;ÖU012;3900;1781;classic;13.03.2025;1;1101;;10.03.2025;;1;KREUZH;1;;
19272875;36;2;4;32;8;-1;-1;3901;3893;3891;703;703;Umsetzen/Einhalten Klima-Aktiv-Gold Standard;Risiko;281;E-CMZ Klinikum Klagenfurt;27;classic;ÖU008;3901;1781;classic;13.03.2025;1;1101;;10.03.2025;;1;KREUZH;1;;
19273263;11;3;3;36;9;-1;-1;3798;3806;3805;704;704;Verzögerungen in diversen Vergabeverfahren (Einsprüche) vor allem bei Schlüsselgewerken;Risiko;281;E-CMZ Klinikum Klagenfurt;124;classic;RA010;3798;1781;classic;13.03.2025;1;1101;;10.03.2025;;1;KREUZH;1;;
19273239;11;4;3;48;12;-1;-1;3799;3801;3800;705;705;Einlangen einer Klage;Risiko;281;E-CMZ Klinikum Klagenfurt;118;classic;RA004;3799;1781;classic;13.03.2025;1;1101;;10.03.2025;;1;KREUZH;1;;
19273243;11;4;2;32;8;-1;-1;3800;3799;3804;706;706;Errichtungsbewilligung kann nicht erteilt werden;Risiko;281;E-CMZ Klinikum Klagenfurt;119;classic;RA005;3800;1781;classic;13.03.2025;1;1101;;10.03.2025;;1;KREUZH;1;;
19273235;9;5;2;40;10;-1;-1;3801;3808;3799;707;707;Betriebsbewilligung kann nicht erteilt werden;Risiko;281;E-CMZ Klinikum Klagenfurt;117;classic;RA003;3801;1781;classic;13.03.2025;1;1101;;10.03.2025;;1;KREUZH;1;;
19273227;12;3;3;36;9;-1;-1;3802;3809;3808;708;708;Behördenauflagen sind nicht ausführbar (wurden davor nicht abgeklärt/erkundet/erfragt);Risiko;281;E-CMZ Klinikum Klagenfurt;115;classic;RA001;3802;1781;classic;13.03.2025;1;1101;;10.03.2025;;1;KREUZH;1;;
19273231;11;3;2;24;6;-1;-1;3808;3802;3801;709;709;Bescheidauflagen können unter Einhaltung des Kostenrahmens nicht umgesetzt werden;Risiko;281;E-CMZ Klinikum Klagenfurt;116;classic;RA002;3808;1781;classic;13.03.2025;1;1101;;10.03.2025;;1;KREUZH;1;;
19273247;19;4;2;32;8;-1;-1;3804;3800;3807;710;710;Gesetzliche Vorgaben können nicht eingehalten werden (bestehende Ausnahmeregelung, Betriebsvereinbarung …);Risiko;281;E-CMZ Klinikum Klagenfurt;120;classic;RA006;3804;1781;classic;13.03.2025;1;1101;;10.03.2025;;1;KREUZH;1;;
19273267;9;4;3;48;12;-1;-1;3805;3798;3778;711;711;Vorabklärung mit der Behörde nicht durchgeführt (z.B. Landesrechnungshof);Risiko;281;E-CMZ Klinikum Klagenfurt;125;classic;RA011;3805;1781;classic;13.03.2025;1;1101;;10.03.2025;;1;KREUZH;1;;
19273259;12;5;2;40;10;-1;-1;3806;3803;3798;712;712;Notwendige gutachterliche/fachplanerische Stellungnahme nicht vorhanden;Risiko;281;E-CMZ Klinikum Klagenfurt;123;classic;RA009;3806;1781;classic;13.03.2025;1;1101;;10.03.2025;;1;KREUZH;1;;
19273251;10;4;2;32;8;-1;-1;3807;3804;3803;713;713;keine Berücksichtigung etwaiger gesetzlicher Vorgaben des Strahlenschutz im Rahmen von Bautätigkeiten;Risiko;281;E-CMZ Klinikum Klagenfurt;121;classic;RA007;3807;1781;classic;13.03.2025;1;1101;;10.03.2025;;1;KREUZH;1;;
19273255;10;5;2;40;10;-1;-1;3803;3807;3806;714;714;negative Stellungnahme durch den L-RH;Risiko;281;E-CMZ Klinikum Klagenfurt;122;classic;RA008;3803;1781;classic;13.03.2025;1;1101;;10.03.2025;;1;KREUZH;1;;
19273495;9;4;3;48;12;-1;-1;3741;3746;0;715;715;Politische Entscheide;Risiko;281;E-CMZ Klinikum Klagenfurt;182;classic;UV009;3741;1781;classic;13.03.2025;1;1101;;10.03.2025;;1;KREUZH;1;;
19273483;9;3;3;36;9;-1;-1;3742;3747;3749;716;716;Marktentwicklung;Risiko;281;E-CMZ Klinikum Klagenfurt;179;classic;UV006;3742;1781;classic;13.03.2025;1;1101;;10.03.2025;;1;KREUZH;1;;
19269022;6;2;3;24;6;-1;-1;3851;3852;3858;792;792;Unerfüllbare Erwartungshaltung an Auftragnehmer;Risiko;281;E-CMZ Klinikum Klagenfurt;74;classic;PF016;3851;1783;classic;13.03.2025;1;1102;;10.03.2025;;1;JARNIGH;1;;
19269021;13;2;3;24;6;-1;-1;3852;3856;3851;793;793;Schulungs- und Einführungsaufwand groß (vor der Inbetriebnahme);Risiko;281;E-CMZ Klinikum Klagenfurt;73;classic;PF015;3852;1783;classic;13.03.2025;1;1102;;10.03.2025;;1;JARNIGH;1;;
19269018;9;2;3;24;6;-1;-1;3853;3862;3854;794;794;Organisatorische Veränderungen einschneidend;Risiko;281;E-CMZ Klinikum Klagenfurt;70;classic;PF012;3853;1783;classic;13.03.2025;1;1102;;10.03.2025;;1;JARNIGH;1;;
19269019;5;2;3;24;6;-1;-1;3854;3853;3856;795;795;Personelle Veränderungen groß;Risiko;281;E-CMZ Klinikum Klagenfurt;71;classic;PF013;3854;1783;classic;13.03.2025;1;1102;;10.03.2025;;1;JARNIGH;1;;
19269013;11;2;3;24;6;-1;-1;3855;3863;3861;796;796;Imageschaden durch Qualitätsverlust;Risiko;281;E-CMZ Klinikum Klagenfurt;65;classic;PF007;3855;1783;classic;13.03.2025;1;1102;;10.03.2025;;1;JARNIGH;1;;
19269020;9;3;2;24;6;-1;-1;3856;3854;3852;797;797;Raumplanung nicht am Betriebsbedarf ausgerichtet;Risiko;281;E-CMZ Klinikum Klagenfurt;72;classic;PF014;3856;1783;classic;13.03.2025;1;1102;;10.03.2025;;1;JARNIGH;1;;
19269011;9;2;1;8;2;-1;-1;3857;3849;3863;798;798;Gefährdung bestehender Zertifizierungen (ISO, Onko-Zentrum, UEMS, EMAS);Risiko;281;E-CMZ Klinikum Klagenfurt;63;classic;PF005;3857;1783;classic;13.03.2025;1;1102;;10.03.2025;;1;JARNIGH;1;;
19269023;8;2;1;8;2;-1;-1;3858;3851;3841;799;799;zusätzlicher Betrieb leer stehender Gebäude;Risiko;281;E-CMZ Klinikum Klagenfurt;75;classic;PF017;3858;1783;classic;13.03.2025;1;1102;;10.03.2025;;1;JARNIGH;1;;
19269016;9;2;2;16;4;-1;-1;3859;3860;3862;800;800;keine Berücksichtung der Veränderung der medizinischen Standards von der Planung bis zur Fertigstellung (ca. 6 Jahre);Risiko;281;E-CMZ Klinikum Klagenfurt;68;classic;PF010;3859;1783;classic;13.03.2025;1;1102;;10.03.2025;;1;JARNIGH;1;;
19269015;9;1;2;8;2;-1;-1;3860;3861;3859;801;801;keine ausreichende Berücksichtigung von Kapazitäten, Zeit, Kosten in der Planung der Übersiedelung;Risiko;281;E-CMZ Klinikum Klagenfurt;67;classic;PF009;3860;1783;classic;13.03.2025;1;1102;;10.03.2025;;1;JARNIGH;1;;
19269014;11;3;2;24;6;-1;-1;3861;3855;3860;802;802;keine ausreichende Berücksichtigung der Schnittstellen zwischen Projekt und laufendem Betrieb (technisch);Risiko;281;E-CMZ Klinikum Klagenfurt;66;classic;PF008;3861;1783;classic;13.03.2025;1;1102;;10.03.2025;;1;JARNIGH;1;;
19269017;10;3;2;24;6;-1;-1;3862;3859;3853;803;803;Neu-Bewilligungen werden notwendig;Risiko;281;E-CMZ Klinikum Klagenfurt;69;classic;PF011;3862;1783;classic;13.03.2025;1;1102;;10.03.2025;;1;JARNIGH;1;;
19269097;5;1;4;16;4;-1;-1;3796;3772;3783;804;804;Unbefugte Personen im Baustellenbereich;Risiko;281;E-CMZ Klinikum Klagenfurt;149;classic;SI024;3796;1783;classic;13.03.2025;1;1102;;10.03.2025;;1;JARNIGH;1;;
19269082;10;1;1;4;1;-1;-1;3797;3793;3785;805;805;Fehlender Check gegen interne Policies (Projektphasen …);Risiko;281;E-CMZ Klinikum Klagenfurt;134;classic;SI009;3797;1783;classic;13.03.2025;1;1102;;10.03.2025;;1;JARNIGH;1;;
19269091;8;2;1;8;2;-1;-1;3773;3795;3784;806;806;Projektumfeld risikoreich (Projektphasen …);Risiko;281;E-CMZ Klinikum Klagenfurt;143;classic;SI018;3773;1783;classic;13.03.2025;1;1102;;10.03.2025;;1;JARNIGH;1;;
19269079;6;2;2;16;4;-1;-1;3774;3779;3792;807;807;Erhöhte Gefährdung von Personen und Anlagen (Projektphasen …);Risiko;281;E-CMZ Klinikum Klagenfurt;131;classic;SI006;3774;1783;classic;13.03.2025;1;1102;;10.03.2025;;1;JARNIGH;1;;
19269088;8;4;2;32;8;-1;-1;3775;3788;3780;808;808;Mangelnder Brandschutz (Projektphasen …);Risiko;281;E-CMZ Klinikum Klagenfurt;140;classic;SI015;3775;1783;classic;13.03.2025;1;1102;;10.03.2025;;1;JARNIGH;1;;
19269084;9;1;4;16;4;-1;-1;3776;3785;3786;809;809;Heißarbeiten während der Bauphasen (Flämmarbeiten, Schweißarbeiten, Flexarbeiten usw.).;Risiko;281;E-CMZ Klinikum Klagenfurt;136;classic;SI011;3776;1783;classic;13.03.2025;1;1102;;10.03.2025;;1;JARNIGH;1;;
19269077;7;2;2;16;4;-1;-1;3777;3789;3779;810;810;Eingriff in den Bestand (Abschaltung von Brandmeldelinien ) keine Überwachung während der Abschaltungen;Risiko;281;E-CMZ Klinikum Klagenfurt;129;classic;SI004;3777;1783;classic;13.03.2025;1;1102;;10.03.2025;;1;JARNIGH;1;;
19269074;32;1;1;4;1;-1;-1;3778;3805;3787;811;811;Anbindung an den Bestand im 3.OG West (Abströmöffnungen der DBA Anlage müssen versetz werden), dadurch resultierend eine zeitliche Abschaltung der Anlage;Risiko;281;E-CMZ Klinikum Klagenfurt;126;classic;SI001;3778;1783;classic;13.03.2025;1;1102;;10.03.2025;;1;JARNIGH;1;;
19269078;5;2;2;16;4;-1;-1;3779;3777;3774;812;812;Eingriff in die bestehenden Stiegenhäuser (Sperre des Fluchtweg / Notausgang);Risiko;281;E-CMZ Klinikum Klagenfurt;130;classic;SI005;3779;1783;classic;13.03.2025;1;1102;;10.03.2025;;1;JARNIGH;1;;
19269089;8;2;4;32;8;-1;-1;3780;3775;3795;813;813;Öffnung von diversen Brandabschottungen / Brandabschnitten / Rauchabschnitten im Bestand;Risiko;281;E-CMZ Klinikum Klagenfurt;141;classic;SI016;3780;1783;classic;13.03.2025;1;1102;;10.03.2025;;1;JARNIGH;1;;
19269095;28;4;1;16;4;-1;-1;3781;3794;3772;814;814;Sperre von Bereichen in der Tiefgarage (Technik für die BRV Anlage fehlt während der Bauphase);Risiko;281;E-CMZ Klinikum Klagenfurt;147;classic;SI022;3781;1783;classic;13.03.2025;1;1102;;10.03.2025;;1;JARNIGH;1;;
19269093;9;1;4;16;4;-1;-1;3782;3784;3794;815;815;Rauchen und offenes Licht im BAUFELD / BAUSTELLE;Risiko;281;E-CMZ Klinikum Klagenfurt;145;classic;SI020;3782;1783;classic;13.03.2025;1;1102;;10.03.2025;;1;JARNIGH;1;;
19269098;6;1;4;16;4;-1;-1;3783;3796;3790;816;816;Verstellte Fluchtwege;Risiko;281;E-CMZ Klinikum Klagenfurt;150;classic;SI025;3783;1783;classic;13.03.2025;1;1102;;10.03.2025;;1;JARNIGH;1;;
19269092;7;3;1;12;3;-1;-1;3784;3773;3782;817;817;Querkontamination;Risiko;281;E-CMZ Klinikum Klagenfurt;144;classic;SI019;3784;1783;classic;13.03.2025;1;1102;;10.03.2025;;1;JARNIGH;1;;
19269083;12;1;2;8;2;-1;-1;3785;3797;3776;818;818;gelieferte Trinkwasserleitungen und Lüftungskanäle sind nicht mit Endkappen versehen;Risiko;281;E-CMZ Klinikum Klagenfurt;135;classic;SI010;3785;1783;classic;13.03.2025;1;1102;;10.03.2025;;1;JARNIGH;1;;
19269085;13;4;2;32;8;-1;-1;3786;3776;3791;819;819;keine ausreichende Baugrubenabsicherung zum angrenzenden Betrieb;Risiko;281;E-CMZ Klinikum Klagenfurt;137;classic;SI012;3786;1783;classic;13.03.2025;1;1102;;10.03.2025;;1;JARNIGH;1;;
19269075;17;3;2;24;6;-1;-1;3787;3778;3789;820;820;Ausfall kritischer Infrastruktur;Risiko;281;E-CMZ Klinikum Klagenfurt;127;classic;SI002;3787;1783;classic;13.03.2025;1;1102;;10.03.2025;;1;JARNIGH;1;;
19269087;8;4;2;32;8;-1;-1;3788;3791;3775;821;821;Kollektorgang nicht nutzbar;Risiko;281;E-CMZ Klinikum Klagenfurt;139;classic;SI014;3788;1783;classic;13.03.2025;1;1102;;10.03.2025;;1;JARNIGH;1;;
19270095;10;5;3;60;15;-1;-1;3800;3799;3804;706;706;Errichtungsbewilligung kann nicht erteilt werden;Risiko;281;E-CMZ Klinikum Klagenfurt;119;classic;RA005;3800;1789;classic;24.03.2025;1;331;;10.03.2025;;2;OBEREDERF;1;;
19270091;17;5;3;60;15;-1;-1;3801;3808;3799;707;707;Betriebsbewilligung kann nicht erteilt werden;Risiko;281;E-CMZ Klinikum Klagenfurt;117;classic;RA003;3801;1789;classic;24.03.2025;1;331;;10.03.2025;;2;OBEREDERF;1;;
19270087;13;3;2;24;6;-1;-1;3802;3809;3808;708;708;Behördenauflagen sind nicht ausführbar (wurden davor nicht abgeklärt/erkundet/erfragt);Risiko;281;E-CMZ Klinikum Klagenfurt;115;classic;RA001;3802;1789;classic;24.03.2025;1;331;;10.03.2025;;2;OBEREDERF;1;;
19270089;12;3;5;60;15;-1;-1;3808;3802;3801;709;709;Bescheidauflagen können unter Einhaltung des Kostenrahmens nicht umgesetzt werden;Risiko;281;E-CMZ Klinikum Klagenfurt;116;classic;RA002;3808;1789;classic;24.03.2025;1;331;;10.03.2025;;2;OBEREDERF;1;;
19270097;13;3;3;36;9;-1;-1;3804;3800;3807;710;710;Gesetzliche Vorgaben können nicht eingehalten werden (bestehende Ausnahmeregelung, Betriebsvereinbarung …);Risiko;281;E-CMZ Klinikum Klagenfurt;120;classic;RA006;3804;1789;classic;24.03.2025;1;331;;10.03.2025;;2;OBEREDERF;1;;
19270107;11;3;2;24;6;-1;-1;3805;3798;3778;711;711;Vorabklärung mit der Behörde nicht durchgeführt (z.B. Landesrechnungshof);Risiko;281;E-CMZ Klinikum Klagenfurt;125;classic;RA011;3805;1789;classic;24.03.2025;1;331;;10.03.2025;;2;OBEREDERF;1;;
19270103;18;3;2;24;6;-1;-1;3806;3803;3798;712;712;Notwendige gutachterliche/fachplanerische Stellungnahme nicht vorhanden;Risiko;281;E-CMZ Klinikum Klagenfurt;123;classic;RA009;3806;1789;classic;24.03.2025;1;331;;10.03.2025;;2;OBEREDERF;1;;
19270099;16;4;2;32;8;-1;-1;3807;3804;3803;713;713;keine Berücksichtigung etwaiger gesetzlicher Vorgaben des Strahlenschutz im Rahmen von Bautätigkeiten;Risiko;281;E-CMZ Klinikum Klagenfurt;121;classic;RA007;3807;1789;classic;24.03.2025;1;331;;10.03.2025;;2;OBEREDERF;1;;
19270101;9;4;2;32;8;-1;-1;3803;3807;3806;714;714;negative Stellungnahme durch den L-RH;Risiko;281;E-CMZ Klinikum Klagenfurt;122;classic;RA008;3803;1789;classic;24.03.2025;1;331;;10.03.2025;;2;OBEREDERF;1;;
19270221;7;3;5;60;15;-1;-1;3741;3746;0;715;715;Politische Entscheide;Risiko;281;E-CMZ Klinikum Klagenfurt;182;classic;UV009;3741;1789;classic;24.03.2025;1;331;;10.03.2025;;2;OBEREDERF;1;;
19270215;9;3;5;60;15;-1;-1;3742;3747;3749;716;716;Marktentwicklung;Risiko;281;E-CMZ Klinikum Klagenfurt;179;classic;UV006;3742;1789;classic;24.03.2025;1;331;;10.03.2025;;2;OBEREDERF;1;;
19270209;6;2;2;16;4;-1;-1;3743;3745;3748;717;717;Beschaffenheit des Baugrunds nicht ausreichend bekannt;Risiko;281;E-CMZ Klinikum Klagenfurt;176;classic;UV003;3743;1789;classic;24.03.2025;1;331;;10.03.2025;;2;OBEREDERF;1;;
19270205;10;3;2;24;6;-1;-1;3744;3755;3745;718;718;Altbestand nicht ausreichend bekannt;Risiko;281;E-CMZ Klinikum Klagenfurt;174;classic;UV001;3744;1789;classic;24.03.2025;1;331;;10.03.2025;;2;OBEREDERF;1;;
19270217;9;3;5;60;15;-1;-1;3749;3742;3746;719;719;nicht einschätzbare Beschaffungsmarkt-  und -angebotspreisentwicklung;Risiko;281;E-CMZ Klinikum Klagenfurt;180;classic;UV007;3749;1789;classic;24.03.2025;1;331;;10.03.2025;;2;OBEREDERF;1;;
19270219;8;3;5;60;15;-1;-1;3746;3749;3741;720;720;nicht einschätzbare Verzögerungen, Unterbrechungen und Ausfälle von Lieferketten und Leistungen;Risiko;281;E-CMZ Klinikum Klagenfurt;181;classic;UV008;3746;1789;classic;24.03.2025;1;331;;10.03.2025;;2;OBEREDERF;1;;
19270213;6;4;5;80;20;-1;-1;3747;3748;3742;721;721;Konkurs von Auftragsnehmern;Risiko;281;E-CMZ Klinikum Klagenfurt;178;classic;UV005;3747;1789;classic;24.03.2025;1;331;;10.03.2025;;2;OBEREDERF;1;;
19270211;8;3;4;48;12;-1;-1;3748;3743;3747;722;722;fehlende Bieter im Vergabeverfahren (z. B. Planer und ausführende Gewerke);Risiko;281;E-CMZ Klinikum Klagenfurt;177;classic;UV004;3748;1789;classic;24.03.2025;1;331;;10.03.2025;;2;OBEREDERF;1;;
19270207;9;3;3;36;9;-1;-1;3745;3744;3743;723;723;Änderung/Reduktion der/des medizinischen Leistungsplanung/-spektrums/-angebotsplanung;Risiko;281;E-CMZ Klinikum Klagenfurt;175;classic;UV002;3745;1789;classic;24.03.2025;1;331;;10.03.2025;;2;OBEREDERF;1;;
19270085;12;2;1;8;2;-1;-1;3809;3815;3802;724;724;Projektziele zu wenig klar festgelegt oder nachträglich geändert;Risiko;281;E-CMZ Klinikum Klagenfurt;114;classic;PV016;3809;1789;classic;24.03.2025;1;331;;10.03.2025;;2;OBEREDERF;1;;
19270077;7;2;2;16;4;-1;-1;3810;3816;3818;725;725;Projektanforderungen ungenügend definiert/kommuniziert;Risiko;281;E-CMZ Klinikum Klagenfurt;110;classic;PV012;3810;1789;classic;24.03.2025;1;331;;10.03.2025;;2;OBEREDERF;1;;
19270071;8;3;2;24;6;-1;-1;3811;3812;3820;726;726;Nutzeranforderungen zu wenig klar bestimmt;Risiko;281;E-CMZ Klinikum Klagenfurt;107;classic;PV009;3811;1789;classic;24.03.2025;1;331;;10.03.2025;;2;OBEREDERF;1;;
19270069;19;4;2;32;8;-1;-1;3812;3821;3811;727;727;Nutzer-, Betreiber- und Herstellverantwortung ungenügend definiert;Risiko;281;E-CMZ Klinikum Klagenfurt;106;classic;PV008;3812;1789;classic;24.03.2025;1;331;;10.03.2025;;2;OBEREDERF;1;;
19270057;10;4;2;32;8;-1;-1;3813;3824;3814;728;728;Enger Kostenrahmen, keine vollständige finanzielle Deckung vorhanden;Risiko;281;E-CMZ Klinikum Klagenfurt;100;classic;PV002;3813;1789;classic;24.03.2025;1;331;;10.03.2025;;2;OBEREDERF;1;;
19270059;7;3;3;36;9;-1;-1;3814;3813;3822;729;729;Enger Terminplan;Risiko;281;E-CMZ Klinikum Klagenfurt;101;classic;PV003;3814;1789;classic;24.03.2025;1;331;;10.03.2025;;2;OBEREDERF;1;;
19270083;9;2;2;16;4;-1;-1;3815;3817;3809;730;730;Projektziele (Projektgrenzen …) mit Unternehmensziel nicht kompatibel;Risiko;281;E-CMZ Klinikum Klagenfurt;113;classic;PV015;3815;1789;classic;24.03.2025;1;331;;10.03.2025;;2;OBEREDERF;1;;
19270075;15;2;2;16;4;-1;-1;3816;3820;3810;731;731;Projektänderungen mit Unternehmensziel oder Projektziel nicht kompatibel;Risiko;281;E-CMZ Klinikum Klagenfurt;109;classic;PV011;3816;1789;classic;24.03.2025;1;331;;10.03.2025;;2;OBEREDERF;1;;
19270081;9;2;2;16;4;-1;-1;3817;3818;3815;732;732;Projektvorgaben mit den besonderen Bestimmungen (z.B. Sozialversicherungsträger, Umweltbestimmungen uvm.) nicht kompatibel;Risiko;281;E-CMZ Klinikum Klagenfurt;112;classic;PV014;3817;1789;classic;24.03.2025;1;331;;10.03.2025;;2;OBEREDERF;1;;
19270079;8;2;2;16;4;-1;-1;3818;3810;3817;733;733;Projektinhalt nicht klar abgegrenzt;Risiko;281;E-CMZ Klinikum Klagenfurt;111;classic;PV013;3818;1789;classic;24.03.2025;1;331;;10.03.2025;;2;OBEREDERF;1;;
19270065;29;3;2;24;6;-1;-1;3819;3823;3821;734;734;keine Identifikation der Schlüsselpositionen mit dem Projekt und den damit in Verbindung stehenden Zielen;Risiko;281;E-CMZ Klinikum Klagenfurt;104;classic;PV006;3819;1789;classic;24.03.2025;1;331;;10.03.2025;;2;OBEREDERF;1;;
19270073;19;3;3;36;9;-1;-1;3820;3811;3816;735;735;Planungsfehler (z. B. Vorhabensbudget, Investitionsprogramm, Betriebsbudget, Folgekosten usw.);Risiko;281;E-CMZ Klinikum Klagenfurt;108;classic;PV010;3820;1789;classic;24.03.2025;1;331;;10.03.2025;;2;OBEREDERF;1;;
19273471;12;4;2;32;8;-1;-1;3743;3745;3748;717;717;Beschaffenheit des Baugrunds nicht ausreichend bekannt;Risiko;281;E-CMZ Klinikum Klagenfurt;176;classic;UV003;3743;1781;classic;13.03.2025;1;1101;;10.03.2025;;1;KREUZH;1;;
19273463;6;1;1;4;1;-1;-1;3744;3755;3745;718;718;Altbestand nicht ausreichend bekannt;Risiko;281;E-CMZ Klinikum Klagenfurt;174;classic;UV001;3744;1781;classic;13.03.2025;1;1101;;10.03.2025;;1;KREUZH;1;;
19273487;5;3;3;36;9;-1;-1;3749;3742;3746;719;719;nicht einschätzbare Beschaffungsmarkt-  und -angebotspreisentwicklung;Risiko;281;E-CMZ Klinikum Klagenfurt;180;classic;UV007;3749;1781;classic;13.03.2025;1;1101;;10.03.2025;;1;KREUZH;1;;
19273491;7;2;3;24;6;-1;-1;3746;3749;3741;720;720;nicht einschätzbare Verzögerungen, Unterbrechungen und Ausfälle von Lieferketten und Leistungen;Risiko;281;E-CMZ Klinikum Klagenfurt;181;classic;UV008;3746;1781;classic;13.03.2025;1;1101;;10.03.2025;;1;KREUZH;1;;
19273479;11;4;3;48;12;-1;-1;3747;3748;3742;721;721;Konkurs von Auftragsnehmern;Risiko;281;E-CMZ Klinikum Klagenfurt;178;classic;UV005;3747;1781;classic;13.03.2025;1;1101;;10.03.2025;;1;KREUZH;1;;
19273475;9;3;3;36;9;-1;-1;3748;3743;3747;722;722;fehlende Bieter im Vergabeverfahren (z. B. Planer und ausführende Gewerke);Risiko;281;E-CMZ Klinikum Klagenfurt;177;classic;UV004;3748;1781;classic;13.03.2025;1;1101;;10.03.2025;;1;KREUZH;1;;
19273467;22;3;3;36;9;-1;-1;3745;3744;3743;723;723;Änderung/Reduktion der/des medizinischen Leistungsplanung/-spektrums/-angebotsplanung;Risiko;281;E-CMZ Klinikum Klagenfurt;175;classic;UV002;3745;1781;classic;13.03.2025;1;1101;;10.03.2025;;1;KREUZH;1;;
19273223;13;4;2;32;8;-1;-1;3809;3815;3802;724;724;Projektziele zu wenig klar festgelegt oder nachträglich geändert;Risiko;281;E-CMZ Klinikum Klagenfurt;114;classic;PV016;3809;1781;classic;13.03.2025;1;1101;;10.03.2025;;1;KREUZH;1;;
19273207;8;4;2;32;8;-1;-1;3810;3816;3818;725;725;Projektanforderungen ungenügend definiert/kommuniziert;Risiko;281;E-CMZ Klinikum Klagenfurt;110;classic;PV012;3810;1781;classic;13.03.2025;1;1101;;10.03.2025;;1;KREUZH;1;;
19273195;9;4;2;32;8;-1;-1;3811;3812;3820;726;726;Nutzeranforderungen zu wenig klar bestimmt;Risiko;281;E-CMZ Klinikum Klagenfurt;107;classic;PV009;3811;1781;classic;13.03.2025;1;1101;;10.03.2025;;1;KREUZH;1;;
19273191;7;2;2;16;4;-1;-1;3812;3821;3811;727;727;Nutzer-, Betreiber- und Herstellverantwortung ungenügend definiert;Risiko;281;E-CMZ Klinikum Klagenfurt;106;classic;PV008;3812;1781;classic;13.03.2025;1;1101;;10.03.2025;;1;KREUZH;1;;
19273167;12;4;4;64;16;-1;-1;3813;3824;3814;728;728;Enger Kostenrahmen, keine vollständige finanzielle Deckung vorhanden;Risiko;281;E-CMZ Klinikum Klagenfurt;100;classic;PV002;3813;1781;classic;13.03.2025;1;1101;;10.03.2025;;1;KREUZH;1;;
19273171;10;3;4;48;12;-1;-1;3814;3813;3822;729;729;Enger Terminplan;Risiko;281;E-CMZ Klinikum Klagenfurt;101;classic;PV003;3814;1781;classic;13.03.2025;1;1101;;10.03.2025;;1;KREUZH;1;;
19273219;10;3;2;24;6;-1;-1;3815;3817;3809;730;730;Projektziele (Projektgrenzen …) mit Unternehmensziel nicht kompatibel;Risiko;281;E-CMZ Klinikum Klagenfurt;113;classic;PV015;3815;1781;classic;13.03.2025;1;1101;;10.03.2025;;1;KREUZH;1;;
19273203;8;4;3;48;12;-1;-1;3816;3820;3810;731;731;Projektänderungen mit Unternehmensziel oder Projektziel nicht kompatibel;Risiko;281;E-CMZ Klinikum Klagenfurt;109;classic;PV011;3816;1781;classic;13.03.2025;1;1101;;10.03.2025;;1;KREUZH;1;;
19273215;15;3;2;24;6;-1;-1;3817;3818;3815;732;732;Projektvorgaben mit den besonderen Bestimmungen (z.B. Sozialversicherungsträger, Umweltbestimmungen uvm.) nicht kompatibel;Risiko;281;E-CMZ Klinikum Klagenfurt;112;classic;PV014;3817;1781;classic;13.03.2025;1;1101;;10.03.2025;;1;KREUZH;1;;
19273211;8;4;2;32;8;-1;-1;3818;3810;3817;733;733;Projektinhalt nicht klar abgegrenzt;Risiko;281;E-CMZ Klinikum Klagenfurt;111;classic;PV013;3818;1781;classic;13.03.2025;1;1101;;10.03.2025;;1;KREUZH;1;;
19273183;10;4;2;32;8;-1;-1;3819;3823;3821;734;734;keine Identifikation der Schlüsselpositionen mit dem Projekt und den damit in Verbindung stehenden Zielen;Risiko;281;E-CMZ Klinikum Klagenfurt;104;classic;PV006;3819;1781;classic;13.03.2025;1;1101;;10.03.2025;;1;KREUZH;1;;
19273199;15;4;3;48;12;-1;-1;3820;3811;3816;735;735;Planungsfehler (z. B. Vorhabensbudget, Investitionsprogramm, Betriebsbudget, Folgekosten usw.);Risiko;281;E-CMZ Klinikum Klagenfurt;108;classic;PV010;3820;1781;classic;13.03.2025;1;1101;;10.03.2025;;1;KREUZH;1;;
19273187;6;2;2;16;4;-1;-1;3821;3819;3812;736;736;keine Kompatibilität der Projektziele mit den Abteilungszielen/Nutzer;Risiko;281;E-CMZ Klinikum Klagenfurt;105;classic;PV007;3821;1781;classic;13.03.2025;1;1101;;10.03.2025;;1;KREUZH;1;;
19273175;7;2;2;16;4;-1;-1;3822;3814;3823;737;737;keine ausreichend klare Formulierung der Projektziele;Risiko;281;E-CMZ Klinikum Klagenfurt;102;classic;PV004;3822;1781;classic;13.03.2025;1;1101;;10.03.2025;;1;KREUZH;1;;
19273179;23;4;2;32;8;-1;-1;3823;3822;3819;738;738;keine ausreichende Berücksichtigung der Nutzeranforderungen in der Planung;Risiko;281;E-CMZ Klinikum Klagenfurt;103;classic;PV005;3823;1781;classic;13.03.2025;1;1101;;10.03.2025;;1;KREUZH;1;;
19273163;8;2;3;24;6;-1;-1;3824;3829;3813;739;739;Baufeld im zentralen Krankenhausumfeld;Risiko;281;E-CMZ Klinikum Klagenfurt;99;classic;PV001;3824;1781;classic;13.03.2025;1;1101;;10.03.2025;;1;KREUZH;1;;
19272795;19;4;2;32;8;-1;-1;3904;3914;3920;740;740;Kommunikationsfehler (bzw. unzureichend) mit Nutzer;Risiko;281;E-CMZ Klinikum Klagenfurt;7;classic;BB007;3904;1781;classic;13.03.2025;1;1101;;10.03.2025;;1;KREUZH;1;;
19272843;9;2;3;24;6;-1;-1;3922;3916;3890;741;741;Widerstand von Nutzern;Risiko;281;E-CMZ Klinikum Klagenfurt;19;classic;BB019;3922;1781;classic;13.03.2025;1;1101;;10.03.2025;;1;KREUZH;1;;
19272831;33;2;3;24;6;-1;-1;3906;3909;3919;742;742;Skepsis bzw. Ängste von Nutzern nicht mit Schulungen/Informationsveranstaltungen abwendbar;Risiko;281;E-CMZ Klinikum Klagenfurt;16;classic;BB016;3906;1781;classic;13.03.2025;1;1101;;10.03.2025;;1;KREUZH;1;;
19272807;12;2;1;8;2;-1;-1;3907;3917;3921;743;743;Nutzer nicht oder zu wenig einbezogen;Risiko;281;E-CMZ Klinikum Klagenfurt;10;classic;BB010;3907;1781;classic;13.03.2025;1;1101;;10.03.2025;;1;KREUZH;1;;
19272819;24;4;3;48;12;-1;-1;3908;3905;3913;744;744;Personalwechsel in Schlüsselpositionen;Risiko;281;E-CMZ Klinikum Klagenfurt;13;classic;BB013;3908;1781;classic;13.03.2025;1;1101;;10.03.2025;;1;KREUZH;1;;
19272827;12;2;3;24;6;-1;-1;3909;3913;3906;745;745;Schnittstellenthematik (BIMM, Technik, MT…);Risiko;281;E-CMZ Klinikum Klagenfurt;15;classic;BB015;3909;1781;classic;13.03.2025;1;1101;;10.03.2025;;1;KREUZH;1;;
19272783;43;4;4;64;16;-1;-1;3910;3911;3918;746;746;Dem Nutzer sind nicht alle Anforderungen (aus BO Planung …) bekannt;Risiko;281;E-CMZ Klinikum Klagenfurt;4;classic;BB004;3910;1781;classic;13.03.2025;1;1101;;10.03.2025;;1;KREUZH;1;;
19272779;80;3;3;36;9;-1;-1;3911;3915;3910;747;747;Auswirkungen von neuen Forderungen der Nutzer nicht bekannt;Risiko;281;E-CMZ Klinikum Klagenfurt;3;classic;BB003;3911;1781;classic;13.03.2025;1;1101;;10.03.2025;;1;KREUZH;1;;
19269076;7;3;2;24;6;-1;-1;3789;3787;3777;822;822;Beeinträchtigung des Zugangs/Zufahrt der Notaufnahme;Risiko;281;E-CMZ Klinikum Klagenfurt;128;classic;SI003;3789;1783;classic;13.03.2025;1;1102;;10.03.2025;;1;JARNIGH;1;;
19269099;15;2;2;16;4;-1;-1;3790;3783;3771;823;823;Zeitgerechte Umsetzung/Überwachung vorhabensbezogener sicherheitstechnischer Vorgaben;Risiko;281;E-CMZ Klinikum Klagenfurt;151;classic;SI026;3790;1783;classic;13.03.2025;1;1102;;10.03.2025;;1;JARNIGH;1;;
19269086;5;3;3;36;9;-1;-1;3791;3786;3788;824;824;keine ausreichende Einbindung und Information der Sicherheitsbeauftragten über sicherheitsrelevante Faktoren;Risiko;281;E-CMZ Klinikum Klagenfurt;138;classic;SI013;3791;1783;classic;13.03.2025;1;1102;;10.03.2025;;1;JARNIGH;1;;
19269116;7;3;3;36;9;-1;-1;3750;3762;3753;825;825;Technologien neuartig und komplex (nicht ausgereifte Technologie im Einsatz?);Risiko;281;E-CMZ Klinikum Klagenfurt;168;classic;TE016;3750;1783;classic;13.03.2025;1;1102;;10.03.2025;;1;JARNIGH;1;;
19269119;18;1;2;8;2;-1;-1;3770;3766;3767;826;826;Verfahren neuartig oder komplex;Risiko;281;E-CMZ Klinikum Klagenfurt;171;classic;TE019;3770;1783;classic;13.03.2025;1;1102;;10.03.2025;;1;JARNIGH;1;;
19269113;6;1;2;8;2;-1;-1;3752;3756;3757;827;827;Materialien neuartig oder heikel;Risiko;281;E-CMZ Klinikum Klagenfurt;165;classic;TE013;3752;1783;classic;13.03.2025;1;1102;;10.03.2025;;1;JARNIGH;1;;
19269117;10;2;2;16;4;-1;-1;3753;3750;3766;828;828;Unterbrechung des laufenden Betriebes unmöglich;Risiko;281;E-CMZ Klinikum Klagenfurt;169;classic;TE017;3753;1783;classic;13.03.2025;1;1102;;10.03.2025;;1;JARNIGH;1;;
19269104;8;2;4;32;8;-1;-1;3754;3759;3764;829;829;Beeinträchtigung des Betriebes (Erschütterung, Lärm, Staub, Kapazitäten uvm.);Risiko;281;E-CMZ Klinikum Klagenfurt;156;classic;TE004;3754;1783;classic;13.03.2025;1;1102;;10.03.2025;;1;JARNIGH;1;;
19269121;11;1;2;8;2;-1;-1;3755;3767;3744;830;830;zwischenzeitliche Übersiedelung während der Bauphase führt zu hohen Kosten und/oder Terminverzögerungen;Risiko;281;E-CMZ Klinikum Klagenfurt;173;classic;TE021;3755;1783;classic;13.03.2025;1;1102;;10.03.2025;;1;JARNIGH;1;;
19269112;6;2;2;16;4;-1;-1;3756;3769;3752;831;831;Laufender Betrieb lässt nur eingeschränkte Projektarbeitszeit zu;Risiko;281;E-CMZ Klinikum Klagenfurt;164;classic;TE012;3756;1783;classic;13.03.2025;1;1102;;10.03.2025;;1;JARNIGH;1;;
19269114;14;4;3;48;12;-1;-1;3757;3752;3762;832;832;Planungsgrundlagen - Anforderung des Bestellers (Raum- und Funktionsprogramm) - Änderung des Raumprogrammes nach Design Freeze;Risiko;281;E-CMZ Klinikum Klagenfurt;166;classic;TE014;3757;1783;classic;13.03.2025;1;1102;;10.03.2025;;1;JARNIGH;1;;
19269109;10;2;3;24;6;-1;-1;3758;3768;3765;833;833;Hygiene - Fehlplanungen, Anforderungsänderungen, Nicht zeitgerechte Ausarbeitung der beauftragten Personen;Risiko;281;E-CMZ Klinikum Klagenfurt;161;classic;TE009;3758;1783;classic;13.03.2025;1;1102;;10.03.2025;;1;JARNIGH;1;;
19269103;9;2;2;16;4;-1;-1;3759;3760;3754;834;834;Baugrund - Material - Materialverwertbarkeit (Massendisposition), Kontaminierung des Baugrundes;Risiko;281;E-CMZ Klinikum Klagenfurt;155;classic;TE003;3759;1783;classic;13.03.2025;1;1102;;10.03.2025;;1;JARNIGH;1;;
19269102;14;2;2;16;4;-1;-1;3760;3763;3759;835;835;Baugrund - Bodenerkundung / Gutachten - falsche/ungeeignete Wahl/Planung des Sicherungssystems (Baugrubensicherung, -umschließung), Auswirkungen auf Umgebung, Nachbarbauwerke,…;Risiko;281;E-CMZ Klinikum Klagenfurt;154;classic;TE002;3760;1783;classic;13.03.2025;1;1102;;10.03.2025;;1;JARNIGH;1;;
19269106;14;1;3;12;3;-1;-1;3761;3764;3751;836;836;Beweissicherungen - nicht ordnungsgemäße bzw. unvollständige Beweissicherung  - Grundwasser und Erschütterung für umliegende Gebäude, Beschädigung / Rückbau von Bestandsleitungen mit unbekannter Funktion: Betriebsunterbrechung;Risiko;281;E-CMZ Klinikum Klagenfurt;158;classic;TE006;3761;1783;classic;13.03.2025;1;1102;;10.03.2025;;1;JARNIGH;1;;
19269115;5;3;3;36;9;-1;-1;3762;3757;3750;837;837;Technischer und medizinischer Fortschritt - Weiterentwicklung der medizinischen festen Einrichtung;Risiko;281;E-CMZ Klinikum Klagenfurt;167;classic;TE015;3762;1783;classic;13.03.2025;1;1102;;10.03.2025;;1;JARNIGH;1;;
19269101;11;4;1;16;4;-1;-1;3763;3771;3760;838;838;Auswirkung an angrenzende Bereiche (befinden sich daneben, darüber, darunter);Risiko;281;E-CMZ Klinikum Klagenfurt;153;classic;TE001;3763;1783;classic;13.03.2025;1;1102;;10.03.2025;;1;JARNIGH;1;;
19269105;10;2;3;24;6;-1;-1;3764;3754;3761;839;839;Beschädigung bzw. Beeinträchtigung der Betriebsbereitschaft sensibler medizintechnischer Geräte (z. B. SPECT Kameras, Szintillationskristalle) Bestand und Siedlungsgut;Risiko;281;E-CMZ Klinikum Klagenfurt;157;classic;TE005;3764;1783;classic;13.03.2025;1;1102;;10.03.2025;;1;JARNIGH;1;;
19269110;8;2;2;16;4;-1;-1;3765;3758;3769;840;840;IT- und MT-Schnittstellenproblematiken zwischen den Einrichtungen werden nicht ausreichend berücksichtigt;Risiko;281;E-CMZ Klinikum Klagenfurt;162;classic;TE010;3765;1783;classic;13.03.2025;1;1102;;10.03.2025;;1;JARNIGH;1;;
19269100;9;4;2;32;8;-1;-1;3771;3790;3763;841;841;Pandemie - Beeinträchtigung der Projektbeteiligten;Risiko;281;E-CMZ Klinikum Klagenfurt;152;classic;SR001;3771;1783;classic;13.03.2025;1;1102;;10.03.2025;;1;JARNIGH;1;;
19269033;10;2;2;16;4;-1;-1;3839;3827;3836;842;842;Einhaltung sicherheits- und gesundheitspolitischer Auflagen und Einschränkungen (ÖSG-RSG);Chance;281;E-CMZ Klinikum Klagenfurt;85;classic;PU002;3839;1783;classic;13.03.2025;1;1102;;10.03.2025;;1;JARNIGH;1;;
19269045;9;2;1;8;2;-1;-1;3838;3837;3829;843;843;Verbesserung der Positionierung am Arbeitsmarkt;Chance;281;E-CMZ Klinikum Klagenfurt;97;classic;PU014;3838;1783;classic;13.03.2025;1;1102;;10.03.2025;;1;JARNIGH;1;;
19269044;4;2;2;16;4;-1;-1;3837;3834;3838;844;844;Verbesserung der interdiszipilinären Zusammenarbeit;Chance;281;E-CMZ Klinikum Klagenfurt;96;classic;PU013;3837;1783;classic;13.03.2025;1;1102;;10.03.2025;;1;JARNIGH;1;;
19269034;6;2;2;16;4;-1;-1;3836;3839;3833;845;845;Integration der Pädaudiometrie in die HNO bzw. Kopfzentrum;Chance;281;E-CMZ Klinikum Klagenfurt;86;classic;PU003;3836;1783;classic;13.03.2025;1;1102;;10.03.2025;;1;JARNIGH;1;;
19269039;9;2;2;16;4;-1;-1;3826;3835;3828;846;846;Neubau;Chance;281;E-CMZ Klinikum Klagenfurt;91;classic;PU008;3826;1783;classic;13.03.2025;1;1102;;10.03.2025;;1;JARNIGH;1;;
19268971;32;3;2;24;6;-1;-1;3902;3896;3897;847;847;Integration ressourcenschonender Energienutzungsmodelle in die Projektplanung (Alternativenergie, Passivhausstandard, Kühlung/Energiespeicherung durch Grundwasser, Photovoltaik (z. B. in Fassade integrieren oder am Dach), Erdwärme, Sonnenschutz - starke Lamellen, Fassadenfarbe, Niedertemparatur Heiz-Kühlsystem (Baukernaktivierung,  usw.);Chance;281;E-CMZ Klinikum Klagenfurt;23;classic;ÖU004;3902;1783;classic;10.03.2025;1;1102;;10.03.2025;;1;JARNIGH;1;;
19268970;5;2;2;16;4;-1;-1;3896;3895;3902;848;848;Förderungen lukrieren;Chance;281;E-CMZ Klinikum Klagenfurt;22;classic;ÖU003;3896;1783;classic;10.03.2025;1;1102;;10.03.2025;;1;JARNIGH;1;;
19270067;29;3;3;36;9;-1;-1;3821;3819;3812;736;736;keine Kompatibilität der Projektziele mit den Abteilungszielen/Nutzer;Risiko;281;E-CMZ Klinikum Klagenfurt;105;classic;PV007;3821;1789;classic;24.03.2025;1;331;;10.03.2025;;2;OBEREDERF;1;;
19270061;10;4;1;16;4;-1;-1;3822;3814;3823;737;737;keine ausreichend klare Formulierung der Projektziele;Risiko;281;E-CMZ Klinikum Klagenfurt;102;classic;PV004;3822;1789;classic;24.03.2025;1;331;;10.03.2025;;2;OBEREDERF;1;;
19270063;16;3;3;36;9;-1;-1;3823;3822;3819;738;738;keine ausreichende Berücksichtigung der Nutzeranforderungen in der Planung;Risiko;281;E-CMZ Klinikum Klagenfurt;103;classic;PV005;3823;1789;classic;24.03.2025;1;331;;10.03.2025;;2;OBEREDERF;1;;
19270055;45;2;5;40;10;-1;-1;3824;3829;3813;739;739;Baufeld im zentralen Krankenhausumfeld;Risiko;281;E-CMZ Klinikum Klagenfurt;99;classic;PV001;3824;1789;classic;24.03.2025;1;331;;10.03.2025;;2;OBEREDERF;1;;
19269871;128;2;3;24;6;-1;-1;3904;3914;3920;740;740;Kommunikationsfehler (bzw. unzureichend) mit Nutzer;Risiko;281;E-CMZ Klinikum Klagenfurt;7;classic;BB007;3904;1789;classic;11.03.2025;1;331;;10.03.2025;;2;OBEREDERF;1;;
19269895;7;3;5;60;15;-1;-1;3922;3916;3890;741;741;Widerstand von Nutzern;Risiko;281;E-CMZ Klinikum Klagenfurt;19;classic;BB019;3922;1789;classic;24.03.2025;1;331;;10.03.2025;;2;OBEREDERF;1;;
19269889;35;2;3;24;6;-1;-1;3906;3909;3919;742;742;Skepsis bzw. Ängste von Nutzern nicht mit Schulungen/Informationsveranstaltungen abwendbar;Risiko;281;E-CMZ Klinikum Klagenfurt;16;classic;BB016;3906;1789;classic;24.03.2025;1;331;;10.03.2025;;2;OBEREDERF;1;;
19269877;11;2;2;16;4;-1;-1;3907;3917;3921;743;743;Nutzer nicht oder zu wenig einbezogen;Risiko;281;E-CMZ Klinikum Klagenfurt;10;classic;BB010;3907;1789;classic;11.03.2025;1;331;;10.03.2025;;2;OBEREDERF;1;;
19269883;13;5;4;80;20;-1;-1;3908;3905;3913;744;744;Personalwechsel in Schlüsselpositionen;Risiko;281;E-CMZ Klinikum Klagenfurt;13;classic;BB013;3908;1789;classic;11.03.2025;1;331;;10.03.2025;;2;OBEREDERF;1;;
19269865;31;3;4;48;12;-1;-1;3910;3911;3918;746;746;Dem Nutzer sind nicht alle Anforderungen (aus BO Planung …) bekannt;Risiko;281;E-CMZ Klinikum Klagenfurt;4;classic;BB004;3910;1789;classic;10.03.2025;1;331;;10.03.2025;;2;OBEREDERF;1;;
19269863;69;5;4;80;20;-1;-1;3911;3915;3910;747;747;Auswirkungen von neuen Forderungen der Nutzer nicht bekannt;Risiko;281;E-CMZ Klinikum Klagenfurt;3;classic;BB003;3911;1789;classic;10.03.2025;1;331;;10.03.2025;;2;OBEREDERF;1;;
19269859;61;4;4;64;16;-1;-1;3912;0;3915;748;748;Abhängigkeit von Einzelpersonen (Ressourcen, PL, Stellvertreter …);Risiko;281;E-CMZ Klinikum Klagenfurt;1;classic;BB001;3912;1789;classic;10.03.2025;1;331;;10.03.2025;;2;OBEREDERF;1;;
19269885;14;3;4;48;12;-1;-1;3913;3908;3909;749;749;Projektanforderungen ändern sich;Risiko;281;E-CMZ Klinikum Klagenfurt;14;classic;BB014;3913;1789;classic;11.03.2025;1;331;;10.03.2025;;2;OBEREDERF;1;;
19269869;142;4;2;32;8;-1;-1;3914;3918;3904;750;750;keine ausreichende Ressourcenverfügbarkeit bei den Betroffenen und Beteiligten (z. B. für Projektsitzungen im Rahmen der Planung, Umsetzung und Übersiedelung);Risiko;281;E-CMZ Klinikum Klagenfurt;6;classic;BB006;3914;1789;classic;10.03.2025;1;331;;10.03.2025;;2;OBEREDERF;1;;
19269861;32;4;4;64;16;-1;-1;3915;3912;3911;751;751;Abhängigkeiten der Projektumsetzung von Einzelpersonen;Risiko;281;E-CMZ Klinikum Klagenfurt;2;classic;BB002;3915;1789;classic;10.03.2025;1;331;;10.03.2025;;2;OBEREDERF;1;;
19269893;13;2;3;24;6;-1;-1;3916;3919;3922;752;752;Veränderte bzw. nicht/besonders wahrgenommene Zuständigkeit;Risiko;281;E-CMZ Klinikum Klagenfurt;18;classic;BB018;3916;1789;classic;24.03.2025;1;331;;10.03.2025;;2;OBEREDERF;1;;
19269875;30;3;4;48;12;-1;-1;3917;3920;3907;753;753;neue, überzogene (An-)Forderungen der Nutzer/Partner;Risiko;281;E-CMZ Klinikum Klagenfurt;9;classic;BB009;3917;1789;classic;11.03.2025;1;331;;10.03.2025;;2;OBEREDERF;1;;
19269867;400;3;3;36;9;-1;-1;3918;3910;3914;754;754;falsche oder nicht ausgesprochene Erwartungen durch Nutzer, Partner, Anrainer;Risiko;281;E-CMZ Klinikum Klagenfurt;5;classic;BB005;3918;1789;classic;10.03.2025;1;331;;10.03.2025;;2;OBEREDERF;1;;
19269891;12;4;3;48;12;-1;-1;3919;3906;3916;755;755;Überlastung des Projektteams;Risiko;281;E-CMZ Klinikum Klagenfurt;17;classic;BB017;3919;1789;classic;24.03.2025;1;331;;10.03.2025;;2;OBEREDERF;1;;
19269873;71;4;4;64;16;-1;-1;3920;3904;3917;756;756;mangelnde Untersützung/Widerstand von Beteiligten und Betroffenen;Risiko;281;E-CMZ Klinikum Klagenfurt;8;classic;BB008;3920;1789;classic;11.03.2025;1;331;;10.03.2025;;2;OBEREDERF;1;;
19270019;22;2;2;16;4;-1;-1;3847;3845;3844;757;757;Projektorganisation (Mitglied) nicht/unzureichend über das Projekt informiert;Risiko;281;E-CMZ Klinikum Klagenfurt;81;classic;PO006;3847;1789;classic;24.03.2025;1;331;;10.03.2025;;2;OBEREDERF;1;;
19270015;15;3;3;36;9;-1;-1;3846;3843;3845;758;758;Langwierige Entscheidungsfindung;Risiko;281;E-CMZ Klinikum Klagenfurt;79;classic;PO004;3846;1789;classic;24.03.2025;1;331;;10.03.2025;;2;OBEREDERF;1;;
19270017;28;3;2;24;6;-1;-1;3845;3846;3847;759;759;Nichtbeachtung von QM-Standards bzw. mangelnde Integration der QM-Systeme;Risiko;281;E-CMZ Klinikum Klagenfurt;80;classic;PO005;3845;1789;classic;24.03.2025;1;331;;10.03.2025;;2;OBEREDERF;1;;
19270021;12;3;2;24;6;-1;-1;3844;3847;3842;760;760;unzureichende Kompetenz und Erfahrung des Projektleiter, Krankenhaushygienikers usw.;Risiko;281;E-CMZ Klinikum Klagenfurt;82;classic;PO007;3844;1789;classic;24.03.2025;1;331;;10.03.2025;;2;OBEREDERF;1;;
19270013;18;2;2;16;4;-1;-1;3843;3840;3846;761;761;keine Integration QMS und RMS;Risiko;281;E-CMZ Klinikum Klagenfurt;78;classic;PO003;3843;1789;classic;24.03.2025;1;331;;10.03.2025;;2;OBEREDERF;1;;
19270011;8;2;4;32;8;-1;-1;3840;3841;3843;762;762;keine ausreichende Berücksichtigung/Koordination der vielen Beteiligten und/oder Schnittstellen;Risiko;281;E-CMZ Klinikum Klagenfurt;77;classic;PO002;3840;1789;classic;24.03.2025;1;331;;10.03.2025;;2;OBEREDERF;1;;
19270009;11;2;4;32;8;-1;-1;3841;3858;3840;763;763;fehlende selbständige interne Koordination der Fachabteilung;Risiko;281;E-CMZ Klinikum Klagenfurt;76;classic;PO001;3841;1789;classic;24.03.2025;1;331;;10.03.2025;;2;OBEREDERF;1;;
19270023;16;3;3;36;9;-1;-1;3842;3844;3827;764;764;Wechsel wesentlicher Schlüsselpersonen für die Umsetzung/Verantwortlicher im Projektteam (z. B. Projektleitung, Nutzer, Planer, Auftraggeber, Verantwortungsträger in einzelnen Bereichen z. B. Technik), Know-How-Träger stehen nicht zur Verfügung / Veränderung in den Entscheidungsstrukturen;Risiko;281;E-CMZ Klinikum Klagenfurt;83;classic;PO008;3842;1789;classic;24.03.2025;1;331;;10.03.2025;;2;OBEREDERF;1;;
19314561;4;3;4;48;12;-1;-1;3774;3779;3792;807;807;Erhöhte Gefährdung von Personen und Anlagen (Projektphasen …);Risiko;281;E-CMZ Klinikum Klagenfurt;131;classic;SI006;3774;1791;classic;21.03.2025;1;1105;;10.03.2025;;2;KAB_JANKCHR;1;;
19314642;6;2;4;32;8;-1;-1;3775;3788;3780;808;808;Mangelnder Brandschutz (Projektphasen …);Risiko;281;E-CMZ Klinikum Klagenfurt;140;classic;SI015;3775;1791;classic;21.03.2025;1;1105;;10.03.2025;;2;KAB_JANKCHR;1;;
19314606;12;2;5;40;10;-1;-1;3776;3785;3786;809;809;Heißarbeiten während der Bauphasen (Flämmarbeiten, Schweißarbeiten, Flexarbeiten usw.).;Risiko;281;E-CMZ Klinikum Klagenfurt;136;classic;SI011;3776;1791;classic;21.03.2025;1;1105;;10.03.2025;;2;KAB_JANKCHR;1;;
19314543;8;3;3;36;9;-1;-1;3777;3789;3779;810;810;Eingriff in den Bestand (Abschaltung von Brandmeldelinien ) keine Überwachung während der Abschaltungen;Risiko;281;E-CMZ Klinikum Klagenfurt;129;classic;SI004;3777;1791;classic;21.03.2025;1;1105;;10.03.2025;;2;KAB_JANKCHR;1;;
19314552;5;3;4;48;12;-1;-1;3779;3777;3774;812;812;Eingriff in die bestehenden Stiegenhäuser (Sperre des Fluchtweg / Notausgang);Risiko;281;E-CMZ Klinikum Klagenfurt;130;classic;SI005;3779;1791;classic;21.03.2025;1;1105;;10.03.2025;;2;KAB_JANKCHR;1;;
19314651;11;3;2;24;6;-1;-1;3780;3775;3795;813;813;Öffnung von diversen Brandabschottungen / Brandabschnitten / Rauchabschnitten im Bestand;Risiko;281;E-CMZ Klinikum Klagenfurt;141;classic;SI016;3780;1791;classic;21.03.2025;1;1105;;10.03.2025;;2;KAB_JANKCHR;1;;
19314705;13;3;3;36;9;-1;-1;3781;3794;3772;814;814;Sperre von Bereichen in der Tiefgarage (Technik für die BRV Anlage fehlt während der Bauphase);Risiko;281;E-CMZ Klinikum Klagenfurt;147;classic;SI022;3781;1791;classic;21.03.2025;1;1105;;10.03.2025;;2;KAB_JANKCHR;1;;
19314687;10;1;5;20;5;-1;-1;3782;3784;3794;815;815;Rauchen und offenes Licht im BAUFELD / BAUSTELLE;Risiko;281;E-CMZ Klinikum Klagenfurt;145;classic;SI020;3782;1791;classic;21.03.2025;1;1105;;10.03.2025;;2;KAB_JANKCHR;1;;
19314732;3;3;5;60;15;-1;-1;3783;3796;3790;816;816;Verstellte Fluchtwege;Risiko;281;E-CMZ Klinikum Klagenfurt;150;classic;SI025;3783;1791;classic;21.03.2025;1;1105;;10.03.2025;;2;KAB_JANKCHR;1;;
19314597;9;4;2;32;8;-1;-1;3785;3797;3776;818;818;gelieferte Trinkwasserleitungen und Lüftungskanäle sind nicht mit Endkappen versehen;Risiko;281;E-CMZ Klinikum Klagenfurt;135;classic;SI010;3785;1791;classic;21.03.2025;1;1105;;10.03.2025;;2;KAB_JANKCHR;1;;
19314615;13;2;1;8;2;-1;-1;3786;3776;3791;819;819;keine ausreichende Baugrubenabsicherung zum angrenzenden Betrieb;Risiko;281;E-CMZ Klinikum Klagenfurt;137;classic;SI012;3786;1791;classic;21.03.2025;1;1105;;10.03.2025;;2;KAB_JANKCHR;1;;
19314525;7;5;2;40;10;-1;-1;3787;3778;3789;820;820;Ausfall kritischer Infrastruktur;Risiko;281;E-CMZ Klinikum Klagenfurt;127;classic;SI002;3787;1791;classic;21.03.2025;1;1105;;10.03.2025;;2;KAB_JANKCHR;1;;
19314633;3;4;2;32;8;-1;-1;3788;3791;3775;821;821;Kollektorgang nicht nutzbar;Risiko;281;E-CMZ Klinikum Klagenfurt;139;classic;SI014;3788;1791;classic;21.03.2025;1;1105;;10.03.2025;;2;KAB_JANKCHR;1;;
19314534;10;4;4;64;16;-1;-1;3789;3787;3777;822;822;Beeinträchtigung des Zugangs/Zufahrt der Notaufnahme;Risiko;281;E-CMZ Klinikum Klagenfurt;128;classic;SI003;3789;1791;classic;21.03.2025;1;1105;;10.03.2025;;2;KAB_JANKCHR;1;;
19314741;7;3;3;36;9;-1;-1;3790;3783;3771;823;823;Zeitgerechte Umsetzung/Überwachung vorhabensbezogener sicherheitstechnischer Vorgaben;Risiko;281;E-CMZ Klinikum Klagenfurt;151;classic;SI026;3790;1791;classic;21.03.2025;1;1105;;10.03.2025;;2;KAB_JANKCHR;1;;
19314624;8;3;2;24;6;-1;-1;3791;3786;3788;824;824;keine ausreichende Einbindung und Information der Sicherheitsbeauftragten über sicherheitsrelevante Faktoren;Risiko;281;E-CMZ Klinikum Klagenfurt;138;classic;SI013;3791;1791;classic;21.03.2025;1;1105;;10.03.2025;;2;KAB_JANKCHR;1;;
19314894;4;3;3;36;9;-1;-1;3750;3762;3753;825;825;Technologien neuartig und komplex (nicht ausgereifte Technologie im Einsatz?);Risiko;281;E-CMZ Klinikum Klagenfurt;168;classic;TE016;3750;1791;classic;21.03.2025;1;1105;;10.03.2025;;2;KAB_JANKCHR;1;;
19314921;9;2;3;24;6;-1;-1;3770;3766;3767;826;826;Verfahren neuartig oder komplex;Risiko;281;E-CMZ Klinikum Klagenfurt;171;classic;TE019;3770;1791;classic;21.03.2025;1;1105;;10.03.2025;;2;KAB_JANKCHR;1;;
19314867;5;3;3;36;9;-1;-1;3752;3756;3757;827;827;Materialien neuartig oder heikel;Risiko;281;E-CMZ Klinikum Klagenfurt;165;classic;TE013;3752;1791;classic;21.03.2025;1;1105;;10.03.2025;;2;KAB_JANKCHR;1;;
19314903;9;3;3;36;9;-1;-1;3753;3750;3766;828;828;Unterbrechung des laufenden Betriebes unmöglich;Risiko;281;E-CMZ Klinikum Klagenfurt;169;classic;TE017;3753;1791;classic;21.03.2025;1;1105;;10.03.2025;;2;KAB_JANKCHR;1;;
19314786;870;3;4;48;12;-1;-1;3754;3759;3764;829;829;Beeinträchtigung des Betriebes (Erschütterung, Lärm, Staub, Kapazitäten uvm.);Risiko;281;E-CMZ Klinikum Klagenfurt;156;classic;TE004;3754;1791;classic;21.03.2025;1;1105;;10.03.2025;;2;KAB_JANKCHR;1;;
19314939;37;3;3;36;9;-1;-1;3755;3767;3744;830;830;zwischenzeitliche Übersiedelung während der Bauphase führt zu hohen Kosten und/oder Terminverzögerungen;Risiko;281;E-CMZ Klinikum Klagenfurt;173;classic;TE021;3755;1791;classic;21.03.2025;1;1105;;10.03.2025;;2;KAB_JANKCHR;1;;
19314858;5;3;4;48;12;-1;-1;3756;3769;3752;831;831;Laufender Betrieb lässt nur eingeschränkte Projektarbeitszeit zu;Risiko;281;E-CMZ Klinikum Klagenfurt;164;classic;TE012;3756;1791;classic;21.03.2025;1;1105;;10.03.2025;;2;KAB_JANKCHR;1;;
19314876;4;4;3;48;12;-1;-1;3757;3752;3762;832;832;Planungsgrundlagen - Anforderung des Bestellers (Raum- und Funktionsprogramm) - Änderung des Raumprogrammes nach Design Freeze;Risiko;281;E-CMZ Klinikum Klagenfurt;166;classic;TE014;3757;1791;classic;21.03.2025;1;1105;;10.03.2025;;2;KAB_JANKCHR;1;;
19314831;5;4;2;32;8;-1;-1;3758;3768;3765;833;833;Hygiene - Fehlplanungen, Anforderungsänderungen, Nicht zeitgerechte Ausarbeitung der beauftragten Personen;Risiko;281;E-CMZ Klinikum Klagenfurt;161;classic;TE009;3758;1791;classic;21.03.2025;1;1105;;10.03.2025;;2;KAB_JANKCHR;1;;
19314777;3;4;1;16;4;-1;-1;3759;3760;3754;834;834;Baugrund - Material - Materialverwertbarkeit (Massendisposition), Kontaminierung des Baugrundes;Risiko;281;E-CMZ Klinikum Klagenfurt;155;classic;TE003;3759;1791;classic;21.03.2025;1;1105;;10.03.2025;;2;KAB_JANKCHR;1;;
19272771;868;2;4;32;8;-1;-1;3912;0;3915;748;748;Abhängigkeit von Einzelpersonen (Ressourcen, PL, Stellvertreter …);Risiko;281;E-CMZ Klinikum Klagenfurt;1;classic;BB001;3912;1781;classic;13.03.2025;1;1101;;10.03.2025;;1;KREUZH;1;;
19272823;13;3;4;48;12;-1;-1;3913;3908;3909;749;749;Projektanforderungen ändern sich;Risiko;281;E-CMZ Klinikum Klagenfurt;14;classic;BB014;3913;1781;classic;13.03.2025;1;1101;;10.03.2025;;1;KREUZH;1;;
19272791;29;4;3;48;12;-1;-1;3914;3918;3904;750;750;keine ausreichende Ressourcenverfügbarkeit bei den Betroffenen und Beteiligten (z. B. für Projektsitzungen im Rahmen der Planung, Umsetzung und Übersiedelung);Risiko;281;E-CMZ Klinikum Klagenfurt;6;classic;BB006;3914;1781;classic;13.03.2025;1;1101;;10.03.2025;;1;KREUZH;1;;
19272775;88;3;3;36;9;-1;-1;3915;3912;3911;751;751;Abhängigkeiten der Projektumsetzung von Einzelpersonen;Risiko;281;E-CMZ Klinikum Klagenfurt;2;classic;BB002;3915;1781;classic;13.03.2025;1;1101;;10.03.2025;;1;KREUZH;1;;
19272839;11;2;3;24;6;-1;-1;3916;3919;3922;752;752;Veränderte bzw. nicht/besonders wahrgenommene Zuständigkeit;Risiko;281;E-CMZ Klinikum Klagenfurt;18;classic;BB018;3916;1781;classic;13.03.2025;1;1101;;10.03.2025;;1;KREUZH;1;;
19272803;14;4;2;32;8;-1;-1;3917;3920;3907;753;753;neue, überzogene (An-)Forderungen der Nutzer/Partner;Risiko;281;E-CMZ Klinikum Klagenfurt;9;classic;BB009;3917;1781;classic;13.03.2025;1;1101;;10.03.2025;;1;KREUZH;1;;
19272787;44;4;2;32;8;-1;-1;3918;3910;3914;754;754;falsche oder nicht ausgesprochene Erwartungen durch Nutzer, Partner, Anrainer;Risiko;281;E-CMZ Klinikum Klagenfurt;5;classic;BB005;3918;1781;classic;13.03.2025;1;1101;;10.03.2025;;1;KREUZH;1;;
19272835;26;2;2;16;4;-1;-1;3919;3906;3916;755;755;Überlastung des Projektteams;Risiko;281;E-CMZ Klinikum Klagenfurt;17;classic;BB017;3919;1781;classic;13.03.2025;1;1101;;10.03.2025;;1;KREUZH;1;;
19272799;21;2;3;24;6;-1;-1;3920;3904;3917;756;756;mangelnde Untersützung/Widerstand von Beteiligten und Betroffenen;Risiko;281;E-CMZ Klinikum Klagenfurt;8;classic;BB008;3920;1781;classic;13.03.2025;1;1101;;10.03.2025;;1;KREUZH;1;;
19273091;10;2;2;16;4;-1;-1;3847;3845;3844;757;757;Projektorganisation (Mitglied) nicht/unzureichend über das Projekt informiert;Risiko;281;E-CMZ Klinikum Klagenfurt;81;classic;PO006;3847;1781;classic;13.03.2025;1;1101;;10.03.2025;;1;KREUZH;1;;
19273083;5;2;3;24;6;-1;-1;3846;3843;3845;758;758;Langwierige Entscheidungsfindung;Risiko;281;E-CMZ Klinikum Klagenfurt;79;classic;PO004;3846;1781;classic;13.03.2025;1;1101;;10.03.2025;;1;KREUZH;1;;
19273087;7;2;3;24;6;-1;-1;3845;3846;3847;759;759;Nichtbeachtung von QM-Standards bzw. mangelnde Integration der QM-Systeme;Risiko;281;E-CMZ Klinikum Klagenfurt;80;classic;PO005;3845;1781;classic;13.03.2025;1;1101;;10.03.2025;;1;KREUZH;1;;
19273095;12;2;2;16;4;-1;-1;3844;3847;3842;760;760;unzureichende Kompetenz und Erfahrung des Projektleiter, Krankenhaushygienikers usw.;Risiko;281;E-CMZ Klinikum Klagenfurt;82;classic;PO007;3844;1781;classic;13.03.2025;1;1101;;10.03.2025;;1;KREUZH;1;;
19273079;8;2;2;16;4;-1;-1;3843;3840;3846;761;761;keine Integration QMS und RMS;Risiko;281;E-CMZ Klinikum Klagenfurt;78;classic;PO003;3843;1781;classic;13.03.2025;1;1101;;10.03.2025;;1;KREUZH;1;;
19273075;11;2;2;16;4;-1;-1;3840;3841;3843;762;762;keine ausreichende Berücksichtigung/Koordination der vielen Beteiligten und/oder Schnittstellen;Risiko;281;E-CMZ Klinikum Klagenfurt;77;classic;PO002;3840;1781;classic;13.03.2025;1;1101;;10.03.2025;;1;KREUZH;1;;
19273071;9;2;2;16;4;-1;-1;3841;3858;3840;763;763;fehlende selbständige interne Koordination der Fachabteilung;Risiko;281;E-CMZ Klinikum Klagenfurt;76;classic;PO001;3841;1781;classic;13.03.2025;1;1101;;10.03.2025;;1;KREUZH;1;;
19273099;13;3;3;36;9;-1;-1;3842;3844;3827;764;764;Wechsel wesentlicher Schlüsselpersonen für die Umsetzung/Verantwortlicher im Projektteam (z. B. Projektleitung, Nutzer, Planer, Auftraggeber, Verantwortungsträger in einzelnen Bereichen z. B. Technik), Know-How-Träger stehen nicht zur Verfügung / Veränderung in den Entscheidungsstrukturen;Risiko;281;E-CMZ Klinikum Klagenfurt;83;classic;PO008;3842;1781;classic;13.03.2025;1;1101;;10.03.2025;;1;KREUZH;1;;
19272911;9;1;1;4;1;-1;-1;3865;3884;3874;765;765;eine mögliche Aussiedelung von Stationen (Kinder) ist nicht möglich;Risiko;281;E-CMZ Klinikum Klagenfurt;36;classic;PA003;3865;1781;classic;13.03.2025;1;1101;;10.03.2025;;1;KREUZH;1;;
19272951;8;3;4;48;12;-1;-1;3889;3867;3877;766;766;Kostenüberschreitung möglich;Risiko;281;E-CMZ Klinikum Klagenfurt;46;classic;PA013;3889;1781;classic;13.03.2025;1;1101;;10.03.2025;;1;KREUZH;1;;
19272947;11;2;3;24;6;-1;-1;3867;3868;3889;767;767;Kostenerfassung schwierig (Schätzung des Folgeprojektes);Risiko;281;E-CMZ Klinikum Klagenfurt;45;classic;PA012;3867;1781;classic;13.03.2025;1;1101;;10.03.2025;;1;KREUZH;1;;
19272943;10;2;1;8;2;-1;-1;3868;3871;3867;768;768;Kommunikationsfehler mit Auftragnehmer (keine Planer);Risiko;281;E-CMZ Klinikum Klagenfurt;44;classic;PA011;3868;1781;classic;13.03.2025;1;1101;;10.03.2025;;1;KREUZH;1;;
19272975;16;2;2;16;4;-1;-1;3869;3876;3880;769;769;Ressourcenverfügbarkeit bei Auftragnehmer (keine Planer) nicht vorhanden;Risiko;281;E-CMZ Klinikum Klagenfurt;52;classic;PA019;3869;1781;classic;13.03.2025;1;1101;;10.03.2025;;1;KREUZH;1;;
19272935;9;2;1;8;2;-1;-1;3870;3883;3871;770;770;Keine Motivation der Auftragnehmer vorhanden;Risiko;281;E-CMZ Klinikum Klagenfurt;42;classic;PA009;3870;1781;classic;13.03.2025;1;1101;;10.03.2025;;1;KREUZH;1;;
19272939;12;2;3;24;6;-1;-1;3871;3870;3868;771;771;Know-How-Träger (extern) nicht verfügbar;Risiko;281;E-CMZ Klinikum Klagenfurt;43;classic;PA010;3871;1781;classic;13.03.2025;1;1101;;10.03.2025;;1;KREUZH;1;;
19272967;14;2;3;24;6;-1;-1;3872;3887;3876;772;772;Planung ungenau oder nicht vollständig;Risiko;281;E-CMZ Klinikum Klagenfurt;50;classic;PA017;3872;1781;classic;13.03.2025;1;1101;;10.03.2025;;1;KREUZH;1;;
19272903;9;2;3;24;6;-1;-1;3873;3899;3884;773;773;Ausschreibung fehlerhaft;Risiko;281;E-CMZ Klinikum Klagenfurt;34;classic;PA001;3873;1781;classic;13.03.2025;1;1101;;10.03.2025;;1;KREUZH;1;;
19272915;15;4;3;48;12;-1;-1;3874;3865;3875;774;774;Einsprucherhebung bei der Ausschreibung;Risiko;281;E-CMZ Klinikum Klagenfurt;37;classic;PA004;3874;1781;classic;13.03.2025;1;1101;;10.03.2025;;1;KREUZH;1;;
19272919;150;2;3;24;6;-1;-1;3875;3874;3888;775;775;Einsprucherhebung im Behördenverfahren uvm.;Risiko;281;E-CMZ Klinikum Klagenfurt;38;classic;PA005;3875;1781;classic;13.03.2025;1;1101;;10.03.2025;;1;KREUZH;1;;
19272971;11;2;2;16;4;-1;-1;3876;3872;3869;776;776;Projektdokumentation nicht vollständig bzw. nicht vorhanden;Risiko;281;E-CMZ Klinikum Klagenfurt;51;classic;PA018;3876;1781;classic;13.03.2025;1;1101;;10.03.2025;;1;KREUZH;1;;
19272955;8;3;3;36;9;-1;-1;3877;3889;3886;777;777;Lange Projektdauer;Risiko;281;E-CMZ Klinikum Klagenfurt;47;classic;PA014;3877;1781;classic;13.03.2025;1;1101;;10.03.2025;;1;KREUZH;1;;
19268959;17;4;5;80;20;-1;-1;3921;3907;3905;849;849;Nutzer sind ausreichend über das Projekt Betreffende informiert;Chance;281;E-CMZ Klinikum Klagenfurt;11;classic;BB011;3921;1783;classic;10.03.2025;1;1102;;10.03.2025;;1;JARNIGH;1;;
19268960;13;4;4;64;16;-1;-1;3905;3921;3908;850;850;Nutzung der Erfahrung der Beteiligten aus den Fachbereichen, Fachbereichsmitarbeiter:innen zu Beteiligten machen und einbeziehen;Chance;281;E-CMZ Klinikum Klagenfurt;12;classic;BB012;3905;1783;classic;10.03.2025;1;1102;;10.03.2025;;1;JARNIGH;1;;
19269012;7;2;2;16;4;-1;-1;3863;3857;3855;851;851;Harmonisierung unterschiedlicher Standards und Umsetzungsgrade in prozessübergreifenden Managementsystemen (z. B.  Qualitäts- und Risikomanagement, ISMS, Compliance) und anderen Systemen;Chance;281;E-CMZ Klinikum Klagenfurt;64;classic;PF006;3863;1783;classic;13.03.2025;1;1102;;10.03.2025;;1;JARNIGH;1;;
19269008;24;2;1;8;2;-1;-1;3864;3848;3850;852;852;Baufeldfreimachung für zukünftige Projekte;Chance;281;E-CMZ Klinikum Klagenfurt;60;classic;PF002;3864;1783;classic;13.03.2025;1;1102;;10.03.2025;;1;JARNIGH;1;;
19269007;11;3;3;36;9;-1;-1;3848;3878;3864;853;853;Adaptierung/Modernisierung der räumlichen Strukturen an die Anforderungen des Versorgungsauftrags sowie an die Anforderungen der betroffenen Primär- und Sekundärversorgungsbereiche;Chance;281;E-CMZ Klinikum Klagenfurt;59;classic;PF001;3848;1783;classic;13.03.2025;1;1102;;10.03.2025;;1;JARNIGH;1;;
19269080;8;2;2;16;4;-1;-1;3792;3774;3793;854;854;Erweiterung der Druckbelüftungsanlage im NEUBAU laut Brandschutzkonzept;Chance;281;E-CMZ Klinikum Klagenfurt;132;classic;SI007;3792;1783;classic;13.03.2025;1;1102;;10.03.2025;;1;JARNIGH;1;;
19269081;8;1;1;4;1;-1;-1;3793;3792;3797;855;855;Erweiterung der Hochdruckvernebelungsanlage im NEUBAU laut Brandschutzkonzept;Chance;281;E-CMZ Klinikum Klagenfurt;133;classic;SI008;3793;1783;classic;13.03.2025;1;1102;;10.03.2025;;1;JARNIGH;1;;
19269094;14;1;1;4;1;-1;-1;3794;3782;3781;856;856;Schwerlasten (Logistik, Wasseraufbereitung …) werden im Keller situiert;Chance;281;E-CMZ Klinikum Klagenfurt;146;classic;SI021;3794;1783;classic;13.03.2025;1;1102;;10.03.2025;;1;JARNIGH;1;;
19269090;9;2;1;8;2;-1;-1;3795;3780;3773;857;857;Patienten mit Infektion werden separiert geführt (Liftausgang …);Chance;281;E-CMZ Klinikum Klagenfurt;142;classic;SI017;3795;1783;classic;13.03.2025;1;1102;;10.03.2025;;1;JARNIGH;1;;
19269096;7;1;1;4;1;-1;-1;3772;3781;3796;858;858;Steigerung der Sicherheit von Patient:innen, Mitarbeiter:innen und Dritter;Chance;281;E-CMZ Klinikum Klagenfurt;148;classic;SI023;3772;1783;classic;13.03.2025;1;1102;;10.03.2025;;1;JARNIGH;1;;
19269118;12;5;4;80;20;-1;-1;3766;3753;3770;859;859;Verbesserung der technischen Betriebssicherheit;Chance;281;E-CMZ Klinikum Klagenfurt;170;classic;TE018;3766;1783;classic;13.03.2025;1;1102;;10.03.2025;;1;JARNIGH;1;;
19269120;9;4;5;80;20;-1;-1;3767;3770;3755;860;860;Zusammenführung, Anbindung (BMA, GLT, FTS, Zutritt usw.) , Harmonisierung struktureller und technischer Standards und deren Auslegung (alt/neu) ==> Implementierung aktueller Haus- und Betriebstechnik;Chance;281;E-CMZ Klinikum Klagenfurt;172;classic;TE020;3767;1783;classic;13.03.2025;1;1102;;10.03.2025;;1;JARNIGH;1;;
19269108;13;4;4;64;16;-1;-1;3768;3751;3758;861;861;Fernwärme/Kälteversorgung für zukünftige Versorgung berücksichtigen (Neuverlegung, Trassenführung);Chance;281;E-CMZ Klinikum Klagenfurt;160;classic;TE008;3768;1783;classic;13.03.2025;1;1102;;10.03.2025;;1;JARNIGH;1;;
19269111;13;4;5;80;20;-1;-1;3769;3765;3756;862;862;Kollektorgänge für zukünftige Erweiterungen vorbereitet (Onkozentrum);Chance;281;E-CMZ Klinikum Klagenfurt;163;classic;TE011;3769;1783;classic;13.03.2025;1;1102;;10.03.2025;;1;JARNIGH;1;;
19269107;9;3;3;36;9;-1;-1;3751;3761;3768;863;863;Business Continuity in Ableitung von der Unternehmensstrategie zu diesem Thema konzeptionell und in der Projektplanung vorsehen;Chance;281;E-CMZ Klinikum Klagenfurt;159;classic;TE007;3751;1783;classic;13.03.2025;1;1102;;10.03.2025;;1;JARNIGH;1;;
19353727;6;4;2;32;8;-1;-1;3825;3831;3834;682;682;Projektinhalt nicht mit medizinischer Leistungsplanung (BO-Planung) kompatibel;Risiko;281;E-CMZ Klinikum Klagenfurt;94;classic;PU011;3825;1785;classic;20.03.2025;1;1106;;10.03.2025;;1;KAB_GODECP;1;;
19353683;81;3;3;36;9;-1;-1;3835;3832;3826;683;683;Konflikte mit anderen Projekten (nicht nur Bauprojekte) oder mit dem laufenden Betrieb;Risiko;281;E-CMZ Klinikum Klagenfurt;90;classic;PU007;3835;1785;classic;20.03.2025;1;1106;;10.03.2025;;1;KAB_GODECP;1;;
19353617;8;4;3;48;12;-1;-1;3827;3842;3839;684;684;Auswirkung auf die Konsolidierungsbestrebungen;Risiko;281;E-CMZ Klinikum Klagenfurt;84;classic;PU001;3827;1785;classic;20.03.2025;1;1106;;10.03.2025;;1;KAB_GODECP;1;;
19353705;201;4;4;64;16;-1;-1;3828;3826;3831;685;685;Politisch bedeutender Projektinhalt;Risiko;281;E-CMZ Klinikum Klagenfurt;92;classic;PU009;3828;1785;classic;20.03.2025;1;1106;;10.03.2025;;1;KAB_GODECP;1;;
19353771;9;4;3;48;12;-1;-1;3829;3838;3824;686;686;Widerstand und Einfluss von außen (interne Organisationseinheiten, Anrainer …);Risiko;281;E-CMZ Klinikum Klagenfurt;98;classic;PU015;3829;1785;classic;20.03.2025;1;1106;;10.03.2025;;1;KAB_GODECP;1;;
19353661;12;4;2;32;8;-1;-1;3830;3833;3832;687;687;keine Kompatibilität der Projektziele mit dem Versorgungsauftrag  (z. B. Betriebsziele, politische Ziele, Umsetzung ÖSG-RSG usw.);Risiko;281;E-CMZ Klinikum Klagenfurt;88;classic;PU005;3830;1785;classic;20.03.2025;1;1106;;10.03.2025;;1;KAB_GODECP;1;;
19353716;9;4;3;48;12;-1;-1;3831;3828;3825;688;688;Projektfortschritt bzw. -laufzeiten können nicht eingehalten werden;Risiko;281;E-CMZ Klinikum Klagenfurt;93;classic;PU010;3831;1785;classic;20.03.2025;1;1106;;10.03.2025;;1;KAB_GODECP;1;;
19353672;239;3;3;36;9;-1;-1;3832;3830;3835;689;689;keine Synchronisierung mit dem Masterplan 2030;Risiko;281;E-CMZ Klinikum Klagenfurt;89;classic;PU006;3832;1785;classic;20.03.2025;1;1106;;10.03.2025;;1;KAB_GODECP;1;;
19353650;14;4;3;48;12;-1;-1;3833;3836;3830;690;690;keine Genehmigung ausreichender finanzieller Mittel;Risiko;281;E-CMZ Klinikum Klagenfurt;87;classic;PU004;3833;1785;classic;20.03.2025;1;1106;;10.03.2025;;1;KAB_GODECP;1;;
19353738;5;4;3;48;12;-1;-1;3834;3825;3837;691;691;Terminkollisionen;Risiko;281;E-CMZ Klinikum Klagenfurt;95;classic;PU012;3834;1785;classic;20.03.2025;1;1106;;10.03.2025;;1;KAB_GODECP;1;;
19352913;13;4;1;16;4;-1;-1;3890;3922;3895;692;692;Bestehende Bausubstanz schwierig oder nicht bekannt;Risiko;281;E-CMZ Klinikum Klagenfurt;20;classic;ÖU001;3890;1785;classic;20.03.2025;1;1106;;10.03.2025;;1;KAB_GODECP;1;;
19353001;6;4;3;48;12;-1;-1;3891;3901;3892;693;693;Umwelteinflüsse können Projekt behindern oder beeinflussen;Risiko;281;E-CMZ Klinikum Klagenfurt;28;classic;ÖU009;3891;1785;classic;20.03.2025;1;1106;;10.03.2025;;1;KAB_GODECP;1;;
19353012;6;3;3;36;9;-1;-1;3892;3891;3903;694;694;Umweltverträglichkeitsprüfungen;Risiko;281;E-CMZ Klinikum Klagenfurt;29;classic;ÖU010;3892;1785;classic;20.03.2025;1;1106;;10.03.2025;;1;KAB_GODECP;1;;
19269949;7;4;5;80;20;-1;-1;3889;3867;3877;766;766;Kostenüberschreitung möglich;Risiko;281;E-CMZ Klinikum Klagenfurt;46;classic;PA013;3889;1789;classic;24.03.2025;1;331;;10.03.2025;;2;OBEREDERF;1;;
19269947;16;3;3;36;9;-1;-1;3867;3868;3889;767;767;Kostenerfassung schwierig (Schätzung des Folgeprojektes);Risiko;281;E-CMZ Klinikum Klagenfurt;45;classic;PA012;3867;1789;classic;24.03.2025;1;331;;10.03.2025;;2;OBEREDERF;1;;
19269945;7;3;2;24;6;-1;-1;3868;3871;3867;768;768;Kommunikationsfehler mit Auftragnehmer (keine Planer);Risiko;281;E-CMZ Klinikum Klagenfurt;44;classic;PA011;3868;1789;classic;24.03.2025;1;331;;10.03.2025;;2;OBEREDERF;1;;
19269961;13;3;2;24;6;-1;-1;3869;3876;3880;769;769;Ressourcenverfügbarkeit bei Auftragnehmer (keine Planer) nicht vorhanden;Risiko;281;E-CMZ Klinikum Klagenfurt;52;classic;PA019;3869;1789;classic;24.03.2025;1;331;;10.03.2025;;2;OBEREDERF;1;;
19269941;7;2;2;16;4;-1;-1;3870;3883;3871;770;770;Keine Motivation der Auftragnehmer vorhanden;Risiko;281;E-CMZ Klinikum Klagenfurt;42;classic;PA009;3870;1789;classic;24.03.2025;1;331;;10.03.2025;;2;OBEREDERF;1;;
19269943;15;3;2;24;6;-1;-1;3871;3870;3868;771;771;Know-How-Träger (extern) nicht verfügbar;Risiko;281;E-CMZ Klinikum Klagenfurt;43;classic;PA010;3871;1789;classic;24.03.2025;1;331;;10.03.2025;;2;OBEREDERF;1;;
19269957;8;4;2;32;8;-1;-1;3872;3887;3876;772;772;Planung ungenau oder nicht vollständig;Risiko;281;E-CMZ Klinikum Klagenfurt;50;classic;PA017;3872;1789;classic;24.03.2025;1;331;;10.03.2025;;2;OBEREDERF;1;;
19269925;18;4;5;80;20;-1;-1;3873;3899;3884;773;773;Ausschreibung fehlerhaft;Risiko;281;E-CMZ Klinikum Klagenfurt;34;classic;PA001;3873;1789;classic;24.03.2025;1;331;;10.03.2025;;2;OBEREDERF;1;;
19269931;11;3;4;48;12;-1;-1;3874;3865;3875;774;774;Einsprucherhebung bei der Ausschreibung;Risiko;281;E-CMZ Klinikum Klagenfurt;37;classic;PA004;3874;1789;classic;24.03.2025;1;331;;10.03.2025;;2;OBEREDERF;1;;
19269933;8;3;4;48;12;-1;-1;3875;3874;3888;775;775;Einsprucherhebung im Behördenverfahren uvm.;Risiko;281;E-CMZ Klinikum Klagenfurt;38;classic;PA005;3875;1789;classic;24.03.2025;1;331;;10.03.2025;;2;OBEREDERF;1;;
19269959;6;2;2;16;4;-1;-1;3876;3872;3869;776;776;Projektdokumentation nicht vollständig bzw. nicht vorhanden;Risiko;281;E-CMZ Klinikum Klagenfurt;51;classic;PA018;3876;1789;classic;24.03.2025;1;331;;10.03.2025;;2;OBEREDERF;1;;
19269951;8;3;5;60;15;-1;-1;3877;3889;3886;777;777;Lange Projektdauer;Risiko;281;E-CMZ Klinikum Klagenfurt;47;classic;PA014;3877;1789;classic;24.03.2025;1;331;;10.03.2025;;2;OBEREDERF;1;;
19269973;7;3;2;24;6;-1;-1;3878;3881;3848;778;778;zu kurze Projektvorbereitung;Risiko;281;E-CMZ Klinikum Klagenfurt;58;classic;PA025;3878;1789;classic;24.03.2025;1;331;;10.03.2025;;2;OBEREDERF;1;;
19269965;9;3;4;48;12;-1;-1;3879;3880;3866;779;779;Schleppende, eventuell kostenerhöhende Planung durch laufende Nutzeränderungsbedarfe;Risiko;281;E-CMZ Klinikum Klagenfurt;54;classic;PA021;3879;1789;classic;24.03.2025;1;331;;10.03.2025;;2;OBEREDERF;1;;
19269963;11;3;4;48;12;-1;-1;3880;3869;3879;780;780;Schleppende, eventuell kostenerhöhende Planung durch laufende Änderungen der Betreiber;Risiko;281;E-CMZ Klinikum Klagenfurt;53;classic;PA020;3880;1789;classic;24.03.2025;1;331;;10.03.2025;;2;OBEREDERF;1;;
19269971;8;4;2;32;8;-1;-1;3881;3882;3878;781;781;Vorgegebene Projektpläne sind nicht abgestimmt und unrealistisch;Risiko;281;E-CMZ Klinikum Klagenfurt;57;classic;PA024;3881;1789;classic;24.03.2025;1;331;;10.03.2025;;2;OBEREDERF;1;;
19269969;23;3;2;24;6;-1;-1;3882;3866;3881;782;782;Vorgegebene Laufzeiten und Fristen sind nicht berücksichtigt (Beschlussfassung Aufsichtsrat, Einreichung Landesrechnungshof, Ausschreibungsverfahren uvm.);Risiko;281;E-CMZ Klinikum Klagenfurt;56;classic;PA023;3882;1789;classic;24.03.2025;1;331;;10.03.2025;;2;OBEREDERF;1;;
19269939;18;2;2;16;4;-1;-1;3883;3885;3870;783;783;Keine Berücksichtigung innerhalb der Planung des Projektes von Dienstplänen, Urlaubszeiten oder Zeiten mit arbeitsintensiven Tätigkeiten (z.B. Jahresabschluss uvm.);Risiko;281;E-CMZ Klinikum Klagenfurt;41;classic;PA008;3883;1789;classic;24.03.2025;1;331;;10.03.2025;;2;OBEREDERF;1;;
19269927;18;3;2;24;6;-1;-1;3884;3873;3865;784;784;die Informationsweitergabe von Hygienevorgaben an die Mitarbeiter des AN ist mangelhaft;Risiko;281;E-CMZ Klinikum Klagenfurt;35;classic;PA002;3884;1789;classic;24.03.2025;1;331;;10.03.2025;;2;OBEREDERF;1;;
19269953;26;4;2;32;8;-1;-1;3886;3877;3887;786;786;mikrobiologische Verkeimung der bestehenden Wasserleitungen;Risiko;281;E-CMZ Klinikum Klagenfurt;48;classic;PA015;3886;1789;classic;24.03.2025;1;331;;10.03.2025;;2;OBEREDERF;1;;
19269955;9;4;2;32;8;-1;-1;3887;3886;3872;787;787;nicht erkannte Hygieneprobleme;Risiko;281;E-CMZ Klinikum Klagenfurt;49;classic;PA016;3887;1789;classic;24.03.2025;1;331;;10.03.2025;;2;OBEREDERF;1;;
19269935;10;3;2;24;6;-1;-1;3888;3875;3885;788;788;es besteht kein effizientes Änderungsmanagement;Risiko;281;E-CMZ Klinikum Klagenfurt;39;classic;PA006;3888;1789;classic;24.03.2025;1;331;;10.03.2025;;2;OBEREDERF;1;;
19269967;23;3;5;60;15;-1;-1;3866;3879;3882;789;789;verzögerte Freigabe von Planungsschritten und Genehmigungschritten (PA1);Risiko;281;E-CMZ Klinikum Klagenfurt;55;classic;PA022;3866;1789;classic;24.03.2025;1;331;;10.03.2025;;2;OBEREDERF;1;;
19269981;9;3;2;24;6;-1;-1;3849;3850;3857;790;790;Folgekostenermittlung nicht transparent;Risiko;281;E-CMZ Klinikum Klagenfurt;62;classic;PF004;3849;1789;classic;24.03.2025;1;331;;10.03.2025;;2;OBEREDERF;1;;
19269979;16;3;4;48;12;-1;-1;3850;3864;3849;791;791;Betriebsorganisationskonzept nicht gelöst;Risiko;281;E-CMZ Klinikum Klagenfurt;61;classic;PF003;3850;1789;classic;24.03.2025;1;331;;10.03.2025;;2;OBEREDERF;1;;
19270005;18;3;3;36;9;-1;-1;3851;3852;3858;792;792;Unerfüllbare Erwartungshaltung an Auftragnehmer;Risiko;281;E-CMZ Klinikum Klagenfurt;74;classic;PF016;3851;1789;classic;24.03.2025;1;331;;10.03.2025;;2;OBEREDERF;1;;
19270003;18;3;3;36;9;-1;-1;3852;3856;3851;793;793;Schulungs- und Einführungsaufwand groß (vor der Inbetriebnahme);Risiko;281;E-CMZ Klinikum Klagenfurt;73;classic;PF015;3852;1789;classic;24.03.2025;1;331;;10.03.2025;;2;OBEREDERF;1;;
19269997;15;2;4;32;8;-1;-1;3853;3862;3854;794;794;Organisatorische Veränderungen einschneidend;Risiko;281;E-CMZ Klinikum Klagenfurt;70;classic;PF012;3853;1789;classic;24.03.2025;1;331;;10.03.2025;;2;OBEREDERF;1;;
19269999;7;2;4;32;8;-1;-1;3854;3853;3856;795;795;Personelle Veränderungen groß;Risiko;281;E-CMZ Klinikum Klagenfurt;71;classic;PF013;3854;1789;classic;24.03.2025;1;331;;10.03.2025;;2;OBEREDERF;1;;
19314768;9;4;1;16;4;-1;-1;3760;3763;3759;835;835;Baugrund - Bodenerkundung / Gutachten - falsche/ungeeignete Wahl/Planung des Sicherungssystems (Baugrubensicherung, -umschließung), Auswirkungen auf Umgebung, Nachbarbauwerke,…;Risiko;281;E-CMZ Klinikum Klagenfurt;154;classic;TE002;3760;1791;classic;21.03.2025;1;1105;;10.03.2025;;2;KAB_JANKCHR;1;;
19314804;6;4;2;32;8;-1;-1;3761;3764;3751;836;836;Beweissicherungen - nicht ordnungsgemäße bzw. unvollständige Beweissicherung  - Grundwasser und Erschütterung für umliegende Gebäude, Beschädigung / Rückbau von Bestandsleitungen mit unbekannter Funktion: Betriebsunterbrechung;Risiko;281;E-CMZ Klinikum Klagenfurt;158;classic;TE006;3761;1791;classic;21.03.2025;1;1105;;10.03.2025;;2;KAB_JANKCHR;1;;
19314885;9;4;3;48;12;-1;-1;3762;3757;3750;837;837;Technischer und medizinischer Fortschritt - Weiterentwicklung der medizinischen festen Einrichtung;Risiko;281;E-CMZ Klinikum Klagenfurt;167;classic;TE015;3762;1791;classic;21.03.2025;1;1105;;10.03.2025;;2;KAB_JANKCHR;1;;
19314759;10;3;3;36;9;-1;-1;3763;3771;3760;838;838;Auswirkung an angrenzende Bereiche (befinden sich daneben, darüber, darunter);Risiko;281;E-CMZ Klinikum Klagenfurt;153;classic;TE001;3763;1791;classic;21.03.2025;1;1105;;10.03.2025;;2;KAB_JANKCHR;1;;
19314795;7;2;2;16;4;-1;-1;3764;3754;3761;839;839;Beschädigung bzw. Beeinträchtigung der Betriebsbereitschaft sensibler medizintechnischer Geräte (z. B. SPECT Kameras, Szintillationskristalle) Bestand und Siedlungsgut;Risiko;281;E-CMZ Klinikum Klagenfurt;157;classic;TE005;3764;1791;classic;21.03.2025;1;1105;;10.03.2025;;2;KAB_JANKCHR;1;;
19314840;3;4;2;32;8;-1;-1;3765;3758;3769;840;840;IT- und MT-Schnittstellenproblematiken zwischen den Einrichtungen werden nicht ausreichend berücksichtigt;Risiko;281;E-CMZ Klinikum Klagenfurt;162;classic;TE010;3765;1791;classic;21.03.2025;1;1105;;10.03.2025;;2;KAB_JANKCHR;1;;
19314750;66;4;3;48;12;-1;-1;3771;3790;3763;841;841;Pandemie - Beeinträchtigung der Projektbeteiligten;Risiko;281;E-CMZ Klinikum Klagenfurt;152;classic;SR001;3771;1791;classic;21.03.2025;1;1105;;10.03.2025;;2;KAB_JANKCHR;1;;
19314147;4;4;4;64;16;-1;-1;3839;3827;3836;842;842;Einhaltung sicherheits- und gesundheitspolitischer Auflagen und Einschränkungen (ÖSG-RSG);Chance;281;E-CMZ Klinikum Klagenfurt;85;classic;PU002;3839;1791;classic;21.03.2025;1;1105;;10.03.2025;;2;KAB_JANKCHR;1;;
19314255;4;4;5;80;20;-1;-1;3838;3837;3829;843;843;Verbesserung der Positionierung am Arbeitsmarkt;Chance;281;E-CMZ Klinikum Klagenfurt;97;classic;PU014;3838;1791;classic;21.03.2025;1;1105;;10.03.2025;;2;KAB_JANKCHR;1;;
19314246;3;5;5;100;25;-1;-1;3837;3834;3838;844;844;Verbesserung der interdiszipilinären Zusammenarbeit;Chance;281;E-CMZ Klinikum Klagenfurt;96;classic;PU013;3837;1791;classic;21.03.2025;1;1105;;10.03.2025;;2;KAB_JANKCHR;1;;
19314156;4;4;4;64;16;-1;-1;3836;3839;3833;845;845;Integration der Pädaudiometrie in die HNO bzw. Kopfzentrum;Chance;281;E-CMZ Klinikum Klagenfurt;86;classic;PU003;3836;1791;classic;21.03.2025;1;1105;;10.03.2025;;2;KAB_JANKCHR;1;;
19314201;4;5;5;100;25;-1;-1;3826;3835;3828;846;846;Neubau;Chance;281;E-CMZ Klinikum Klagenfurt;91;classic;PU008;3826;1791;classic;21.03.2025;1;1105;;10.03.2025;;2;KAB_JANKCHR;1;;
19313589;12;5;5;100;25;-1;-1;3902;3896;3897;847;847;Integration ressourcenschonender Energienutzungsmodelle in die Projektplanung (Alternativenergie, Passivhausstandard, Kühlung/Energiespeicherung durch Grundwasser, Photovoltaik (z. B. in Fassade integrieren oder am Dach), Erdwärme, Sonnenschutz - starke Lamellen, Fassadenfarbe, Niedertemparatur Heiz-Kühlsystem (Baukernaktivierung,  usw.);Chance;281;E-CMZ Klinikum Klagenfurt;23;classic;ÖU004;3902;1791;classic;17.03.2025;1;1105;;10.03.2025;;2;KAB_JANKCHR;1;;
19313580;10;5;4;80;20;-1;-1;3896;3895;3902;848;848;Förderungen lukrieren;Chance;281;E-CMZ Klinikum Klagenfurt;22;classic;ÖU003;3896;1791;classic;17.03.2025;1;1105;;10.03.2025;;2;KAB_JANKCHR;1;;
19313481;16;4;4;64;16;-1;-1;3921;3907;3905;849;849;Nutzer sind ausreichend über das Projekt Betreffende informiert;Chance;281;E-CMZ Klinikum Klagenfurt;11;classic;BB011;3921;1791;classic;17.03.2025;1;1105;;10.03.2025;;2;KAB_JANKCHR;1;;
19313490;8;4;4;64;16;-1;-1;3905;3921;3908;850;850;Nutzung der Erfahrung der Beteiligten aus den Fachbereichen, Fachbereichsmitarbeiter:innen zu Beteiligten machen und einbeziehen;Chance;281;E-CMZ Klinikum Klagenfurt;12;classic;BB012;3905;1791;classic;17.03.2025;1;1105;;10.03.2025;;2;KAB_JANKCHR;1;;
19313958;24;4;4;64;16;-1;-1;3863;3857;3855;851;851;Harmonisierung unterschiedlicher Standards und Umsetzungsgrade in prozessübergreifenden Managementsystemen (z. B.  Qualitäts- und Risikomanagement, ISMS, Compliance) und anderen Systemen;Chance;281;E-CMZ Klinikum Klagenfurt;64;classic;PF006;3863;1791;classic;21.03.2025;1;1105;;10.03.2025;;2;KAB_JANKCHR;1;;
19313922;8;2;3;24;6;-1;-1;3864;3848;3850;852;852;Baufeldfreimachung für zukünftige Projekte;Chance;281;E-CMZ Klinikum Klagenfurt;60;classic;PF002;3864;1791;classic;21.03.2025;1;1105;;10.03.2025;;2;KAB_JANKCHR;1;;
19313913;4;5;5;100;25;-1;-1;3848;3878;3864;853;853;Adaptierung/Modernisierung der räumlichen Strukturen an die Anforderungen des Versorgungsauftrags sowie an die Anforderungen der betroffenen Primär- und Sekundärversorgungsbereiche;Chance;281;E-CMZ Klinikum Klagenfurt;59;classic;PF001;3848;1791;classic;21.03.2025;1;1105;;10.03.2025;;2;KAB_JANKCHR;1;;
19314696;7;3;5;60;15;-1;-1;3794;3782;3781;856;856;Schwerlasten (Logistik, Wasseraufbereitung …) werden im Keller situiert;Chance;281;E-CMZ Klinikum Klagenfurt;146;classic;SI021;3794;1791;classic;21.03.2025;1;1105;;10.03.2025;;2;KAB_JANKCHR;1;;
19314660;6;4;4;64;16;-1;-1;3795;3780;3773;857;857;Patienten mit Infektion werden separiert geführt (Liftausgang …);Chance;281;E-CMZ Klinikum Klagenfurt;142;classic;SI017;3795;1791;classic;21.03.2025;1;1105;;10.03.2025;;2;KAB_JANKCHR;1;;
19314714;4;5;5;100;25;-1;-1;3772;3781;3796;858;858;Steigerung der Sicherheit von Patient:innen, Mitarbeiter:innen und Dritter;Chance;281;E-CMZ Klinikum Klagenfurt;148;classic;SI023;3772;1791;classic;21.03.2025;1;1105;;10.03.2025;;2;KAB_JANKCHR;1;;
19314912;6;4;4;64;16;-1;-1;3766;3753;3770;859;859;Verbesserung der technischen Betriebssicherheit;Chance;281;E-CMZ Klinikum Klagenfurt;170;classic;TE018;3766;1791;classic;21.03.2025;1;1105;;10.03.2025;;2;KAB_JANKCHR;1;;
19272999;5;2;2;16;4;-1;-1;3878;3881;3848;778;778;zu kurze Projektvorbereitung;Risiko;281;E-CMZ Klinikum Klagenfurt;58;classic;PA025;3878;1781;classic;13.03.2025;1;1101;;10.03.2025;;1;KREUZH;1;;
19272983;20;3;3;36;9;-1;-1;3879;3880;3866;779;779;Schleppende, eventuell kostenerhöhende Planung durch laufende Nutzeränderungsbedarfe;Risiko;281;E-CMZ Klinikum Klagenfurt;54;classic;PA021;3879;1781;classic;13.03.2025;1;1101;;10.03.2025;;1;KREUZH;1;;
19272979;25;3;3;36;9;-1;-1;3880;3869;3879;780;780;Schleppende, eventuell kostenerhöhende Planung durch laufende Änderungen der Betreiber;Risiko;281;E-CMZ Klinikum Klagenfurt;53;classic;PA020;3880;1781;classic;13.03.2025;1;1101;;10.03.2025;;1;KREUZH;1;;
19272995;6;2;2;16;4;-1;-1;3881;3882;3878;781;781;Vorgegebene Projektpläne sind nicht abgestimmt und unrealistisch;Risiko;281;E-CMZ Klinikum Klagenfurt;57;classic;PA024;3881;1781;classic;13.03.2025;1;1101;;10.03.2025;;1;KREUZH;1;;
19272991;24;2;2;16;4;-1;-1;3882;3866;3881;782;782;Vorgegebene Laufzeiten und Fristen sind nicht berücksichtigt (Beschlussfassung Aufsichtsrat, Einreichung Landesrechnungshof, Ausschreibungsverfahren uvm.);Risiko;281;E-CMZ Klinikum Klagenfurt;56;classic;PA023;3882;1781;classic;13.03.2025;1;1101;;10.03.2025;;1;KREUZH;1;;
19272931;10;2;2;16;4;-1;-1;3883;3885;3870;783;783;Keine Berücksichtigung innerhalb der Planung des Projektes von Dienstplänen, Urlaubszeiten oder Zeiten mit arbeitsintensiven Tätigkeiten (z.B. Jahresabschluss uvm.);Risiko;281;E-CMZ Klinikum Klagenfurt;41;classic;PA008;3883;1781;classic;13.03.2025;1;1101;;10.03.2025;;1;KREUZH;1;;
19272907;51;2;3;24;6;-1;-1;3884;3873;3865;784;784;die Informationsweitergabe von Hygienevorgaben an die Mitarbeiter des AN ist mangelhaft;Risiko;281;E-CMZ Klinikum Klagenfurt;35;classic;PA002;3884;1781;classic;13.03.2025;1;1101;;10.03.2025;;1;KREUZH;1;;
19272927;16;2;2;16;4;-1;-1;3885;3888;3883;785;785;gemeinsame Nutzung der Sanitär-Anlagen und die daraus resultierende Verunreinigung;Risiko;281;E-CMZ Klinikum Klagenfurt;40;classic;PA007;3885;1781;classic;13.03.2025;1;1101;;10.03.2025;;1;KREUZH;1;;
19272959;9;2;3;24;6;-1;-1;3886;3877;3887;786;786;mikrobiologische Verkeimung der bestehenden Wasserleitungen;Risiko;281;E-CMZ Klinikum Klagenfurt;48;classic;PA015;3886;1781;classic;13.03.2025;1;1101;;10.03.2025;;1;KREUZH;1;;
19272963;4;2;3;24;6;-1;-1;3887;3886;3872;787;787;nicht erkannte Hygieneprobleme;Risiko;281;E-CMZ Klinikum Klagenfurt;49;classic;PA016;3887;1781;classic;13.03.2025;1;1101;;10.03.2025;;1;KREUZH;1;;
19272923;12;2;3;24;6;-1;-1;3888;3875;3885;788;788;es besteht kein effizientes Änderungsmanagement;Risiko;281;E-CMZ Klinikum Klagenfurt;39;classic;PA006;3888;1781;classic;13.03.2025;1;1101;;10.03.2025;;1;KREUZH;1;;
19272987;14;2;3;24;6;-1;-1;3866;3879;3882;789;789;verzögerte Freigabe von Planungsschritten und Genehmigungschritten (PA1);Risiko;281;E-CMZ Klinikum Klagenfurt;55;classic;PA022;3866;1781;classic;13.03.2025;1;1101;;10.03.2025;;1;KREUZH;1;;
19273015;16;2;2;16;4;-1;-1;3849;3850;3857;790;790;Folgekostenermittlung nicht transparent;Risiko;281;E-CMZ Klinikum Klagenfurt;62;classic;PF004;3849;1781;classic;13.03.2025;1;1101;;10.03.2025;;1;KREUZH;1;;
19273011;11;2;3;24;6;-1;-1;3850;3864;3849;791;791;Betriebsorganisationskonzept nicht gelöst;Risiko;281;E-CMZ Klinikum Klagenfurt;61;classic;PF003;3850;1781;classic;13.03.2025;1;1101;;10.03.2025;;1;KREUZH;1;;
19273063;7;2;3;24;6;-1;-1;3851;3852;3858;792;792;Unerfüllbare Erwartungshaltung an Auftragnehmer;Risiko;281;E-CMZ Klinikum Klagenfurt;74;classic;PF016;3851;1781;classic;13.03.2025;1;1101;;10.03.2025;;1;KREUZH;1;;
19273059;13;3;4;48;12;-1;-1;3852;3856;3851;793;793;Schulungs- und Einführungsaufwand groß (vor der Inbetriebnahme);Risiko;281;E-CMZ Klinikum Klagenfurt;73;classic;PF015;3852;1781;classic;13.03.2025;1;1101;;10.03.2025;;1;KREUZH;1;;
19273047;31;2;3;24;6;-1;-1;3853;3862;3854;794;794;Organisatorische Veränderungen einschneidend;Risiko;281;E-CMZ Klinikum Klagenfurt;70;classic;PF012;3853;1781;classic;13.03.2025;1;1101;;10.03.2025;;1;KREUZH;1;;
19273051;9;2;3;24;6;-1;-1;3854;3853;3856;795;795;Personelle Veränderungen groß;Risiko;281;E-CMZ Klinikum Klagenfurt;71;classic;PF013;3854;1781;classic;13.03.2025;1;1101;;10.03.2025;;1;KREUZH;1;;
19273027;8;2;3;24;6;-1;-1;3855;3863;3861;796;796;Imageschaden durch Qualitätsverlust;Risiko;281;E-CMZ Klinikum Klagenfurt;65;classic;PF007;3855;1781;classic;13.03.2025;1;1101;;10.03.2025;;1;KREUZH;1;;
19273055;9;2;2;16;4;-1;-1;3856;3854;3852;797;797;Raumplanung nicht am Betriebsbedarf ausgerichtet;Risiko;281;E-CMZ Klinikum Klagenfurt;72;classic;PF014;3856;1781;classic;13.03.2025;1;1101;;10.03.2025;;1;KREUZH;1;;
19273019;9;2;3;24;6;-1;-1;3857;3849;3863;798;798;Gefährdung bestehender Zertifizierungen (ISO, Onko-Zentrum, UEMS, EMAS);Risiko;281;E-CMZ Klinikum Klagenfurt;63;classic;PF005;3857;1781;classic;13.03.2025;1;1101;;10.03.2025;;1;KREUZH;1;;
19273067;15;2;2;16;4;-1;-1;3858;3851;3841;799;799;zusätzlicher Betrieb leer stehender Gebäude;Risiko;281;E-CMZ Klinikum Klagenfurt;75;classic;PF017;3858;1781;classic;13.03.2025;1;1101;;10.03.2025;;1;KREUZH;1;;
19273039;13;2;2;16;4;-1;-1;3859;3860;3862;800;800;keine Berücksichtung der Veränderung der medizinischen Standards von der Planung bis zur Fertigstellung (ca. 6 Jahre);Risiko;281;E-CMZ Klinikum Klagenfurt;68;classic;PF010;3859;1781;classic;13.03.2025;1;1101;;10.03.2025;;1;KREUZH;1;;
19273035;12;2;3;24;6;-1;-1;3860;3861;3859;801;801;keine ausreichende Berücksichtigung von Kapazitäten, Zeit, Kosten in der Planung der Übersiedelung;Risiko;281;E-CMZ Klinikum Klagenfurt;67;classic;PF009;3860;1781;classic;13.03.2025;1;1101;;10.03.2025;;1;KREUZH;1;;
19273031;11;2;2;16;4;-1;-1;3861;3855;3860;802;802;keine ausreichende Berücksichtigung der Schnittstellen zwischen Projekt und laufendem Betrieb (technisch);Risiko;281;E-CMZ Klinikum Klagenfurt;66;classic;PF008;3861;1781;classic;13.03.2025;1;1101;;10.03.2025;;1;KREUZH;1;;
19273043;21;3;4;48;12;-1;-1;3862;3859;3853;803;803;Neu-Bewilligungen werden notwendig;Risiko;281;E-CMZ Klinikum Klagenfurt;69;classic;PF011;3862;1781;classic;13.03.2025;1;1101;;10.03.2025;;1;KREUZH;1;;
19273363;8;4;3;48;12;-1;-1;3796;3772;3783;804;804;Unbefugte Personen im Baustellenbereich;Risiko;281;E-CMZ Klinikum Klagenfurt;149;classic;SI024;3796;1781;classic;13.03.2025;1;1101;;10.03.2025;;1;KREUZH;1;;
19273303;17;4;2;32;8;-1;-1;3797;3793;3785;805;805;Fehlender Check gegen interne Policies (Projektphasen …);Risiko;281;E-CMZ Klinikum Klagenfurt;134;classic;SI009;3797;1781;classic;13.03.2025;1;1101;;10.03.2025;;1;KREUZH;1;;
19273339;29;3;3;36;9;-1;-1;3773;3795;3784;806;806;Projektumfeld risikoreich (Projektphasen …);Risiko;281;E-CMZ Klinikum Klagenfurt;143;classic;SI018;3773;1781;classic;13.03.2025;1;1101;;10.03.2025;;1;KREUZH;1;;
19273291;12;4;2;32;8;-1;-1;3774;3779;3792;807;807;Erhöhte Gefährdung von Personen und Anlagen (Projektphasen …);Risiko;281;E-CMZ Klinikum Klagenfurt;131;classic;SI006;3774;1781;classic;13.03.2025;1;1101;;10.03.2025;;1;KREUZH;1;;
19352979;5;4;3;48;12;-1;-1;3893;3894;3901;695;695;Projekt hat Auswirkungen auf Umwelt (Emissionen);Risiko;281;E-CMZ Klinikum Klagenfurt;26;classic;ÖU007;3893;1785;classic;20.03.2025;1;1106;;10.03.2025;;1;KAB_GODECP;1;;
19352968;11;4;4;64;16;-1;-1;3894;3897;3893;696;696;Lärm- und Staubbelästigung während der Bauphase der Patient:innen und Mitarbeiter:innen in den umliegenden Gebäude(-teile) ==> Nähe Notfallaufnahme ==> zentraler Verkehrsknotenpunkt;Risiko;281;E-CMZ Klinikum Klagenfurt;25;classic;ÖU006;3894;1785;classic;20.03.2025;1;1106;;10.03.2025;;1;KAB_GODECP;1;;
19352924;6;4;3;48;12;-1;-1;3895;3890;3896;697;697;Erschütterungen während der Bauphase;Risiko;281;E-CMZ Klinikum Klagenfurt;21;classic;ÖU002;3895;1785;classic;20.03.2025;1;1106;;10.03.2025;;1;KAB_GODECP;1;;
19353023;17;3;3;36;9;-1;-1;3903;3892;3900;698;698;unbekannte Einbauten im Boden;Risiko;281;E-CMZ Klinikum Klagenfurt;30;classic;ÖU011;3903;1785;classic;20.03.2025;1;1106;;10.03.2025;;1;KAB_GODECP;1;;
19352957;9;4;3;48;12;-1;-1;3897;3902;3894;699;699;keine Kenntnis über das Ausmaß des kontaminierten Abbruchmaterials (Asbest, gefährliche Stoffe) und kontaminierte Einbauten im Baugrund;Risiko;281;E-CMZ Klinikum Klagenfurt;24;classic;ÖU005;3897;1785;classic;20.03.2025;1;1106;;10.03.2025;;1;KAB_GODECP;1;;
19353045;7;4;3;48;12;-1;-1;3898;3900;3899;700;700;Verunreinigung angrenzender Gebäude;Risiko;281;E-CMZ Klinikum Klagenfurt;32;classic;ÖU013;3898;1785;classic;20.03.2025;1;1106;;10.03.2025;;1;KAB_GODECP;1;;
19353056;20;1;2;8;2;-1;-1;3899;3898;3873;701;701;Verunreinigung des Grundwasser;Risiko;281;E-CMZ Klinikum Klagenfurt;33;classic;ÖU014;3899;1785;classic;20.03.2025;1;1106;;10.03.2025;;1;KAB_GODECP;1;;
19353034;9;4;4;64;16;-1;-1;3900;3903;3898;702;702;unkontrollierter Wassereintritt;Risiko;281;E-CMZ Klinikum Klagenfurt;31;classic;ÖU012;3900;1785;classic;20.03.2025;1;1106;;10.03.2025;;1;KAB_GODECP;1;;
19352990;9;3;3;36;9;-1;-1;3901;3893;3891;703;703;Umsetzen/Einhalten Klima-Aktiv-Gold Standard;Risiko;281;E-CMZ Klinikum Klagenfurt;27;classic;ÖU008;3901;1785;classic;20.03.2025;1;1106;;10.03.2025;;1;KAB_GODECP;1;;
19354057;8;4;4;64;16;-1;-1;3798;3806;3805;704;704;Verzögerungen in diversen Vergabeverfahren (Einsprüche) vor allem bei Schlüsselgewerken;Risiko;281;E-CMZ Klinikum Klagenfurt;124;classic;RA010;3798;1785;classic;20.03.2025;1;1106;;10.03.2025;;1;KAB_GODECP;1;;
19353991;7;4;4;64;16;-1;-1;3799;3801;3800;705;705;Einlangen einer Klage;Risiko;281;E-CMZ Klinikum Klagenfurt;118;classic;RA004;3799;1785;classic;20.03.2025;1;1106;;10.03.2025;;1;KAB_GODECP;1;;
19354002;30;4;2;32;8;-1;-1;3800;3799;3804;706;706;Errichtungsbewilligung kann nicht erteilt werden;Risiko;281;E-CMZ Klinikum Klagenfurt;119;classic;RA005;3800;1785;classic;20.03.2025;1;1106;;10.03.2025;;1;KAB_GODECP;1;;
19353980;7;5;1;20;5;-1;-1;3801;3808;3799;707;707;Betriebsbewilligung kann nicht erteilt werden;Risiko;281;E-CMZ Klinikum Klagenfurt;117;classic;RA003;3801;1785;classic;20.03.2025;1;1106;;10.03.2025;;1;KAB_GODECP;1;;
19353958;9;4;2;32;8;-1;-1;3802;3809;3808;708;708;Behördenauflagen sind nicht ausführbar (wurden davor nicht abgeklärt/erkundet/erfragt);Risiko;281;E-CMZ Klinikum Klagenfurt;115;classic;RA001;3802;1785;classic;20.03.2025;1;1106;;10.03.2025;;1;KAB_GODECP;1;;
19353969;6;4;3;48;12;-1;-1;3808;3802;3801;709;709;Bescheidauflagen können unter Einhaltung des Kostenrahmens nicht umgesetzt werden;Risiko;281;E-CMZ Klinikum Klagenfurt;116;classic;RA002;3808;1785;classic;20.03.2025;1;1106;;10.03.2025;;1;KAB_GODECP;1;;
19354013;10;4;3;48;12;-1;-1;3804;3800;3807;710;710;Gesetzliche Vorgaben können nicht eingehalten werden (bestehende Ausnahmeregelung, Betriebsvereinbarung …);Risiko;281;E-CMZ Klinikum Klagenfurt;120;classic;RA006;3804;1785;classic;20.03.2025;1;1106;;10.03.2025;;1;KAB_GODECP;1;;
19354068;6;4;2;32;8;-1;-1;3805;3798;3778;711;711;Vorabklärung mit der Behörde nicht durchgeführt (z.B. Landesrechnungshof);Risiko;281;E-CMZ Klinikum Klagenfurt;125;classic;RA011;3805;1785;classic;20.03.2025;1;1106;;10.03.2025;;1;KAB_GODECP;1;;
19354046;7;4;3;48;12;-1;-1;3806;3803;3798;712;712;Notwendige gutachterliche/fachplanerische Stellungnahme nicht vorhanden;Risiko;281;E-CMZ Klinikum Klagenfurt;123;classic;RA009;3806;1785;classic;20.03.2025;1;1106;;10.03.2025;;1;KAB_GODECP;1;;
19354024;7;4;3;48;12;-1;-1;3807;3804;3803;713;713;keine Berücksichtigung etwaiger gesetzlicher Vorgaben des Strahlenschutz im Rahmen von Bautätigkeiten;Risiko;281;E-CMZ Klinikum Klagenfurt;121;classic;RA007;3807;1785;classic;20.03.2025;1;1106;;10.03.2025;;1;KAB_GODECP;1;;
19354035;8;4;3;48;12;-1;-1;3803;3807;3806;714;714;negative Stellungnahme durch den L-RH;Risiko;281;E-CMZ Klinikum Klagenfurt;122;classic;RA008;3803;1785;classic;20.03.2025;1;1106;;10.03.2025;;1;KAB_GODECP;1;;
19354695;3;4;4;64;16;-1;-1;3741;3746;0;715;715;Politische Entscheide;Risiko;281;E-CMZ Klinikum Klagenfurt;182;classic;UV009;3741;1785;classic;20.03.2025;1;1106;;10.03.2025;;1;KAB_GODECP;1;;
19354662;3;4;4;64;16;-1;-1;3742;3747;3749;716;716;Marktentwicklung;Risiko;281;E-CMZ Klinikum Klagenfurt;179;classic;UV006;3742;1785;classic;20.03.2025;1;1106;;10.03.2025;;1;KAB_GODECP;1;;
19354629;6;4;2;32;8;-1;-1;3743;3745;3748;717;717;Beschaffenheit des Baugrunds nicht ausreichend bekannt;Risiko;281;E-CMZ Klinikum Klagenfurt;176;classic;UV003;3743;1785;classic;20.03.2025;1;1106;;10.03.2025;;1;KAB_GODECP;1;;
19354673;3;4;4;64;16;-1;-1;3749;3742;3746;719;719;nicht einschätzbare Beschaffungsmarkt-  und -angebotspreisentwicklung;Risiko;281;E-CMZ Klinikum Klagenfurt;180;classic;UV007;3749;1785;classic;20.03.2025;1;1106;;10.03.2025;;1;KAB_GODECP;1;;
19354684;11;4;3;48;12;-1;-1;3746;3749;3741;720;720;nicht einschätzbare Verzögerungen, Unterbrechungen und Ausfälle von Lieferketten und Leistungen;Risiko;281;E-CMZ Klinikum Klagenfurt;181;classic;UV008;3746;1785;classic;20.03.2025;1;1106;;10.03.2025;;1;KAB_GODECP;1;;
19354651;11;4;4;64;16;-1;-1;3747;3748;3742;721;721;Konkurs von Auftragsnehmern;Risiko;281;E-CMZ Klinikum Klagenfurt;178;classic;UV005;3747;1785;classic;20.03.2025;1;1106;;10.03.2025;;1;KAB_GODECP;1;;
19354640;5;4;2;32;8;-1;-1;3748;3743;3747;722;722;fehlende Bieter im Vergabeverfahren (z. B. Planer und ausführende Gewerke);Risiko;281;E-CMZ Klinikum Klagenfurt;177;classic;UV004;3748;1785;classic;20.03.2025;1;1106;;10.03.2025;;1;KAB_GODECP;1;;
19354618;5;4;3;48;12;-1;-1;3745;3744;3743;723;723;Änderung/Reduktion der/des medizinischen Leistungsplanung/-spektrums/-angebotsplanung;Risiko;281;E-CMZ Klinikum Klagenfurt;175;classic;UV002;3745;1785;classic;20.03.2025;1;1106;;10.03.2025;;1;KAB_GODECP;1;;
19353947;10;3;2;24;6;-1;-1;3809;3815;3802;724;724;Projektziele zu wenig klar festgelegt oder nachträglich geändert;Risiko;281;E-CMZ Klinikum Klagenfurt;114;classic;PV016;3809;1785;classic;20.03.2025;1;1106;;10.03.2025;;1;KAB_GODECP;1;;
19269987;47;3;4;48;12;-1;-1;3855;3863;3861;796;796;Imageschaden durch Qualitätsverlust;Risiko;281;E-CMZ Klinikum Klagenfurt;65;classic;PF007;3855;1789;classic;24.03.2025;1;331;;10.03.2025;;2;OBEREDERF;1;;
19270001;40;3;4;48;12;-1;-1;3856;3854;3852;797;797;Raumplanung nicht am Betriebsbedarf ausgerichtet;Risiko;281;E-CMZ Klinikum Klagenfurt;72;classic;PF014;3856;1789;classic;24.03.2025;1;331;;10.03.2025;;2;OBEREDERF;1;;
19269983;74;4;2;32;8;-1;-1;3857;3849;3863;798;798;Gefährdung bestehender Zertifizierungen (ISO, Onko-Zentrum, UEMS, EMAS);Risiko;281;E-CMZ Klinikum Klagenfurt;63;classic;PF005;3857;1789;classic;24.03.2025;1;331;;10.03.2025;;2;OBEREDERF;1;;
19270007;47;2;4;32;8;-1;-1;3858;3851;3841;799;799;zusätzlicher Betrieb leer stehender Gebäude;Risiko;281;E-CMZ Klinikum Klagenfurt;75;classic;PF017;3858;1789;classic;24.03.2025;1;331;;10.03.2025;;2;OBEREDERF;1;;
19269993;23;3;5;60;15;-1;-1;3859;3860;3862;800;800;keine Berücksichtung der Veränderung der medizinischen Standards von der Planung bis zur Fertigstellung (ca. 6 Jahre);Risiko;281;E-CMZ Klinikum Klagenfurt;68;classic;PF010;3859;1789;classic;24.03.2025;1;331;;10.03.2025;;2;OBEREDERF;1;;
19269991;14;3;2;24;6;-1;-1;3860;3861;3859;801;801;keine ausreichende Berücksichtigung von Kapazitäten, Zeit, Kosten in der Planung der Übersiedelung;Risiko;281;E-CMZ Klinikum Klagenfurt;67;classic;PF009;3860;1789;classic;24.03.2025;1;331;;10.03.2025;;2;OBEREDERF;1;;
19269989;9;2;2;16;4;-1;-1;3861;3855;3860;802;802;keine ausreichende Berücksichtigung der Schnittstellen zwischen Projekt und laufendem Betrieb (technisch);Risiko;281;E-CMZ Klinikum Klagenfurt;66;classic;PF008;3861;1789;classic;24.03.2025;1;331;;10.03.2025;;2;OBEREDERF;1;;
19269995;10;3;3;36;9;-1;-1;3862;3859;3853;803;803;Neu-Bewilligungen werden notwendig;Risiko;281;E-CMZ Klinikum Klagenfurt;69;classic;PF011;3862;1789;classic;24.03.2025;1;331;;10.03.2025;;2;OBEREDERF;1;;
19270155;10;2;3;24;6;-1;-1;3796;3772;3783;804;804;Unbefugte Personen im Baustellenbereich;Risiko;281;E-CMZ Klinikum Klagenfurt;149;classic;SI024;3796;1789;classic;24.03.2025;1;331;;10.03.2025;;2;OBEREDERF;1;;
19270125;17;3;3;36;9;-1;-1;3797;3793;3785;805;805;Fehlender Check gegen interne Policies (Projektphasen …);Risiko;281;E-CMZ Klinikum Klagenfurt;134;classic;SI009;3797;1789;classic;24.03.2025;1;331;;10.03.2025;;2;OBEREDERF;1;;
19270143;8;3;4;48;12;-1;-1;3773;3795;3784;806;806;Projektumfeld risikoreich (Projektphasen …);Risiko;281;E-CMZ Klinikum Klagenfurt;143;classic;SI018;3773;1789;classic;24.03.2025;1;331;;10.03.2025;;2;OBEREDERF;1;;
19270119;14;2;2;16;4;-1;-1;3774;3779;3792;807;807;Erhöhte Gefährdung von Personen und Anlagen (Projektphasen …);Risiko;281;E-CMZ Klinikum Klagenfurt;131;classic;SI006;3774;1789;classic;24.03.2025;1;331;;10.03.2025;;2;OBEREDERF;1;;
19270137;638;4;2;32;8;-1;-1;3775;3788;3780;808;808;Mangelnder Brandschutz (Projektphasen …);Risiko;281;E-CMZ Klinikum Klagenfurt;140;classic;SI015;3775;1789;classic;24.03.2025;1;331;;10.03.2025;;2;OBEREDERF;1;;
19270129;8;3;4;48;12;-1;-1;3776;3785;3786;809;809;Heißarbeiten während der Bauphasen (Flämmarbeiten, Schweißarbeiten, Flexarbeiten usw.).;Risiko;281;E-CMZ Klinikum Klagenfurt;136;classic;SI011;3776;1789;classic;24.03.2025;1;331;;10.03.2025;;2;OBEREDERF;1;;
19270115;15;4;2;32;8;-1;-1;3777;3789;3779;810;810;Eingriff in den Bestand (Abschaltung von Brandmeldelinien ) keine Überwachung während der Abschaltungen;Risiko;281;E-CMZ Klinikum Klagenfurt;129;classic;SI004;3777;1789;classic;24.03.2025;1;331;;10.03.2025;;2;OBEREDERF;1;;
19270117;18;2;1;8;2;-1;-1;3779;3777;3774;812;812;Eingriff in die bestehenden Stiegenhäuser (Sperre des Fluchtweg / Notausgang);Risiko;281;E-CMZ Klinikum Klagenfurt;130;classic;SI005;3779;1789;classic;24.03.2025;1;331;;10.03.2025;;2;OBEREDERF;1;;
19270139;18;4;2;32;8;-1;-1;3780;3775;3795;813;813;Öffnung von diversen Brandabschottungen / Brandabschnitten / Rauchabschnitten im Bestand;Risiko;281;E-CMZ Klinikum Klagenfurt;141;classic;SI016;3780;1789;classic;24.03.2025;1;331;;10.03.2025;;2;OBEREDERF;1;;
19270151;51;3;3;36;9;-1;-1;3781;3794;3772;814;814;Sperre von Bereichen in der Tiefgarage (Technik für die BRV Anlage fehlt während der Bauphase);Risiko;281;E-CMZ Klinikum Klagenfurt;147;classic;SI022;3781;1789;classic;24.03.2025;1;331;;10.03.2025;;2;OBEREDERF;1;;
19270147;13;2;3;24;6;-1;-1;3782;3784;3794;815;815;Rauchen und offenes Licht im BAUFELD / BAUSTELLE;Risiko;281;E-CMZ Klinikum Klagenfurt;145;classic;SI020;3782;1789;classic;24.03.2025;1;331;;10.03.2025;;2;OBEREDERF;1;;
19270157;8;4;2;32;8;-1;-1;3783;3796;3790;816;816;Verstellte Fluchtwege;Risiko;281;E-CMZ Klinikum Klagenfurt;150;classic;SI025;3783;1789;classic;24.03.2025;1;331;;10.03.2025;;2;OBEREDERF;1;;
19270131;9;4;2;32;8;-1;-1;3786;3776;3791;819;819;keine ausreichende Baugrubenabsicherung zum angrenzenden Betrieb;Risiko;281;E-CMZ Klinikum Klagenfurt;137;classic;SI012;3786;1789;classic;24.03.2025;1;331;;10.03.2025;;2;OBEREDERF;1;;
19270111;17;5;3;60;15;-1;-1;3787;3778;3789;820;820;Ausfall kritischer Infrastruktur;Risiko;281;E-CMZ Klinikum Klagenfurt;127;classic;SI002;3787;1789;classic;24.03.2025;1;331;;10.03.2025;;2;OBEREDERF;1;;
19270135;67;3;4;48;12;-1;-1;3788;3791;3775;821;821;Kollektorgang nicht nutzbar;Risiko;281;E-CMZ Klinikum Klagenfurt;139;classic;SI014;3788;1789;classic;24.03.2025;1;331;;10.03.2025;;2;OBEREDERF;1;;
19270113;14;5;3;60;15;-1;-1;3789;3787;3777;822;822;Beeinträchtigung des Zugangs/Zufahrt der Notaufnahme;Risiko;281;E-CMZ Klinikum Klagenfurt;128;classic;SI003;3789;1789;classic;24.03.2025;1;331;;10.03.2025;;2;OBEREDERF;1;;
19270159;18;2;4;32;8;-1;-1;3790;3783;3771;823;823;Zeitgerechte Umsetzung/Überwachung vorhabensbezogener sicherheitstechnischer Vorgaben;Risiko;281;E-CMZ Klinikum Klagenfurt;151;classic;SI026;3790;1789;classic;24.03.2025;1;331;;10.03.2025;;2;OBEREDERF;1;;
19270133;14;4;1;16;4;-1;-1;3791;3786;3788;824;824;keine ausreichende Einbindung und Information der Sicherheitsbeauftragten über sicherheitsrelevante Faktoren;Risiko;281;E-CMZ Klinikum Klagenfurt;138;classic;SI013;3791;1789;classic;24.03.2025;1;331;;10.03.2025;;2;OBEREDERF;1;;
19314822;7;3;3;36;9;-1;-1;3768;3751;3758;861;861;Fernwärme/Kälteversorgung für zukünftige Versorgung berücksichtigen (Neuverlegung, Trassenführung);Chance;281;E-CMZ Klinikum Klagenfurt;160;classic;TE008;3768;1791;classic;21.03.2025;1;1105;;10.03.2025;;2;KAB_JANKCHR;1;;
19314849;13;3;3;36;9;-1;-1;3769;3765;3756;862;862;Kollektorgänge für zukünftige Erweiterungen vorbereitet (Onkozentrum);Chance;281;E-CMZ Klinikum Klagenfurt;163;classic;TE011;3769;1791;classic;21.03.2025;1;1105;;10.03.2025;;2;KAB_JANKCHR;1;;
19314813;18;4;4;64;16;-1;-1;3751;3761;3768;863;863;Business Continuity in Ableitung von der Unternehmensstrategie zu diesem Thema konzeptionell und in der Projektplanung vorsehen;Chance;281;E-CMZ Klinikum Klagenfurt;159;classic;TE007;3751;1791;classic;21.03.2025;1;1105;;10.03.2025;;2;KAB_JANKCHR;1;;
19273327;8;5;2;40;10;-1;-1;3775;3788;3780;808;808;Mangelnder Brandschutz (Projektphasen …);Risiko;281;E-CMZ Klinikum Klagenfurt;140;classic;SI015;3775;1781;classic;13.03.2025;1;1101;;10.03.2025;;1;KREUZH;1;;
19273311;9;3;3;36;9;-1;-1;3776;3785;3786;809;809;Heißarbeiten während der Bauphasen (Flämmarbeiten, Schweißarbeiten, Flexarbeiten usw.).;Risiko;281;E-CMZ Klinikum Klagenfurt;136;classic;SI011;3776;1781;classic;13.03.2025;1;1101;;10.03.2025;;1;KREUZH;1;;
19273283;8;4;2;32;8;-1;-1;3777;3789;3779;810;810;Eingriff in den Bestand (Abschaltung von Brandmeldelinien ) keine Überwachung während der Abschaltungen;Risiko;281;E-CMZ Klinikum Klagenfurt;129;classic;SI004;3777;1781;classic;13.03.2025;1;1101;;10.03.2025;;1;KREUZH;1;;
19273271;24;1;1;4;1;-1;-1;3778;3805;3787;811;811;Anbindung an den Bestand im 3.OG West (Abströmöffnungen der DBA Anlage müssen versetz werden), dadurch resultierend eine zeitliche Abschaltung der Anlage;Risiko;281;E-CMZ Klinikum Klagenfurt;126;classic;SI001;3778;1781;classic;13.03.2025;1;1101;;10.03.2025;;1;KREUZH;1;;
19273287;7;4;2;32;8;-1;-1;3779;3777;3774;812;812;Eingriff in die bestehenden Stiegenhäuser (Sperre des Fluchtweg / Notausgang);Risiko;281;E-CMZ Klinikum Klagenfurt;130;classic;SI005;3779;1781;classic;13.03.2025;1;1101;;10.03.2025;;1;KREUZH;1;;
19273331;15;4;3;48;12;-1;-1;3780;3775;3795;813;813;Öffnung von diversen Brandabschottungen / Brandabschnitten / Rauchabschnitten im Bestand;Risiko;281;E-CMZ Klinikum Klagenfurt;141;classic;SI016;3780;1781;classic;13.03.2025;1;1101;;10.03.2025;;1;KREUZH;1;;
19273355;8;4;3;48;12;-1;-1;3781;3794;3772;814;814;Sperre von Bereichen in der Tiefgarage (Technik für die BRV Anlage fehlt während der Bauphase);Risiko;281;E-CMZ Klinikum Klagenfurt;147;classic;SI022;3781;1781;classic;13.03.2025;1;1101;;10.03.2025;;1;KREUZH;1;;
19273347;44;4;3;48;12;-1;-1;3782;3784;3794;815;815;Rauchen und offenes Licht im BAUFELD / BAUSTELLE;Risiko;281;E-CMZ Klinikum Klagenfurt;145;classic;SI020;3782;1781;classic;13.03.2025;1;1101;;10.03.2025;;1;KREUZH;1;;
19273367;7;4;2;32;8;-1;-1;3783;3796;3790;816;816;Verstellte Fluchtwege;Risiko;281;E-CMZ Klinikum Klagenfurt;150;classic;SI025;3783;1781;classic;13.03.2025;1;1101;;10.03.2025;;1;KREUZH;1;;
19273343;66;3;3;36;9;-1;-1;3784;3773;3782;817;817;Querkontamination;Risiko;281;E-CMZ Klinikum Klagenfurt;144;classic;SI019;3784;1781;classic;13.03.2025;1;1101;;10.03.2025;;1;KREUZH;1;;
19273307;20;5;2;40;10;-1;-1;3785;3797;3776;818;818;gelieferte Trinkwasserleitungen und Lüftungskanäle sind nicht mit Endkappen versehen;Risiko;281;E-CMZ Klinikum Klagenfurt;135;classic;SI010;3785;1781;classic;13.03.2025;1;1101;;10.03.2025;;1;KREUZH;1;;
19273315;11;4;3;48;12;-1;-1;3786;3776;3791;819;819;keine ausreichende Baugrubenabsicherung zum angrenzenden Betrieb;Risiko;281;E-CMZ Klinikum Klagenfurt;137;classic;SI012;3786;1781;classic;13.03.2025;1;1101;;10.03.2025;;1;KREUZH;1;;
19273275;12;4;3;48;12;-1;-1;3787;3778;3789;820;820;Ausfall kritischer Infrastruktur;Risiko;281;E-CMZ Klinikum Klagenfurt;127;classic;SI002;3787;1781;classic;13.03.2025;1;1101;;10.03.2025;;1;KREUZH;1;;
19273323;12;4;3;48;12;-1;-1;3788;3791;3775;821;821;Kollektorgang nicht nutzbar;Risiko;281;E-CMZ Klinikum Klagenfurt;139;classic;SI014;3788;1781;classic;13.03.2025;1;1101;;10.03.2025;;1;KREUZH;1;;
19273279;9;4;2;32;8;-1;-1;3789;3787;3777;822;822;Beeinträchtigung des Zugangs/Zufahrt der Notaufnahme;Risiko;281;E-CMZ Klinikum Klagenfurt;128;classic;SI003;3789;1781;classic;13.03.2025;1;1101;;10.03.2025;;1;KREUZH;1;;
19273371;12;4;3;48;12;-1;-1;3790;3783;3771;823;823;Zeitgerechte Umsetzung/Überwachung vorhabensbezogener sicherheitstechnischer Vorgaben;Risiko;281;E-CMZ Klinikum Klagenfurt;151;classic;SI026;3790;1781;classic;13.03.2025;1;1101;;10.03.2025;;1;KREUZH;1;;
19273319;7;4;3;48;12;-1;-1;3791;3786;3788;824;824;keine ausreichende Einbindung und Information der Sicherheitsbeauftragten über sicherheitsrelevante Faktoren;Risiko;281;E-CMZ Klinikum Klagenfurt;138;classic;SI013;3791;1781;classic;13.03.2025;1;1101;;10.03.2025;;1;KREUZH;1;;
19273439;11;3;3;36;9;-1;-1;3750;3762;3753;825;825;Technologien neuartig und komplex (nicht ausgereifte Technologie im Einsatz?);Risiko;281;E-CMZ Klinikum Klagenfurt;168;classic;TE016;3750;1781;classic;13.03.2025;1;1101;;10.03.2025;;1;KREUZH;1;;
19273451;10;2;3;24;6;-1;-1;3770;3766;3767;826;826;Verfahren neuartig oder komplex;Risiko;281;E-CMZ Klinikum Klagenfurt;171;classic;TE019;3770;1781;classic;13.03.2025;1;1101;;10.03.2025;;1;KREUZH;1;;
19273427;14;2;3;24;6;-1;-1;3752;3756;3757;827;827;Materialien neuartig oder heikel;Risiko;281;E-CMZ Klinikum Klagenfurt;165;classic;TE013;3752;1781;classic;13.03.2025;1;1101;;10.03.2025;;1;KREUZH;1;;
19273443;21;2;2;16;4;-1;-1;3753;3750;3766;828;828;Unterbrechung des laufenden Betriebes unmöglich;Risiko;281;E-CMZ Klinikum Klagenfurt;169;classic;TE017;3753;1781;classic;13.03.2025;1;1101;;10.03.2025;;1;KREUZH;1;;
19273391;6;3;2;24;6;-1;-1;3754;3759;3764;829;829;Beeinträchtigung des Betriebes (Erschütterung, Lärm, Staub, Kapazitäten uvm.);Risiko;281;E-CMZ Klinikum Klagenfurt;156;classic;TE004;3754;1781;classic;13.03.2025;1;1101;;10.03.2025;;1;KREUZH;1;;
19273459;20;2;2;16;4;-1;-1;3755;3767;3744;830;830;zwischenzeitliche Übersiedelung während der Bauphase führt zu hohen Kosten und/oder Terminverzögerungen;Risiko;281;E-CMZ Klinikum Klagenfurt;173;classic;TE021;3755;1781;classic;13.03.2025;1;1101;;10.03.2025;;1;KREUZH;1;;
19273423;12;4;3;48;12;-1;-1;3756;3769;3752;831;831;Laufender Betrieb lässt nur eingeschränkte Projektarbeitszeit zu;Risiko;281;E-CMZ Klinikum Klagenfurt;164;classic;TE012;3756;1781;classic;13.03.2025;1;1101;;10.03.2025;;1;KREUZH;1;;
19273431;15;3;3;36;9;-1;-1;3757;3752;3762;832;832;Planungsgrundlagen - Anforderung des Bestellers (Raum- und Funktionsprogramm) - Änderung des Raumprogrammes nach Design Freeze;Risiko;281;E-CMZ Klinikum Klagenfurt;166;classic;TE014;3757;1781;classic;13.03.2025;1;1101;;10.03.2025;;1;KREUZH;1;;
19273411;7;4;2;32;8;-1;-1;3758;3768;3765;833;833;Hygiene - Fehlplanungen, Anforderungsänderungen, Nicht zeitgerechte Ausarbeitung der beauftragten Personen;Risiko;281;E-CMZ Klinikum Klagenfurt;161;classic;TE009;3758;1781;classic;13.03.2025;1;1101;;10.03.2025;;1;KREUZH;1;;
19273387;10;4;2;32;8;-1;-1;3759;3760;3754;834;834;Baugrund - Material - Materialverwertbarkeit (Massendisposition), Kontaminierung des Baugrundes;Risiko;281;E-CMZ Klinikum Klagenfurt;155;classic;TE003;3759;1781;classic;13.03.2025;1;1101;;10.03.2025;;1;KREUZH;1;;
19273383;7;4;2;32;8;-1;-1;3760;3763;3759;835;835;Baugrund - Bodenerkundung / Gutachten - falsche/ungeeignete Wahl/Planung des Sicherungssystems (Baugrubensicherung, -umschließung), Auswirkungen auf Umgebung, Nachbarbauwerke,…;Risiko;281;E-CMZ Klinikum Klagenfurt;154;classic;TE002;3760;1781;classic;13.03.2025;1;1101;;10.03.2025;;1;KREUZH;1;;
19353903;5;4;3;48;12;-1;-1;3810;3816;3818;725;725;Projektanforderungen ungenügend definiert/kommuniziert;Risiko;281;E-CMZ Klinikum Klagenfurt;110;classic;PV012;3810;1785;classic;20.03.2025;1;1106;;10.03.2025;;1;KAB_GODECP;1;;
19353870;6;3;3;36;9;-1;-1;3811;3812;3820;726;726;Nutzeranforderungen zu wenig klar bestimmt;Risiko;281;E-CMZ Klinikum Klagenfurt;107;classic;PV009;3811;1785;classic;20.03.2025;1;1106;;10.03.2025;;1;KAB_GODECP;1;;
19353859;10;4;3;48;12;-1;-1;3812;3821;3811;727;727;Nutzer-, Betreiber- und Herstellverantwortung ungenügend definiert;Risiko;281;E-CMZ Klinikum Klagenfurt;106;classic;PV008;3812;1785;classic;20.03.2025;1;1106;;10.03.2025;;1;KAB_GODECP;1;;
19353793;13;4;2;32;8;-1;-1;3813;3824;3814;728;728;Enger Kostenrahmen, keine vollständige finanzielle Deckung vorhanden;Risiko;281;E-CMZ Klinikum Klagenfurt;100;classic;PV002;3813;1785;classic;20.03.2025;1;1106;;10.03.2025;;1;KAB_GODECP;1;;
19353804;4;4;3;48;12;-1;-1;3814;3813;3822;729;729;Enger Terminplan;Risiko;281;E-CMZ Klinikum Klagenfurt;101;classic;PV003;3814;1785;classic;20.03.2025;1;1106;;10.03.2025;;1;KAB_GODECP;1;;
19353936;4;4;2;32;8;-1;-1;3815;3817;3809;730;730;Projektziele (Projektgrenzen …) mit Unternehmensziel nicht kompatibel;Risiko;281;E-CMZ Klinikum Klagenfurt;113;classic;PV015;3815;1785;classic;20.03.2025;1;1106;;10.03.2025;;1;KAB_GODECP;1;;
19353892;10;4;3;48;12;-1;-1;3816;3820;3810;731;731;Projektänderungen mit Unternehmensziel oder Projektziel nicht kompatibel;Risiko;281;E-CMZ Klinikum Klagenfurt;109;classic;PV011;3816;1785;classic;20.03.2025;1;1106;;10.03.2025;;1;KAB_GODECP;1;;
19353925;13;4;3;48;12;-1;-1;3817;3818;3815;732;732;Projektvorgaben mit den besonderen Bestimmungen (z.B. Sozialversicherungsträger, Umweltbestimmungen uvm.) nicht kompatibel;Risiko;281;E-CMZ Klinikum Klagenfurt;112;classic;PV014;3817;1785;classic;20.03.2025;1;1106;;10.03.2025;;1;KAB_GODECP;1;;
19353914;21;4;4;64;16;-1;-1;3818;3810;3817;733;733;Projektinhalt nicht klar abgegrenzt;Risiko;281;E-CMZ Klinikum Klagenfurt;111;classic;PV013;3818;1785;classic;20.03.2025;1;1106;;10.03.2025;;1;KAB_GODECP;1;;
19353837;6;4;2;32;8;-1;-1;3819;3823;3821;734;734;keine Identifikation der Schlüsselpositionen mit dem Projekt und den damit in Verbindung stehenden Zielen;Risiko;281;E-CMZ Klinikum Klagenfurt;104;classic;PV006;3819;1785;classic;20.03.2025;1;1106;;10.03.2025;;1;KAB_GODECP;1;;
19353881;8;4;3;48;12;-1;-1;3820;3811;3816;735;735;Planungsfehler (z. B. Vorhabensbudget, Investitionsprogramm, Betriebsbudget, Folgekosten usw.);Risiko;281;E-CMZ Klinikum Klagenfurt;108;classic;PV010;3820;1785;classic;20.03.2025;1;1106;;10.03.2025;;1;KAB_GODECP;1;;
19353848;13;4;2;32;8;-1;-1;3821;3819;3812;736;736;keine Kompatibilität der Projektziele mit den Abteilungszielen/Nutzer;Risiko;281;E-CMZ Klinikum Klagenfurt;105;classic;PV007;3821;1785;classic;20.03.2025;1;1106;;10.03.2025;;1;KAB_GODECP;1;;
19353815;42;4;2;32;8;-1;-1;3822;3814;3823;737;737;keine ausreichend klare Formulierung der Projektziele;Risiko;281;E-CMZ Klinikum Klagenfurt;102;classic;PV004;3822;1785;classic;20.03.2025;1;1106;;10.03.2025;;1;KAB_GODECP;1;;
19353826;6;4;2;32;8;-1;-1;3823;3822;3819;738;738;keine ausreichende Berücksichtigung der Nutzeranforderungen in der Planung;Risiko;281;E-CMZ Klinikum Klagenfurt;103;classic;PV005;3823;1785;classic;20.03.2025;1;1106;;10.03.2025;;1;KAB_GODECP;1;;
19353782;6;4;3;48;12;-1;-1;3824;3829;3813;739;739;Baufeld im zentralen Krankenhausumfeld;Risiko;281;E-CMZ Klinikum Klagenfurt;99;classic;PV001;3824;1785;classic;20.03.2025;1;1106;;10.03.2025;;1;KAB_GODECP;1;;
19352770;14;3;2;24;6;-1;-1;3904;3914;3920;740;740;Kommunikationsfehler (bzw. unzureichend) mit Nutzer;Risiko;281;E-CMZ Klinikum Klagenfurt;7;classic;BB007;3904;1785;classic;20.03.2025;1;1106;;10.03.2025;;1;KAB_GODECP;1;;
19352902;12;4;3;48;12;-1;-1;3922;3916;3890;741;741;Widerstand von Nutzern;Risiko;281;E-CMZ Klinikum Klagenfurt;19;classic;BB019;3922;1785;classic;20.03.2025;1;1106;;10.03.2025;;1;KAB_GODECP;1;;
19352869;9;3;3;36;9;-1;-1;3906;3909;3919;742;742;Skepsis bzw. Ängste von Nutzern nicht mit Schulungen/Informationsveranstaltungen abwendbar;Risiko;281;E-CMZ Klinikum Klagenfurt;16;classic;BB016;3906;1785;classic;20.03.2025;1;1106;;10.03.2025;;1;KAB_GODECP;1;;
19352803;9;3;1;12;3;-1;-1;3907;3917;3921;743;743;Nutzer nicht oder zu wenig einbezogen;Risiko;281;E-CMZ Klinikum Klagenfurt;10;classic;BB010;3907;1785;classic;20.03.2025;1;1106;;10.03.2025;;1;KAB_GODECP;1;;
19352836;11;4;2;32;8;-1;-1;3908;3905;3913;744;744;Personalwechsel in Schlüsselpositionen;Risiko;281;E-CMZ Klinikum Klagenfurt;13;classic;BB013;3908;1785;classic;20.03.2025;1;1106;;10.03.2025;;1;KAB_GODECP;1;;
19352858;6;4;2;32;8;-1;-1;3909;3913;3906;745;745;Schnittstellenthematik (BIMM, Technik, MT…);Risiko;281;E-CMZ Klinikum Klagenfurt;15;classic;BB015;3909;1785;classic;20.03.2025;1;1106;;10.03.2025;;1;KAB_GODECP;1;;
19352737;21;3;4;48;12;-1;-1;3910;3911;3918;746;746;Dem Nutzer sind nicht alle Anforderungen (aus BO Planung …) bekannt;Risiko;281;E-CMZ Klinikum Klagenfurt;4;classic;BB004;3910;1785;classic;20.03.2025;1;1106;;10.03.2025;;1;KAB_GODECP;1;;
19352726;11;4;2;32;8;-1;-1;3911;3915;3910;747;747;Auswirkungen von neuen Forderungen der Nutzer nicht bekannt;Risiko;281;E-CMZ Klinikum Klagenfurt;3;classic;BB003;3911;1785;classic;20.03.2025;1;1106;;10.03.2025;;1;KAB_GODECP;1;;
19352704;10;4;4;64;16;-1;-1;3912;0;3915;748;748;Abhängigkeit von Einzelpersonen (Ressourcen, PL, Stellvertreter …);Risiko;281;E-CMZ Klinikum Klagenfurt;1;classic;BB001;3912;1785;classic;20.03.2025;1;1106;;10.03.2025;;1;KAB_GODECP;1;;
19352847;10;4;2;32;8;-1;-1;3913;3908;3909;749;749;Projektanforderungen ändern sich;Risiko;281;E-CMZ Klinikum Klagenfurt;14;classic;BB014;3913;1785;classic;20.03.2025;1;1106;;10.03.2025;;1;KAB_GODECP;1;;
19352759;12;4;3;48;12;-1;-1;3914;3918;3904;750;750;keine ausreichende Ressourcenverfügbarkeit bei den Betroffenen und Beteiligten (z. B. für Projektsitzungen im Rahmen der Planung, Umsetzung und Übersiedelung);Risiko;281;E-CMZ Klinikum Klagenfurt;6;classic;BB006;3914;1785;classic;20.03.2025;1;1106;;10.03.2025;;1;KAB_GODECP;1;;
19352715;11;4;3;48;12;-1;-1;3915;3912;3911;751;751;Abhängigkeiten der Projektumsetzung von Einzelpersonen;Risiko;281;E-CMZ Klinikum Klagenfurt;2;classic;BB002;3915;1785;classic;20.03.2025;1;1106;;10.03.2025;;1;KAB_GODECP;1;;
19352891;10;4;4;64;16;-1;-1;3916;3919;3922;752;752;Veränderte bzw. nicht/besonders wahrgenommene Zuständigkeit;Risiko;281;E-CMZ Klinikum Klagenfurt;18;classic;BB018;3916;1785;classic;20.03.2025;1;1106;;10.03.2025;;1;KAB_GODECP;1;;
19352792;11;4;4;64;16;-1;-1;3917;3920;3907;753;753;neue, überzogene (An-)Forderungen der Nutzer/Partner;Risiko;281;E-CMZ Klinikum Klagenfurt;9;classic;BB009;3917;1785;classic;20.03.2025;1;1106;;10.03.2025;;1;KAB_GODECP;1;;
19352748;14;4;2;32;8;-1;-1;3918;3910;3914;754;754;falsche oder nicht ausgesprochene Erwartungen durch Nutzer, Partner, Anrainer;Risiko;281;E-CMZ Klinikum Klagenfurt;5;classic;BB005;3918;1785;classic;20.03.2025;1;1106;;10.03.2025;;1;KAB_GODECP;1;;
19270193;10;3;3;36;9;-1;-1;3750;3762;3753;825;825;Technologien neuartig und komplex (nicht ausgereifte Technologie im Einsatz?);Risiko;281;E-CMZ Klinikum Klagenfurt;168;classic;TE016;3750;1789;classic;24.03.2025;1;331;;10.03.2025;;2;OBEREDERF;1;;
19270199;8;3;3;36;9;-1;-1;3770;3766;3767;826;826;Verfahren neuartig oder komplex;Risiko;281;E-CMZ Klinikum Klagenfurt;171;classic;TE019;3770;1789;classic;24.03.2025;1;331;;10.03.2025;;2;OBEREDERF;1;;
19270187;20;3;3;36;9;-1;-1;3752;3756;3757;827;827;Materialien neuartig oder heikel;Risiko;281;E-CMZ Klinikum Klagenfurt;165;classic;TE013;3752;1789;classic;24.03.2025;1;331;;10.03.2025;;2;OBEREDERF;1;;
19270195;23;3;2;24;6;-1;-1;3753;3750;3766;828;828;Unterbrechung des laufenden Betriebes unmöglich;Risiko;281;E-CMZ Klinikum Klagenfurt;169;classic;TE017;3753;1789;classic;24.03.2025;1;331;;10.03.2025;;2;OBEREDERF;1;;
19270169;7;3;4;48;12;-1;-1;3754;3759;3764;829;829;Beeinträchtigung des Betriebes (Erschütterung, Lärm, Staub, Kapazitäten uvm.);Risiko;281;E-CMZ Klinikum Klagenfurt;156;classic;TE004;3754;1789;classic;24.03.2025;1;331;;10.03.2025;;2;OBEREDERF;1;;
19270185;9;3;3;36;9;-1;-1;3756;3769;3752;831;831;Laufender Betrieb lässt nur eingeschränkte Projektarbeitszeit zu;Risiko;281;E-CMZ Klinikum Klagenfurt;164;classic;TE012;3756;1789;classic;24.03.2025;1;331;;10.03.2025;;2;OBEREDERF;1;;
19270189;20;3;4;48;12;-1;-1;3757;3752;3762;832;832;Planungsgrundlagen - Anforderung des Bestellers (Raum- und Funktionsprogramm) - Änderung des Raumprogrammes nach Design Freeze;Risiko;281;E-CMZ Klinikum Klagenfurt;166;classic;TE014;3757;1789;classic;24.03.2025;1;331;;10.03.2025;;2;OBEREDERF;1;;
19270179;12;2;2;16;4;-1;-1;3758;3768;3765;833;833;Hygiene - Fehlplanungen, Anforderungsänderungen, Nicht zeitgerechte Ausarbeitung der beauftragten Personen;Risiko;281;E-CMZ Klinikum Klagenfurt;161;classic;TE009;3758;1789;classic;24.03.2025;1;331;;10.03.2025;;2;OBEREDERF;1;;
19270167;87;3;2;24;6;-1;-1;3759;3760;3754;834;834;Baugrund - Material - Materialverwertbarkeit (Massendisposition), Kontaminierung des Baugrundes;Risiko;281;E-CMZ Klinikum Klagenfurt;155;classic;TE003;3759;1789;classic;24.03.2025;1;331;;10.03.2025;;2;OBEREDERF;1;;
19270165;12;3;3;36;9;-1;-1;3760;3763;3759;835;835;Baugrund - Bodenerkundung / Gutachten - falsche/ungeeignete Wahl/Planung des Sicherungssystems (Baugrubensicherung, -umschließung), Auswirkungen auf Umgebung, Nachbarbauwerke,…;Risiko;281;E-CMZ Klinikum Klagenfurt;154;classic;TE002;3760;1789;classic;24.03.2025;1;331;;10.03.2025;;2;OBEREDERF;1;;
19270173;11;3;3;36;9;-1;-1;3761;3764;3751;836;836;Beweissicherungen - nicht ordnungsgemäße bzw. unvollständige Beweissicherung  - Grundwasser und Erschütterung für umliegende Gebäude, Beschädigung / Rückbau von Bestandsleitungen mit unbekannter Funktion: Betriebsunterbrechung;Risiko;281;E-CMZ Klinikum Klagenfurt;158;classic;TE006;3761;1789;classic;24.03.2025;1;331;;10.03.2025;;2;OBEREDERF;1;;
19270191;7;3;4;48;12;-1;-1;3762;3757;3750;837;837;Technischer und medizinischer Fortschritt - Weiterentwicklung der medizinischen festen Einrichtung;Risiko;281;E-CMZ Klinikum Klagenfurt;167;classic;TE015;3762;1789;classic;24.03.2025;1;331;;10.03.2025;;2;OBEREDERF;1;;
19270163;13;3;4;48;12;-1;-1;3763;3771;3760;838;838;Auswirkung an angrenzende Bereiche (befinden sich daneben, darüber, darunter);Risiko;281;E-CMZ Klinikum Klagenfurt;153;classic;TE001;3763;1789;classic;24.03.2025;1;331;;10.03.2025;;2;OBEREDERF;1;;
19270171;17;3;3;36;9;-1;-1;3764;3754;3761;839;839;Beschädigung bzw. Beeinträchtigung der Betriebsbereitschaft sensibler medizintechnischer Geräte (z. B. SPECT Kameras, Szintillationskristalle) Bestand und Siedlungsgut;Risiko;281;E-CMZ Klinikum Klagenfurt;157;classic;TE005;3764;1789;classic;24.03.2025;1;331;;10.03.2025;;2;OBEREDERF;1;;
19270181;7;2;2;16;4;-1;-1;3765;3758;3769;840;840;IT- und MT-Schnittstellenproblematiken zwischen den Einrichtungen werden nicht ausreichend berücksichtigt;Risiko;281;E-CMZ Klinikum Klagenfurt;162;classic;TE010;3765;1789;classic;24.03.2025;1;331;;10.03.2025;;2;OBEREDERF;1;;
19270161;10;3;4;48;12;-1;-1;3771;3790;3763;841;841;Pandemie - Beeinträchtigung der Projektbeteiligten;Risiko;281;E-CMZ Klinikum Klagenfurt;152;classic;SR001;3771;1789;classic;24.03.2025;1;331;;10.03.2025;;2;OBEREDERF;1;;
19270027;14;4;4;64;16;-1;-1;3839;3827;3836;842;842;Einhaltung sicherheits- und gesundheitspolitischer Auflagen und Einschränkungen (ÖSG-RSG);Chance;281;E-CMZ Klinikum Klagenfurt;85;classic;PU002;3839;1789;classic;24.03.2025;1;331;;10.03.2025;;2;OBEREDERF;1;;
19270051;8;3;3;36;9;-1;-1;3838;3837;3829;843;843;Verbesserung der Positionierung am Arbeitsmarkt;Chance;281;E-CMZ Klinikum Klagenfurt;97;classic;PU014;3838;1789;classic;24.03.2025;1;331;;10.03.2025;;2;OBEREDERF;1;;
19270049;10;4;4;64;16;-1;-1;3837;3834;3838;844;844;Verbesserung der interdiszipilinären Zusammenarbeit;Chance;281;E-CMZ Klinikum Klagenfurt;96;classic;PU013;3837;1789;classic;24.03.2025;1;331;;10.03.2025;;2;OBEREDERF;1;;
19270039;14;5;5;100;25;-1;-1;3826;3835;3828;846;846;Neubau;Chance;281;E-CMZ Klinikum Klagenfurt;91;classic;PU008;3826;1789;classic;24.03.2025;1;331;;10.03.2025;;2;OBEREDERF;1;;
19269903;13;5;5;100;25;-1;-1;3902;3896;3897;847;847;Integration ressourcenschonender Energienutzungsmodelle in die Projektplanung (Alternativenergie, Passivhausstandard, Kühlung/Energiespeicherung durch Grundwasser, Photovoltaik (z. B. in Fassade integrieren oder am Dach), Erdwärme, Sonnenschutz - starke Lamellen, Fassadenfarbe, Niedertemparatur Heiz-Kühlsystem (Baukernaktivierung,  usw.);Chance;281;E-CMZ Klinikum Klagenfurt;23;classic;ÖU004;3902;1789;classic;24.03.2025;1;331;;10.03.2025;;2;OBEREDERF;1;;
19269901;13;5;5;100;25;-1;-1;3896;3895;3902;848;848;Förderungen lukrieren;Chance;281;E-CMZ Klinikum Klagenfurt;22;classic;ÖU003;3896;1789;classic;24.03.2025;1;331;;10.03.2025;;2;OBEREDERF;1;;
19269879;37;4;5;80;20;-1;-1;3921;3907;3905;849;849;Nutzer sind ausreichend über das Projekt Betreffende informiert;Chance;281;E-CMZ Klinikum Klagenfurt;11;classic;BB011;3921;1789;classic;11.03.2025;1;331;;10.03.2025;;2;OBEREDERF;1;;
19269881;27;3;4;48;12;-1;-1;3905;3921;3908;850;850;Nutzung der Erfahrung der Beteiligten aus den Fachbereichen, Fachbereichsmitarbeiter:innen zu Beteiligten machen und einbeziehen;Chance;281;E-CMZ Klinikum Klagenfurt;12;classic;BB012;3905;1789;classic;11.03.2025;1;331;;10.03.2025;;2;OBEREDERF;1;;
19273399;12;2;2;16;4;-1;-1;3761;3764;3751;836;836;Beweissicherungen - nicht ordnungsgemäße bzw. unvollständige Beweissicherung  - Grundwasser und Erschütterung für umliegende Gebäude, Beschädigung / Rückbau von Bestandsleitungen mit unbekannter Funktion: Betriebsunterbrechung;Risiko;281;E-CMZ Klinikum Klagenfurt;158;classic;TE006;3761;1781;classic;13.03.2025;1;1101;;10.03.2025;;1;KREUZH;1;;
19273435;13;3;2;24;6;-1;-1;3762;3757;3750;837;837;Technischer und medizinischer Fortschritt - Weiterentwicklung der medizinischen festen Einrichtung;Risiko;281;E-CMZ Klinikum Klagenfurt;167;classic;TE015;3762;1781;classic;13.03.2025;1;1101;;10.03.2025;;1;KREUZH;1;;
19273379;5;4;2;32;8;-1;-1;3763;3771;3760;838;838;Auswirkung an angrenzende Bereiche (befinden sich daneben, darüber, darunter);Risiko;281;E-CMZ Klinikum Klagenfurt;153;classic;TE001;3763;1781;classic;13.03.2025;1;1101;;10.03.2025;;1;KREUZH;1;;
19273395;11;3;2;24;6;-1;-1;3764;3754;3761;839;839;Beschädigung bzw. Beeinträchtigung der Betriebsbereitschaft sensibler medizintechnischer Geräte (z. B. SPECT Kameras, Szintillationskristalle) Bestand und Siedlungsgut;Risiko;281;E-CMZ Klinikum Klagenfurt;157;classic;TE005;3764;1781;classic;13.03.2025;1;1101;;10.03.2025;;1;KREUZH;1;;
19273415;7;4;2;32;8;-1;-1;3765;3758;3769;840;840;IT- und MT-Schnittstellenproblematiken zwischen den Einrichtungen werden nicht ausreichend berücksichtigt;Risiko;281;E-CMZ Klinikum Klagenfurt;162;classic;TE010;3765;1781;classic;13.03.2025;1;1101;;10.03.2025;;1;KREUZH;1;;
19273375;6;4;2;32;8;-1;-1;3771;3790;3763;841;841;Pandemie - Beeinträchtigung der Projektbeteiligten;Risiko;281;E-CMZ Klinikum Klagenfurt;152;classic;SR001;3771;1781;classic;13.03.2025;1;1101;;10.03.2025;;1;KREUZH;1;;
19273107;8;5;4;80;20;-1;-1;3839;3827;3836;842;842;Einhaltung sicherheits- und gesundheitspolitischer Auflagen und Einschränkungen (ÖSG-RSG);Chance;281;E-CMZ Klinikum Klagenfurt;85;classic;PU002;3839;1781;classic;13.03.2025;1;1101;;10.03.2025;;1;KREUZH;1;;
19273155;5;4;4;64;16;-1;-1;3838;3837;3829;843;843;Verbesserung der Positionierung am Arbeitsmarkt;Chance;281;E-CMZ Klinikum Klagenfurt;97;classic;PU014;3838;1781;classic;13.03.2025;1;1101;;10.03.2025;;1;KREUZH;1;;
19273151;5;4;4;64;16;-1;-1;3837;3834;3838;844;844;Verbesserung der interdiszipilinären Zusammenarbeit;Chance;281;E-CMZ Klinikum Klagenfurt;96;classic;PU013;3837;1781;classic;13.03.2025;1;1101;;10.03.2025;;1;KREUZH;1;;
19273111;64;5;5;100;25;-1;-1;3836;3839;3833;845;845;Integration der Pädaudiometrie in die HNO bzw. Kopfzentrum;Chance;281;E-CMZ Klinikum Klagenfurt;86;classic;PU003;3836;1781;classic;13.03.2025;1;1101;;10.03.2025;;1;KREUZH;1;;
19273131;11;4;5;80;20;-1;-1;3826;3835;3828;846;846;Neubau;Chance;281;E-CMZ Klinikum Klagenfurt;91;classic;PU008;3826;1781;classic;13.03.2025;1;1101;;10.03.2025;;1;KREUZH;1;;
19272859;11;4;4;64;16;-1;-1;3902;3896;3897;847;847;Integration ressourcenschonender Energienutzungsmodelle in die Projektplanung (Alternativenergie, Passivhausstandard, Kühlung/Energiespeicherung durch Grundwasser, Photovoltaik (z. B. in Fassade integrieren oder am Dach), Erdwärme, Sonnenschutz - starke Lamellen, Fassadenfarbe, Niedertemparatur Heiz-Kühlsystem (Baukernaktivierung,  usw.);Chance;281;E-CMZ Klinikum Klagenfurt;23;classic;ÖU004;3902;1781;classic;13.03.2025;1;1101;;10.03.2025;;1;KREUZH;1;;
19272855;6;4;4;64;16;-1;-1;3896;3895;3902;848;848;Förderungen lukrieren;Chance;281;E-CMZ Klinikum Klagenfurt;22;classic;ÖU003;3896;1781;classic;13.03.2025;1;1101;;10.03.2025;;1;KREUZH;1;;
19272811;57;4;4;64;16;-1;-1;3921;3907;3905;849;849;Nutzer sind ausreichend über das Projekt Betreffende informiert;Chance;281;E-CMZ Klinikum Klagenfurt;11;classic;BB011;3921;1781;classic;13.03.2025;1;1101;;10.03.2025;;1;KREUZH;1;;
19272815;15;4;4;64;16;-1;-1;3905;3921;3908;850;850;Nutzung der Erfahrung der Beteiligten aus den Fachbereichen, Fachbereichsmitarbeiter:innen zu Beteiligten machen und einbeziehen;Chance;281;E-CMZ Klinikum Klagenfurt;12;classic;BB012;3905;1781;classic;13.03.2025;1;1101;;10.03.2025;;1;KREUZH;1;;
19273023;7;4;4;64;16;-1;-1;3863;3857;3855;851;851;Harmonisierung unterschiedlicher Standards und Umsetzungsgrade in prozessübergreifenden Managementsystemen (z. B.  Qualitäts- und Risikomanagement, ISMS, Compliance) und anderen Systemen;Chance;281;E-CMZ Klinikum Klagenfurt;64;classic;PF006;3863;1781;classic;13.03.2025;1;1101;;10.03.2025;;1;KREUZH;1;;
19273007;6;4;4;64;16;-1;-1;3864;3848;3850;852;852;Baufeldfreimachung für zukünftige Projekte;Chance;281;E-CMZ Klinikum Klagenfurt;60;classic;PF002;3864;1781;classic;13.03.2025;1;1101;;10.03.2025;;1;KREUZH;1;;
19273003;11;4;4;64;16;-1;-1;3848;3878;3864;853;853;Adaptierung/Modernisierung der räumlichen Strukturen an die Anforderungen des Versorgungsauftrags sowie an die Anforderungen der betroffenen Primär- und Sekundärversorgungsbereiche;Chance;281;E-CMZ Klinikum Klagenfurt;59;classic;PF001;3848;1781;classic;13.03.2025;1;1101;;10.03.2025;;1;KREUZH;1;;
19273295;9;4;4;64;16;-1;-1;3792;3774;3793;854;854;Erweiterung der Druckbelüftungsanlage im NEUBAU laut Brandschutzkonzept;Chance;281;E-CMZ Klinikum Klagenfurt;132;classic;SI007;3792;1781;classic;13.03.2025;1;1101;;10.03.2025;;1;KREUZH;1;;
19273299;8;4;3;48;12;-1;-1;3793;3792;3797;855;855;Erweiterung der Hochdruckvernebelungsanlage im NEUBAU laut Brandschutzkonzept;Chance;281;E-CMZ Klinikum Klagenfurt;133;classic;SI008;3793;1781;classic;13.03.2025;1;1101;;10.03.2025;;1;KREUZH;1;;
19273351;10;4;3;48;12;-1;-1;3794;3782;3781;856;856;Schwerlasten (Logistik, Wasseraufbereitung …) werden im Keller situiert;Chance;281;E-CMZ Klinikum Klagenfurt;146;classic;SI021;3794;1781;classic;13.03.2025;1;1101;;10.03.2025;;1;KREUZH;1;;
19273335;13;3;3;36;9;-1;-1;3795;3780;3773;857;857;Patienten mit Infektion werden separiert geführt (Liftausgang …);Chance;281;E-CMZ Klinikum Klagenfurt;142;classic;SI017;3795;1781;classic;13.03.2025;1;1101;;10.03.2025;;1;KREUZH;1;;
19273359;8;4;4;64;16;-1;-1;3772;3781;3796;858;858;Steigerung der Sicherheit von Patient:innen, Mitarbeiter:innen und Dritter;Chance;281;E-CMZ Klinikum Klagenfurt;148;classic;SI023;3772;1781;classic;13.03.2025;1;1101;;10.03.2025;;1;KREUZH;1;;
19273447;13;4;3;48;12;-1;-1;3766;3753;3770;859;859;Verbesserung der technischen Betriebssicherheit;Chance;281;E-CMZ Klinikum Klagenfurt;170;classic;TE018;3766;1781;classic;13.03.2025;1;1101;;10.03.2025;;1;KREUZH;1;;
19273455;10;4;4;64;16;-1;-1;3767;3770;3755;860;860;Zusammenführung, Anbindung (BMA, GLT, FTS, Zutritt usw.) , Harmonisierung struktureller und technischer Standards und deren Auslegung (alt/neu) ==> Implementierung aktueller Haus- und Betriebstechnik;Chance;281;E-CMZ Klinikum Klagenfurt;172;classic;TE020;3767;1781;classic;13.03.2025;1;1101;;10.03.2025;;1;KREUZH;1;;
19273407;8;4;4;64;16;-1;-1;3768;3751;3758;861;861;Fernwärme/Kälteversorgung für zukünftige Versorgung berücksichtigen (Neuverlegung, Trassenführung);Chance;281;E-CMZ Klinikum Klagenfurt;160;classic;TE008;3768;1781;classic;13.03.2025;1;1101;;10.03.2025;;1;KREUZH;1;;
19352880;12;4;1;16;4;-1;-1;3919;3906;3916;755;755;Überlastung des Projektteams;Risiko;281;E-CMZ Klinikum Klagenfurt;17;classic;BB017;3919;1785;classic;20.03.2025;1;1106;;10.03.2025;;1;KAB_GODECP;1;;
19352781;11;4;2;32;8;-1;-1;3920;3904;3917;756;756;mangelnde Untersützung/Widerstand von Beteiligten und Betroffenen;Risiko;281;E-CMZ Klinikum Klagenfurt;8;classic;BB008;3920;1785;classic;20.03.2025;1;1106;;10.03.2025;;1;KAB_GODECP;1;;
19353584;13;4;1;16;4;-1;-1;3847;3845;3844;757;757;Projektorganisation (Mitglied) nicht/unzureichend über das Projekt informiert;Risiko;281;E-CMZ Klinikum Klagenfurt;81;classic;PO006;3847;1785;classic;20.03.2025;1;1106;;10.03.2025;;1;KAB_GODECP;1;;
19353562;8;4;3;48;12;-1;-1;3846;3843;3845;758;758;Langwierige Entscheidungsfindung;Risiko;281;E-CMZ Klinikum Klagenfurt;79;classic;PO004;3846;1785;classic;20.03.2025;1;1106;;10.03.2025;;1;KAB_GODECP;1;;
19353573;5;3;3;36;9;-1;-1;3845;3846;3847;759;759;Nichtbeachtung von QM-Standards bzw. mangelnde Integration der QM-Systeme;Risiko;281;E-CMZ Klinikum Klagenfurt;80;classic;PO005;3845;1785;classic;20.03.2025;1;1106;;10.03.2025;;1;KAB_GODECP;1;;
19353595;11;4;2;32;8;-1;-1;3844;3847;3842;760;760;unzureichende Kompetenz und Erfahrung des Projektleiter, Krankenhaushygienikers usw.;Risiko;281;E-CMZ Klinikum Klagenfurt;82;classic;PO007;3844;1785;classic;20.03.2025;1;1106;;10.03.2025;;1;KAB_GODECP;1;;
19353551;3;4;3;48;12;-1;-1;3843;3840;3846;761;761;keine Integration QMS und RMS;Risiko;281;E-CMZ Klinikum Klagenfurt;78;classic;PO003;3843;1785;classic;20.03.2025;1;1106;;10.03.2025;;1;KAB_GODECP;1;;
19353540;6;4;3;48;12;-1;-1;3840;3841;3843;762;762;keine ausreichende Berücksichtigung/Koordination der vielen Beteiligten und/oder Schnittstellen;Risiko;281;E-CMZ Klinikum Klagenfurt;77;classic;PO002;3840;1785;classic;20.03.2025;1;1106;;10.03.2025;;1;KAB_GODECP;1;;
19353529;11;4;3;48;12;-1;-1;3841;3858;3840;763;763;fehlende selbständige interne Koordination der Fachabteilung;Risiko;281;E-CMZ Klinikum Klagenfurt;76;classic;PO001;3841;1785;classic;20.03.2025;1;1106;;10.03.2025;;1;KAB_GODECP;1;;
19353606;10;3;2;24;6;-1;-1;3842;3844;3827;764;764;Wechsel wesentlicher Schlüsselpersonen für die Umsetzung/Verantwortlicher im Projektteam (z. B. Projektleitung, Nutzer, Planer, Auftraggeber, Verantwortungsträger in einzelnen Bereichen z. B. Technik), Know-How-Träger stehen nicht zur Verfügung / Veränderung in den Entscheidungsstrukturen;Risiko;281;E-CMZ Klinikum Klagenfurt;83;classic;PO008;3842;1785;classic;20.03.2025;1;1106;;10.03.2025;;1;KAB_GODECP;1;;
19353089;13;3;3;36;9;-1;-1;3865;3884;3874;765;765;eine mögliche Aussiedelung von Stationen (Kinder) ist nicht möglich;Risiko;281;E-CMZ Klinikum Klagenfurt;36;classic;PA003;3865;1785;classic;20.03.2025;1;1106;;10.03.2025;;1;KAB_GODECP;1;;
19353199;8;4;4;64;16;-1;-1;3889;3867;3877;766;766;Kostenüberschreitung möglich;Risiko;281;E-CMZ Klinikum Klagenfurt;46;classic;PA013;3889;1785;classic;20.03.2025;1;1106;;10.03.2025;;1;KAB_GODECP;1;;
19353177;9;2;3;24;6;-1;-1;3868;3871;3867;768;768;Kommunikationsfehler mit Auftragnehmer (keine Planer);Risiko;281;E-CMZ Klinikum Klagenfurt;44;classic;PA011;3868;1785;classic;20.03.2025;1;1106;;10.03.2025;;1;KAB_GODECP;1;;
19353265;7;2;3;24;6;-1;-1;3869;3876;3880;769;769;Ressourcenverfügbarkeit bei Auftragnehmer (keine Planer) nicht vorhanden;Risiko;281;E-CMZ Klinikum Klagenfurt;52;classic;PA019;3869;1785;classic;20.03.2025;1;1106;;10.03.2025;;1;KAB_GODECP;1;;
19353155;6;4;3;48;12;-1;-1;3870;3883;3871;770;770;Keine Motivation der Auftragnehmer vorhanden;Risiko;281;E-CMZ Klinikum Klagenfurt;42;classic;PA009;3870;1785;classic;20.03.2025;1;1106;;10.03.2025;;1;KAB_GODECP;1;;
19353166;12;2;2;16;4;-1;-1;3871;3870;3868;771;771;Know-How-Träger (extern) nicht verfügbar;Risiko;281;E-CMZ Klinikum Klagenfurt;43;classic;PA010;3871;1785;classic;20.03.2025;1;1106;;10.03.2025;;1;KAB_GODECP;1;;
19353243;6;4;4;64;16;-1;-1;3872;3887;3876;772;772;Planung ungenau oder nicht vollständig;Risiko;281;E-CMZ Klinikum Klagenfurt;50;classic;PA017;3872;1785;classic;20.03.2025;1;1106;;10.03.2025;;1;KAB_GODECP;1;;
19353067;14;4;4;64;16;-1;-1;3873;3899;3884;773;773;Ausschreibung fehlerhaft;Risiko;281;E-CMZ Klinikum Klagenfurt;34;classic;PA001;3873;1785;classic;20.03.2025;1;1106;;10.03.2025;;1;KAB_GODECP;1;;
19353100;9;4;4;64;16;-1;-1;3874;3865;3875;774;774;Einsprucherhebung bei der Ausschreibung;Risiko;281;E-CMZ Klinikum Klagenfurt;37;classic;PA004;3874;1785;classic;20.03.2025;1;1106;;10.03.2025;;1;KAB_GODECP;1;;
19353111;4;4;4;64;16;-1;-1;3875;3874;3888;775;775;Einsprucherhebung im Behördenverfahren uvm.;Risiko;281;E-CMZ Klinikum Klagenfurt;38;classic;PA005;3875;1785;classic;20.03.2025;1;1106;;10.03.2025;;1;KAB_GODECP;1;;
19353254;11;3;3;36;9;-1;-1;3876;3872;3869;776;776;Projektdokumentation nicht vollständig bzw. nicht vorhanden;Risiko;281;E-CMZ Klinikum Klagenfurt;51;classic;PA018;3876;1785;classic;20.03.2025;1;1106;;10.03.2025;;1;KAB_GODECP;1;;
19353210;3;4;4;64;16;-1;-1;3877;3889;3886;777;777;Lange Projektdauer;Risiko;281;E-CMZ Klinikum Klagenfurt;47;classic;PA014;3877;1785;classic;20.03.2025;1;1106;;10.03.2025;;1;KAB_GODECP;1;;
19353331;6;3;4;48;12;-1;-1;3878;3881;3848;778;778;zu kurze Projektvorbereitung;Risiko;281;E-CMZ Klinikum Klagenfurt;58;classic;PA025;3878;1785;classic;20.03.2025;1;1106;;10.03.2025;;1;KAB_GODECP;1;;
19353287;5;4;4;64;16;-1;-1;3879;3880;3866;779;779;Schleppende, eventuell kostenerhöhende Planung durch laufende Nutzeränderungsbedarfe;Risiko;281;E-CMZ Klinikum Klagenfurt;54;classic;PA021;3879;1785;classic;20.03.2025;1;1106;;10.03.2025;;1;KAB_GODECP;1;;
19353276;10;4;4;64;16;-1;-1;3880;3869;3879;780;780;Schleppende, eventuell kostenerhöhende Planung durch laufende Änderungen der Betreiber;Risiko;281;E-CMZ Klinikum Klagenfurt;53;classic;PA020;3880;1785;classic;20.03.2025;1;1106;;10.03.2025;;1;KAB_GODECP;1;;
19353320;7;3;3;36;9;-1;-1;3881;3882;3878;781;781;Vorgegebene Projektpläne sind nicht abgestimmt und unrealistisch;Risiko;281;E-CMZ Klinikum Klagenfurt;57;classic;PA024;3881;1785;classic;20.03.2025;1;1106;;10.03.2025;;1;KAB_GODECP;1;;
19353309;9;3;4;48;12;-1;-1;3882;3866;3881;782;782;Vorgegebene Laufzeiten und Fristen sind nicht berücksichtigt (Beschlussfassung Aufsichtsrat, Einreichung Landesrechnungshof, Ausschreibungsverfahren uvm.);Risiko;281;E-CMZ Klinikum Klagenfurt;56;classic;PA023;3882;1785;classic;20.03.2025;1;1106;;10.03.2025;;1;KAB_GODECP;1;;
19353144;13;4;4;64;16;-1;-1;3883;3885;3870;783;783;Keine Berücksichtigung innerhalb der Planung des Projektes von Dienstplänen, Urlaubszeiten oder Zeiten mit arbeitsintensiven Tätigkeiten (z.B. Jahresabschluss uvm.);Risiko;281;E-CMZ Klinikum Klagenfurt;41;classic;PA008;3883;1785;classic;20.03.2025;1;1106;;10.03.2025;;1;KAB_GODECP;1;;
19269985;27;4;4;64;16;-1;-1;3863;3857;3855;851;851;Harmonisierung unterschiedlicher Standards und Umsetzungsgrade in prozessübergreifenden Managementsystemen (z. B.  Qualitäts- und Risikomanagement, ISMS, Compliance) und anderen Systemen;Chance;281;E-CMZ Klinikum Klagenfurt;64;classic;PF006;3863;1789;classic;24.03.2025;1;331;;10.03.2025;;2;OBEREDERF;1;;
19269977;7;4;5;80;20;-1;-1;3864;3848;3850;852;852;Baufeldfreimachung für zukünftige Projekte;Chance;281;E-CMZ Klinikum Klagenfurt;60;classic;PF002;3864;1789;classic;24.03.2025;1;331;;10.03.2025;;2;OBEREDERF;1;;
19269975;28;4;4;64;16;-1;-1;3848;3878;3864;853;853;Adaptierung/Modernisierung der räumlichen Strukturen an die Anforderungen des Versorgungsauftrags sowie an die Anforderungen der betroffenen Primär- und Sekundärversorgungsbereiche;Chance;281;E-CMZ Klinikum Klagenfurt;59;classic;PF001;3848;1789;classic;24.03.2025;1;331;;10.03.2025;;2;OBEREDERF;1;;
19270149;23;4;4;64;16;-1;-1;3794;3782;3781;856;856;Schwerlasten (Logistik, Wasseraufbereitung …) werden im Keller situiert;Chance;281;E-CMZ Klinikum Klagenfurt;146;classic;SI021;3794;1789;classic;24.03.2025;1;331;;10.03.2025;;2;OBEREDERF;1;;
19270141;12;5;5;100;25;-1;-1;3795;3780;3773;857;857;Patienten mit Infektion werden separiert geführt (Liftausgang …);Chance;281;E-CMZ Klinikum Klagenfurt;142;classic;SI017;3795;1789;classic;24.03.2025;1;331;;10.03.2025;;2;OBEREDERF;1;;
19270153;12;4;4;64;16;-1;-1;3772;3781;3796;858;858;Steigerung der Sicherheit von Patient:innen, Mitarbeiter:innen und Dritter;Chance;281;E-CMZ Klinikum Klagenfurt;148;classic;SI023;3772;1789;classic;24.03.2025;1;331;;10.03.2025;;2;OBEREDERF;1;;
19270197;7;4;4;64;16;-1;-1;3766;3753;3770;859;859;Verbesserung der technischen Betriebssicherheit;Chance;281;E-CMZ Klinikum Klagenfurt;170;classic;TE018;3766;1789;classic;24.03.2025;1;331;;10.03.2025;;2;OBEREDERF;1;;
19270201;15;4;4;64;16;-1;-1;3767;3770;3755;860;860;Zusammenführung, Anbindung (BMA, GLT, FTS, Zutritt usw.) , Harmonisierung struktureller und technischer Standards und deren Auslegung (alt/neu) ==> Implementierung aktueller Haus- und Betriebstechnik;Chance;281;E-CMZ Klinikum Klagenfurt;172;classic;TE020;3767;1789;classic;24.03.2025;1;331;;10.03.2025;;2;OBEREDERF;1;;
19270177;15;4;4;64;16;-1;-1;3768;3751;3758;861;861;Fernwärme/Kälteversorgung für zukünftige Versorgung berücksichtigen (Neuverlegung, Trassenführung);Chance;281;E-CMZ Klinikum Klagenfurt;160;classic;TE008;3768;1789;classic;24.03.2025;1;331;;10.03.2025;;2;OBEREDERF;1;;
19270183;8;5;5;100;25;-1;-1;3769;3765;3756;862;862;Kollektorgänge für zukünftige Erweiterungen vorbereitet (Onkozentrum);Chance;281;E-CMZ Klinikum Klagenfurt;163;classic;TE011;3769;1789;classic;24.03.2025;1;331;;10.03.2025;;2;OBEREDERF;1;;
19416149;5;4;3;48;12;-1;-1;3825;3831;3834;682;682;Projektinhalt nicht mit medizinischer Leistungsplanung (BO-Planung) kompatibel;Risiko;281;E-CMZ Klinikum Klagenfurt;94;classic;PU011;3825;1790;classic;26.03.2025;1;1104;;10.03.2025;;2;KAB_RODLERL;1;;
19416101;5;4;4;64;16;-1;-1;3835;3832;3826;683;683;Konflikte mit anderen Projekten (nicht nur Bauprojekte) oder mit dem laufenden Betrieb;Risiko;281;E-CMZ Klinikum Klagenfurt;90;classic;PU007;3835;1790;classic;26.03.2025;1;1104;;10.03.2025;;2;KAB_RODLERL;1;;
19416029;4;4;2;32;8;-1;-1;3827;3842;3839;684;684;Auswirkung auf die Konsolidierungsbestrebungen;Risiko;281;E-CMZ Klinikum Klagenfurt;84;classic;PU001;3827;1790;classic;26.03.2025;1;1104;;10.03.2025;;2;KAB_RODLERL;1;;
19416125;4;3;3;36;9;-1;-1;3828;3826;3831;685;685;Politisch bedeutender Projektinhalt;Risiko;281;E-CMZ Klinikum Klagenfurt;92;classic;PU009;3828;1790;classic;26.03.2025;1;1104;;10.03.2025;;2;KAB_RODLERL;1;;
19416197;8;4;2;32;8;-1;-1;3829;3838;3824;686;686;Widerstand und Einfluss von außen (interne Organisationseinheiten, Anrainer …);Risiko;281;E-CMZ Klinikum Klagenfurt;98;classic;PU015;3829;1790;classic;26.03.2025;1;1104;;10.03.2025;;2;KAB_RODLERL;1;;
19416077;90;4;3;48;12;-1;-1;3830;3833;3832;687;687;keine Kompatibilität der Projektziele mit dem Versorgungsauftrag  (z. B. Betriebsziele, politische Ziele, Umsetzung ÖSG-RSG usw.);Risiko;281;E-CMZ Klinikum Klagenfurt;88;classic;PU005;3830;1790;classic;26.03.2025;1;1104;;10.03.2025;;2;KAB_RODLERL;1;;
19416137;5;3;3;36;9;-1;-1;3831;3828;3825;688;688;Projektfortschritt bzw. -laufzeiten können nicht eingehalten werden;Risiko;281;E-CMZ Klinikum Klagenfurt;93;classic;PU010;3831;1790;classic;26.03.2025;1;1104;;10.03.2025;;2;KAB_RODLERL;1;;
19416089;10;3;1;12;3;-1;-1;3832;3830;3835;689;689;keine Synchronisierung mit dem Masterplan 2030;Risiko;281;E-CMZ Klinikum Klagenfurt;89;classic;PU006;3832;1790;classic;26.03.2025;1;1104;;10.03.2025;;2;KAB_RODLERL;1;;
19416065;6;4;3;48;12;-1;-1;3833;3836;3830;690;690;keine Genehmigung ausreichender finanzieller Mittel;Risiko;281;E-CMZ Klinikum Klagenfurt;87;classic;PU004;3833;1790;classic;26.03.2025;1;1104;;10.03.2025;;2;KAB_RODLERL;1;;
19416161;2;4;3;48;12;-1;-1;3834;3825;3837;691;691;Terminkollisionen;Risiko;281;E-CMZ Klinikum Klagenfurt;95;classic;PU012;3834;1790;classic;26.03.2025;1;1104;;10.03.2025;;2;KAB_RODLERL;1;;
19415261;6;2;1;8;2;-1;-1;3890;3922;3895;692;692;Bestehende Bausubstanz schwierig oder nicht bekannt;Risiko;281;E-CMZ Klinikum Klagenfurt;20;classic;ÖU001;3890;1790;classic;26.03.2025;1;1104;;10.03.2025;;2;KAB_RODLERL;1;;
19415357;2;3;3;36;9;-1;-1;3891;3901;3892;693;693;Umwelteinflüsse können Projekt behindern oder beeinflussen;Risiko;281;E-CMZ Klinikum Klagenfurt;28;classic;ÖU009;3891;1790;classic;26.03.2025;1;1104;;10.03.2025;;2;KAB_RODLERL;1;;
19415369;3;3;4;48;12;-1;-1;3892;3891;3903;694;694;Umweltverträglichkeitsprüfungen;Risiko;281;E-CMZ Klinikum Klagenfurt;29;classic;ÖU010;3892;1790;classic;26.03.2025;1;1104;;10.03.2025;;2;KAB_RODLERL;1;;
19415333;5;3;4;48;12;-1;-1;3893;3894;3901;695;695;Projekt hat Auswirkungen auf Umwelt (Emissionen);Risiko;281;E-CMZ Klinikum Klagenfurt;26;classic;ÖU007;3893;1790;classic;26.03.2025;1;1104;;10.03.2025;;2;KAB_RODLERL;1;;
19415321;15;4;3;48;12;-1;-1;3894;3897;3893;696;696;Lärm- und Staubbelästigung während der Bauphase der Patient:innen und Mitarbeiter:innen in den umliegenden Gebäude(-teile) ==> Nähe Notfallaufnahme ==> zentraler Verkehrsknotenpunkt;Risiko;281;E-CMZ Klinikum Klagenfurt;25;classic;ÖU006;3894;1790;classic;26.03.2025;1;1104;;10.03.2025;;2;KAB_RODLERL;1;;
19273419;16;4;3;48;12;-1;-1;3769;3765;3756;862;862;Kollektorgänge für zukünftige Erweiterungen vorbereitet (Onkozentrum);Chance;281;E-CMZ Klinikum Klagenfurt;163;classic;TE011;3769;1781;classic;13.03.2025;1;1101;;10.03.2025;;1;KREUZH;1;;
19273403;7;4;4;64;16;-1;-1;3751;3761;3768;863;863;Business Continuity in Ableitung von der Unternehmensstrategie zu diesem Thema konzeptionell und in der Projektplanung vorsehen;Chance;281;E-CMZ Klinikum Klagenfurt;159;classic;TE007;3751;1781;classic;13.03.2025;1;1101;;10.03.2025;;1;KREUZH;1;;
19324167;4;4;3;48;12;-1;-1;3825;3831;3834;682;682;Projektinhalt nicht mit medizinischer Leistungsplanung (BO-Planung) kompatibel;Risiko;281;E-CMZ Klinikum Klagenfurt;94;classic;PU011;3825;1782;classic;18.03.2025;1;321;;10.03.2025;;1;SCHRATTERJ;1;;
19324127;3;3;3;36;9;-1;-1;3835;3832;3826;683;683;Konflikte mit anderen Projekten (nicht nur Bauprojekte) oder mit dem laufenden Betrieb;Risiko;281;E-CMZ Klinikum Klagenfurt;90;classic;PU007;3835;1782;classic;18.03.2025;1;321;;10.03.2025;;1;SCHRATTERJ;1;;
19324067;4;4;3;48;12;-1;-1;3827;3842;3839;684;684;Auswirkung auf die Konsolidierungsbestrebungen;Risiko;281;E-CMZ Klinikum Klagenfurt;84;classic;PU001;3827;1782;classic;18.03.2025;1;321;;10.03.2025;;1;SCHRATTERJ;1;;
19324147;6;3;3;36;9;-1;-1;3828;3826;3831;685;685;Politisch bedeutender Projektinhalt;Risiko;281;E-CMZ Klinikum Klagenfurt;92;classic;PU009;3828;1782;classic;18.03.2025;1;321;;10.03.2025;;1;SCHRATTERJ;1;;
19324207;4;3;4;48;12;-1;-1;3829;3838;3824;686;686;Widerstand und Einfluss von außen (interne Organisationseinheiten, Anrainer …);Risiko;281;E-CMZ Klinikum Klagenfurt;98;classic;PU015;3829;1782;classic;18.03.2025;1;321;;10.03.2025;;1;SCHRATTERJ;1;;
19324107;3;3;3;36;9;-1;-1;3830;3833;3832;687;687;keine Kompatibilität der Projektziele mit dem Versorgungsauftrag  (z. B. Betriebsziele, politische Ziele, Umsetzung ÖSG-RSG usw.);Risiko;281;E-CMZ Klinikum Klagenfurt;88;classic;PU005;3830;1782;classic;18.03.2025;1;321;;10.03.2025;;1;SCHRATTERJ;1;;
19324157;6;3;3;36;9;-1;-1;3831;3828;3825;688;688;Projektfortschritt bzw. -laufzeiten können nicht eingehalten werden;Risiko;281;E-CMZ Klinikum Klagenfurt;93;classic;PU010;3831;1782;classic;18.03.2025;1;321;;10.03.2025;;1;SCHRATTERJ;1;;
19324117;3;3;3;36;9;-1;-1;3832;3830;3835;689;689;keine Synchronisierung mit dem Masterplan 2030;Risiko;281;E-CMZ Klinikum Klagenfurt;89;classic;PU006;3832;1782;classic;18.03.2025;1;321;;10.03.2025;;1;SCHRATTERJ;1;;
19324097;3;3;3;36;9;-1;-1;3833;3836;3830;690;690;keine Genehmigung ausreichender finanzieller Mittel;Risiko;281;E-CMZ Klinikum Klagenfurt;87;classic;PU004;3833;1782;classic;18.03.2025;1;321;;10.03.2025;;1;SCHRATTERJ;1;;
19324177;3;4;3;48;12;-1;-1;3834;3825;3837;691;691;Terminkollisionen;Risiko;281;E-CMZ Klinikum Klagenfurt;95;classic;PU012;3834;1782;classic;18.03.2025;1;321;;10.03.2025;;1;SCHRATTERJ;1;;
19323427;16;2;2;16;4;-1;-1;3890;3922;3895;692;692;Bestehende Bausubstanz schwierig oder nicht bekannt;Risiko;281;E-CMZ Klinikum Klagenfurt;20;classic;ÖU001;3890;1782;classic;18.03.2025;1;321;;10.03.2025;;1;SCHRATTERJ;1;;
19323507;7;3;3;36;9;-1;-1;3891;3901;3892;693;693;Umwelteinflüsse können Projekt behindern oder beeinflussen;Risiko;281;E-CMZ Klinikum Klagenfurt;28;classic;ÖU009;3891;1782;classic;18.03.2025;1;321;;10.03.2025;;1;SCHRATTERJ;1;;
19323517;7;2;2;16;4;-1;-1;3892;3891;3903;694;694;Umweltverträglichkeitsprüfungen;Risiko;281;E-CMZ Klinikum Klagenfurt;29;classic;ÖU010;3892;1782;classic;18.03.2025;1;321;;10.03.2025;;1;SCHRATTERJ;1;;
19323487;4;3;3;36;9;-1;-1;3893;3894;3901;695;695;Projekt hat Auswirkungen auf Umwelt (Emissionen);Risiko;281;E-CMZ Klinikum Klagenfurt;26;classic;ÖU007;3893;1782;classic;18.03.2025;1;321;;10.03.2025;;1;SCHRATTERJ;1;;
19323477;4;3;3;36;9;-1;-1;3894;3897;3893;696;696;Lärm- und Staubbelästigung während der Bauphase der Patient:innen und Mitarbeiter:innen in den umliegenden Gebäude(-teile) ==> Nähe Notfallaufnahme ==> zentraler Verkehrsknotenpunkt;Risiko;281;E-CMZ Klinikum Klagenfurt;25;classic;ÖU006;3894;1782;classic;18.03.2025;1;321;;10.03.2025;;1;SCHRATTERJ;1;;
19323437;4;3;3;36;9;-1;-1;3895;3890;3896;697;697;Erschütterungen während der Bauphase;Risiko;281;E-CMZ Klinikum Klagenfurt;21;classic;ÖU002;3895;1782;classic;18.03.2025;1;321;;10.03.2025;;1;SCHRATTERJ;1;;
19323527;5;3;3;36;9;-1;-1;3903;3892;3900;698;698;unbekannte Einbauten im Boden;Risiko;281;E-CMZ Klinikum Klagenfurt;30;classic;ÖU011;3903;1782;classic;18.03.2025;1;321;;10.03.2025;;1;SCHRATTERJ;1;;
19323467;11;2;2;16;4;-1;-1;3897;3902;3894;699;699;keine Kenntnis über das Ausmaß des kontaminierten Abbruchmaterials (Asbest, gefährliche Stoffe) und kontaminierte Einbauten im Baugrund;Risiko;281;E-CMZ Klinikum Klagenfurt;24;classic;ÖU005;3897;1782;classic;18.03.2025;1;321;;10.03.2025;;1;SCHRATTERJ;1;;
19323547;5;3;3;36;9;-1;-1;3898;3900;3899;700;700;Verunreinigung angrenzender Gebäude;Risiko;281;E-CMZ Klinikum Klagenfurt;32;classic;ÖU013;3898;1782;classic;18.03.2025;1;321;;10.03.2025;;1;SCHRATTERJ;1;;
19323557;10;5;3;60;15;-1;-1;3899;3898;3873;701;701;Verunreinigung des Grundwasser;Risiko;281;E-CMZ Klinikum Klagenfurt;33;classic;ÖU014;3899;1782;classic;18.03.2025;1;321;;10.03.2025;;1;SCHRATTERJ;1;;
19323537;4;3;3;36;9;-1;-1;3900;3903;3898;702;702;unkontrollierter Wassereintritt;Risiko;281;E-CMZ Klinikum Klagenfurt;31;classic;ÖU012;3900;1782;classic;18.03.2025;1;321;;10.03.2025;;1;SCHRATTERJ;1;;
19323497;6;3;3;36;9;-1;-1;3901;3893;3891;703;703;Umsetzen/Einhalten Klima-Aktiv-Gold Standard;Risiko;281;E-CMZ Klinikum Klagenfurt;27;classic;ÖU008;3901;1782;classic;18.03.2025;1;321;;10.03.2025;;1;SCHRATTERJ;1;;
19324467;5;4;4;64;16;-1;-1;3798;3806;3805;704;704;Verzögerungen in diversen Vergabeverfahren (Einsprüche) vor allem bei Schlüsselgewerken;Risiko;281;E-CMZ Klinikum Klagenfurt;124;classic;RA010;3798;1782;classic;18.03.2025;1;321;;10.03.2025;;1;SCHRATTERJ;1;;
19324407;4;4;4;64;16;-1;-1;3799;3801;3800;705;705;Einlangen einer Klage;Risiko;281;E-CMZ Klinikum Klagenfurt;118;classic;RA004;3799;1782;classic;18.03.2025;1;321;;10.03.2025;;1;SCHRATTERJ;1;;
19324417;3;3;4;48;12;-1;-1;3800;3799;3804;706;706;Errichtungsbewilligung kann nicht erteilt werden;Risiko;281;E-CMZ Klinikum Klagenfurt;119;classic;RA005;3800;1782;classic;18.03.2025;1;321;;10.03.2025;;1;SCHRATTERJ;1;;
19324397;3;3;4;48;12;-1;-1;3801;3808;3799;707;707;Betriebsbewilligung kann nicht erteilt werden;Risiko;281;E-CMZ Klinikum Klagenfurt;117;classic;RA003;3801;1782;classic;18.03.2025;1;321;;10.03.2025;;1;SCHRATTERJ;1;;
19324377;7;3;4;48;12;-1;-1;3802;3809;3808;708;708;Behördenauflagen sind nicht ausführbar (wurden davor nicht abgeklärt/erkundet/erfragt);Risiko;281;E-CMZ Klinikum Klagenfurt;115;classic;RA001;3802;1782;classic;18.03.2025;1;321;;10.03.2025;;1;SCHRATTERJ;1;;
19324387;8;3;4;48;12;-1;-1;3808;3802;3801;709;709;Bescheidauflagen können unter Einhaltung des Kostenrahmens nicht umgesetzt werden;Risiko;281;E-CMZ Klinikum Klagenfurt;116;classic;RA002;3808;1782;classic;18.03.2025;1;321;;10.03.2025;;1;SCHRATTERJ;1;;
19353078;7;2;3;24;6;-1;-1;3884;3873;3865;784;784;die Informationsweitergabe von Hygienevorgaben an die Mitarbeiter des AN ist mangelhaft;Risiko;281;E-CMZ Klinikum Klagenfurt;35;classic;PA002;3884;1785;classic;20.03.2025;1;1106;;10.03.2025;;1;KAB_GODECP;1;;
19353133;7;4;3;48;12;-1;-1;3885;3888;3883;785;785;gemeinsame Nutzung der Sanitär-Anlagen und die daraus resultierende Verunreinigung;Risiko;281;E-CMZ Klinikum Klagenfurt;40;classic;PA007;3885;1785;classic;20.03.2025;1;1106;;10.03.2025;;1;KAB_GODECP;1;;
19353221;7;4;3;48;12;-1;-1;3886;3877;3887;786;786;mikrobiologische Verkeimung der bestehenden Wasserleitungen;Risiko;281;E-CMZ Klinikum Klagenfurt;48;classic;PA015;3886;1785;classic;20.03.2025;1;1106;;10.03.2025;;1;KAB_GODECP;1;;
19353232;7;3;3;36;9;-1;-1;3887;3886;3872;787;787;nicht erkannte Hygieneprobleme;Risiko;281;E-CMZ Klinikum Klagenfurt;49;classic;PA016;3887;1785;classic;20.03.2025;1;1106;;10.03.2025;;1;KAB_GODECP;1;;
19353122;7;3;3;36;9;-1;-1;3888;3875;3885;788;788;es besteht kein effizientes Änderungsmanagement;Risiko;281;E-CMZ Klinikum Klagenfurt;39;classic;PA006;3888;1785;classic;20.03.2025;1;1106;;10.03.2025;;1;KAB_GODECP;1;;
19353298;3;4;4;64;16;-1;-1;3866;3879;3882;789;789;verzögerte Freigabe von Planungsschritten und Genehmigungschritten (PA1);Risiko;281;E-CMZ Klinikum Klagenfurt;55;classic;PA022;3866;1785;classic;20.03.2025;1;1106;;10.03.2025;;1;KAB_GODECP;1;;
19353375;6;4;3;48;12;-1;-1;3849;3850;3857;790;790;Folgekostenermittlung nicht transparent;Risiko;281;E-CMZ Klinikum Klagenfurt;62;classic;PF004;3849;1785;classic;20.03.2025;1;1106;;10.03.2025;;1;KAB_GODECP;1;;
19353364;5;4;3;48;12;-1;-1;3850;3864;3849;791;791;Betriebsorganisationskonzept nicht gelöst;Risiko;281;E-CMZ Klinikum Klagenfurt;61;classic;PF003;3850;1785;classic;20.03.2025;1;1106;;10.03.2025;;1;KAB_GODECP;1;;
19353507;10;4;3;48;12;-1;-1;3851;3852;3858;792;792;Unerfüllbare Erwartungshaltung an Auftragnehmer;Risiko;281;E-CMZ Klinikum Klagenfurt;74;classic;PF016;3851;1785;classic;20.03.2025;1;1106;;10.03.2025;;1;KAB_GODECP;1;;
19353496;7;3;3;36;9;-1;-1;3852;3856;3851;793;793;Schulungs- und Einführungsaufwand groß (vor der Inbetriebnahme);Risiko;281;E-CMZ Klinikum Klagenfurt;73;classic;PF015;3852;1785;classic;20.03.2025;1;1106;;10.03.2025;;1;KAB_GODECP;1;;
19353463;10;4;3;48;12;-1;-1;3853;3862;3854;794;794;Organisatorische Veränderungen einschneidend;Risiko;281;E-CMZ Klinikum Klagenfurt;70;classic;PF012;3853;1785;classic;20.03.2025;1;1106;;10.03.2025;;1;KAB_GODECP;1;;
19353474;8;4;4;64;16;-1;-1;3854;3853;3856;795;795;Personelle Veränderungen groß;Risiko;281;E-CMZ Klinikum Klagenfurt;71;classic;PF013;3854;1785;classic;20.03.2025;1;1106;;10.03.2025;;1;KAB_GODECP;1;;
19353408;19;4;1;16;4;-1;-1;3855;3863;3861;796;796;Imageschaden durch Qualitätsverlust;Risiko;281;E-CMZ Klinikum Klagenfurt;65;classic;PF007;3855;1785;classic;20.03.2025;1;1106;;10.03.2025;;1;KAB_GODECP;1;;
19353485;26;4;3;48;12;-1;-1;3856;3854;3852;797;797;Raumplanung nicht am Betriebsbedarf ausgerichtet;Risiko;281;E-CMZ Klinikum Klagenfurt;72;classic;PF014;3856;1785;classic;20.03.2025;1;1106;;10.03.2025;;1;KAB_GODECP;1;;
19353518;10;3;4;48;12;-1;-1;3858;3851;3841;799;799;zusätzlicher Betrieb leer stehender Gebäude;Risiko;281;E-CMZ Klinikum Klagenfurt;75;classic;PF017;3858;1785;classic;20.03.2025;1;1106;;10.03.2025;;1;KAB_GODECP;1;;
19353441;9;4;2;32;8;-1;-1;3859;3860;3862;800;800;keine Berücksichtung der Veränderung der medizinischen Standards von der Planung bis zur Fertigstellung (ca. 6 Jahre);Risiko;281;E-CMZ Klinikum Klagenfurt;68;classic;PF010;3859;1785;classic;20.03.2025;1;1106;;10.03.2025;;1;KAB_GODECP;1;;
19353430;8;4;3;48;12;-1;-1;3860;3861;3859;801;801;keine ausreichende Berücksichtigung von Kapazitäten, Zeit, Kosten in der Planung der Übersiedelung;Risiko;281;E-CMZ Klinikum Klagenfurt;67;classic;PF009;3860;1785;classic;20.03.2025;1;1106;;10.03.2025;;1;KAB_GODECP;1;;
19353419;12;4;3;48;12;-1;-1;3861;3855;3860;802;802;keine ausreichende Berücksichtigung der Schnittstellen zwischen Projekt und laufendem Betrieb (technisch);Risiko;281;E-CMZ Klinikum Klagenfurt;66;classic;PF008;3861;1785;classic;20.03.2025;1;1106;;10.03.2025;;1;KAB_GODECP;1;;
19353452;6;4;3;48;12;-1;-1;3862;3859;3853;803;803;Neu-Bewilligungen werden notwendig;Risiko;281;E-CMZ Klinikum Klagenfurt;69;classic;PF011;3862;1785;classic;20.03.2025;1;1106;;10.03.2025;;1;KAB_GODECP;1;;
19354332;178;4;4;64;16;-1;-1;3796;3772;3783;804;804;Unbefugte Personen im Baustellenbereich;Risiko;281;E-CMZ Klinikum Klagenfurt;149;classic;SI024;3796;1785;classic;20.03.2025;1;1106;;10.03.2025;;1;KAB_GODECP;1;;
19354167;6;4;2;32;8;-1;-1;3797;3793;3785;805;805;Fehlender Check gegen interne Policies (Projektphasen …);Risiko;281;E-CMZ Klinikum Klagenfurt;134;classic;SI009;3797;1785;classic;20.03.2025;1;1106;;10.03.2025;;1;KAB_GODECP;1;;
19354266;5;4;3;48;12;-1;-1;3773;3795;3784;806;806;Projektumfeld risikoreich (Projektphasen …);Risiko;281;E-CMZ Klinikum Klagenfurt;143;classic;SI018;3773;1785;classic;20.03.2025;1;1106;;10.03.2025;;1;KAB_GODECP;1;;
19354134;7;3;3;36;9;-1;-1;3774;3779;3792;807;807;Erhöhte Gefährdung von Personen und Anlagen (Projektphasen …);Risiko;281;E-CMZ Klinikum Klagenfurt;131;classic;SI006;3774;1785;classic;20.03.2025;1;1106;;10.03.2025;;1;KAB_GODECP;1;;
19354233;9;3;3;36;9;-1;-1;3775;3788;3780;808;808;Mangelnder Brandschutz (Projektphasen …);Risiko;281;E-CMZ Klinikum Klagenfurt;140;classic;SI015;3775;1785;classic;20.03.2025;1;1106;;10.03.2025;;1;KAB_GODECP;1;;
19354189;7;4;3;48;12;-1;-1;3776;3785;3786;809;809;Heißarbeiten während der Bauphasen (Flämmarbeiten, Schweißarbeiten, Flexarbeiten usw.).;Risiko;281;E-CMZ Klinikum Klagenfurt;136;classic;SI011;3776;1785;classic;20.03.2025;1;1106;;10.03.2025;;1;KAB_GODECP;1;;
19354112;14;3;1;12;3;-1;-1;3777;3789;3779;810;810;Eingriff in den Bestand (Abschaltung von Brandmeldelinien ) keine Überwachung während der Abschaltungen;Risiko;281;E-CMZ Klinikum Klagenfurt;129;classic;SI004;3777;1785;classic;20.03.2025;1;1106;;10.03.2025;;1;KAB_GODECP;1;;
19354123;14;3;3;36;9;-1;-1;3779;3777;3774;812;812;Eingriff in die bestehenden Stiegenhäuser (Sperre des Fluchtweg / Notausgang);Risiko;281;E-CMZ Klinikum Klagenfurt;130;classic;SI005;3779;1785;classic;20.03.2025;1;1106;;10.03.2025;;1;KAB_GODECP;1;;
19354244;70;2;1;8;2;-1;-1;3780;3775;3795;813;813;Öffnung von diversen Brandabschottungen / Brandabschnitten / Rauchabschnitten im Bestand;Risiko;281;E-CMZ Klinikum Klagenfurt;141;classic;SI016;3780;1785;classic;20.03.2025;1;1106;;10.03.2025;;1;KAB_GODECP;1;;
19415273;2;3;2;24;6;-1;-1;3895;3890;3896;697;697;Erschütterungen während der Bauphase;Risiko;281;E-CMZ Klinikum Klagenfurt;21;classic;ÖU002;3895;1790;classic;26.03.2025;1;1104;;10.03.2025;;2;KAB_RODLERL;1;;
19415381;6;4;2;32;8;-1;-1;3903;3892;3900;698;698;unbekannte Einbauten im Boden;Risiko;281;E-CMZ Klinikum Klagenfurt;30;classic;ÖU011;3903;1790;classic;26.03.2025;1;1104;;10.03.2025;;2;KAB_RODLERL;1;;
19415309;9;4;2;32;8;-1;-1;3897;3902;3894;699;699;keine Kenntnis über das Ausmaß des kontaminierten Abbruchmaterials (Asbest, gefährliche Stoffe) und kontaminierte Einbauten im Baugrund;Risiko;281;E-CMZ Klinikum Klagenfurt;24;classic;ÖU005;3897;1790;classic;26.03.2025;1;1104;;10.03.2025;;2;KAB_RODLERL;1;;
19415405;2;3;3;36;9;-1;-1;3898;3900;3899;700;700;Verunreinigung angrenzender Gebäude;Risiko;281;E-CMZ Klinikum Klagenfurt;32;classic;ÖU013;3898;1790;classic;26.03.2025;1;1104;;10.03.2025;;2;KAB_RODLERL;1;;
19415417;12;2;4;32;8;-1;-1;3899;3898;3873;701;701;Verunreinigung des Grundwasser;Risiko;281;E-CMZ Klinikum Klagenfurt;33;classic;ÖU014;3899;1790;classic;26.03.2025;1;1104;;10.03.2025;;2;KAB_RODLERL;1;;
19415393;5;3;3;36;9;-1;-1;3900;3903;3898;702;702;unkontrollierter Wassereintritt;Risiko;281;E-CMZ Klinikum Klagenfurt;31;classic;ÖU012;3900;1790;classic;26.03.2025;1;1104;;10.03.2025;;2;KAB_RODLERL;1;;
19415345;6;3;3;36;9;-1;-1;3901;3893;3891;703;703;Umsetzen/Einhalten Klima-Aktiv-Gold Standard;Risiko;281;E-CMZ Klinikum Klagenfurt;27;classic;ÖU008;3901;1790;classic;26.03.2025;1;1104;;10.03.2025;;2;KAB_RODLERL;1;;
19416509;6;4;3;48;12;-1;-1;3798;3806;3805;704;704;Verzögerungen in diversen Vergabeverfahren (Einsprüche) vor allem bei Schlüsselgewerken;Risiko;281;E-CMZ Klinikum Klagenfurt;124;classic;RA010;3798;1790;classic;26.03.2025;1;1104;;10.03.2025;;2;KAB_RODLERL;1;;
19416437;6;3;3;36;9;-1;-1;3799;3801;3800;705;705;Einlangen einer Klage;Risiko;281;E-CMZ Klinikum Klagenfurt;118;classic;RA004;3799;1790;classic;26.03.2025;1;1104;;10.03.2025;;2;KAB_RODLERL;1;;
19416449;4;5;1;20;5;-1;-1;3800;3799;3804;706;706;Errichtungsbewilligung kann nicht erteilt werden;Risiko;281;E-CMZ Klinikum Klagenfurt;119;classic;RA005;3800;1790;classic;26.03.2025;1;1104;;10.03.2025;;2;KAB_RODLERL;1;;
19416425;4;5;1;20;5;-1;-1;3801;3808;3799;707;707;Betriebsbewilligung kann nicht erteilt werden;Risiko;281;E-CMZ Klinikum Klagenfurt;117;classic;RA003;3801;1790;classic;26.03.2025;1;1104;;10.03.2025;;2;KAB_RODLERL;1;;
19416401;8;4;1;16;4;-1;-1;3802;3809;3808;708;708;Behördenauflagen sind nicht ausführbar (wurden davor nicht abgeklärt/erkundet/erfragt);Risiko;281;E-CMZ Klinikum Klagenfurt;115;classic;RA001;3802;1790;classic;26.03.2025;1;1104;;10.03.2025;;2;KAB_RODLERL;1;;
19416413;4;4;2;32;8;-1;-1;3808;3802;3801;709;709;Bescheidauflagen können unter Einhaltung des Kostenrahmens nicht umgesetzt werden;Risiko;281;E-CMZ Klinikum Klagenfurt;116;classic;RA002;3808;1790;classic;26.03.2025;1;1104;;10.03.2025;;2;KAB_RODLERL;1;;
19416461;4;4;3;48;12;-1;-1;3804;3800;3807;710;710;Gesetzliche Vorgaben können nicht eingehalten werden (bestehende Ausnahmeregelung, Betriebsvereinbarung …);Risiko;281;E-CMZ Klinikum Klagenfurt;120;classic;RA006;3804;1790;classic;26.03.2025;1;1104;;10.03.2025;;2;KAB_RODLERL;1;;
19416521;7;4;1;16;4;-1;-1;3805;3798;3778;711;711;Vorabklärung mit der Behörde nicht durchgeführt (z.B. Landesrechnungshof);Risiko;281;E-CMZ Klinikum Klagenfurt;125;classic;RA011;3805;1790;classic;26.03.2025;1;1104;;10.03.2025;;2;KAB_RODLERL;1;;
19416497;12;4;2;32;8;-1;-1;3806;3803;3798;712;712;Notwendige gutachterliche/fachplanerische Stellungnahme nicht vorhanden;Risiko;281;E-CMZ Klinikum Klagenfurt;123;classic;RA009;3806;1790;classic;26.03.2025;1;1104;;10.03.2025;;2;KAB_RODLERL;1;;
19416473;4;4;2;32;8;-1;-1;3807;3804;3803;713;713;keine Berücksichtigung etwaiger gesetzlicher Vorgaben des Strahlenschutz im Rahmen von Bautätigkeiten;Risiko;281;E-CMZ Klinikum Klagenfurt;121;classic;RA007;3807;1790;classic;26.03.2025;1;1104;;10.03.2025;;2;KAB_RODLERL;1;;
19416485;6;4;2;32;8;-1;-1;3803;3807;3806;714;714;negative Stellungnahme durch den L-RH;Risiko;281;E-CMZ Klinikum Klagenfurt;122;classic;RA008;3803;1790;classic;26.03.2025;1;1104;;10.03.2025;;2;KAB_RODLERL;1;;
19417205;9;4;3;48;12;-1;-1;3741;3746;0;715;715;Politische Entscheide;Risiko;281;E-CMZ Klinikum Klagenfurt;182;classic;UV009;3741;1790;classic;26.03.2025;1;1104;;10.03.2025;;2;KAB_RODLERL;1;;
19417169;8;3;3;36;9;-1;-1;3742;3747;3749;716;716;Marktentwicklung;Risiko;281;E-CMZ Klinikum Klagenfurt;179;classic;UV006;3742;1790;classic;26.03.2025;1;1104;;10.03.2025;;2;KAB_RODLERL;1;;
19417133;29;5;3;60;15;-1;-1;3743;3745;3748;717;717;Beschaffenheit des Baugrunds nicht ausreichend bekannt;Risiko;281;E-CMZ Klinikum Klagenfurt;176;classic;UV003;3743;1790;classic;26.03.2025;1;1104;;10.03.2025;;2;KAB_RODLERL;1;;
19417109;8;4;3;48;12;-1;-1;3744;3755;3745;718;718;Altbestand nicht ausreichend bekannt;Risiko;281;E-CMZ Klinikum Klagenfurt;174;classic;UV001;3744;1790;classic;26.03.2025;1;1104;;10.03.2025;;2;KAB_RODLERL;1;;
19417181;11;3;4;48;12;-1;-1;3749;3742;3746;719;719;nicht einschätzbare Beschaffungsmarkt-  und -angebotspreisentwicklung;Risiko;281;E-CMZ Klinikum Klagenfurt;180;classic;UV007;3749;1790;classic;26.03.2025;1;1104;;10.03.2025;;2;KAB_RODLERL;1;;
19417193;23;4;3;48;12;-1;-1;3746;3749;3741;720;720;nicht einschätzbare Verzögerungen, Unterbrechungen und Ausfälle von Lieferketten und Leistungen;Risiko;281;E-CMZ Klinikum Klagenfurt;181;classic;UV008;3746;1790;classic;26.03.2025;1;1104;;10.03.2025;;2;KAB_RODLERL;1;;
19417157;5;5;3;60;15;-1;-1;3747;3748;3742;721;721;Konkurs von Auftragsnehmern;Risiko;281;E-CMZ Klinikum Klagenfurt;178;classic;UV005;3747;1790;classic;26.03.2025;1;1104;;10.03.2025;;2;KAB_RODLERL;1;;
19417145;15;4;3;48;12;-1;-1;3748;3743;3747;722;722;fehlende Bieter im Vergabeverfahren (z. B. Planer und ausführende Gewerke);Risiko;281;E-CMZ Klinikum Klagenfurt;177;classic;UV004;3748;1790;classic;26.03.2025;1;1104;;10.03.2025;;2;KAB_RODLERL;1;;
19417121;10;4;3;48;12;-1;-1;3745;3744;3743;723;723;Änderung/Reduktion der/des medizinischen Leistungsplanung/-spektrums/-angebotsplanung;Risiko;281;E-CMZ Klinikum Klagenfurt;175;classic;UV002;3745;1790;classic;26.03.2025;1;1104;;10.03.2025;;2;KAB_RODLERL;1;;
19416389;2;4;3;48;12;-1;-1;3809;3815;3802;724;724;Projektziele zu wenig klar festgelegt oder nachträglich geändert;Risiko;281;E-CMZ Klinikum Klagenfurt;114;classic;PV016;3809;1790;classic;26.03.2025;1;1104;;10.03.2025;;2;KAB_RODLERL;1;;
19416341;3;3;3;36;9;-1;-1;3810;3816;3818;725;725;Projektanforderungen ungenügend definiert/kommuniziert;Risiko;281;E-CMZ Klinikum Klagenfurt;110;classic;PV012;3810;1790;classic;26.03.2025;1;1104;;10.03.2025;;2;KAB_RODLERL;1;;
19416305;2;3;3;36;9;-1;-1;3811;3812;3820;726;726;Nutzeranforderungen zu wenig klar bestimmt;Risiko;281;E-CMZ Klinikum Klagenfurt;107;classic;PV009;3811;1790;classic;26.03.2025;1;1104;;10.03.2025;;2;KAB_RODLERL;1;;
19324427;4;3;4;48;12;-1;-1;3804;3800;3807;710;710;Gesetzliche Vorgaben können nicht eingehalten werden (bestehende Ausnahmeregelung, Betriebsvereinbarung …);Risiko;281;E-CMZ Klinikum Klagenfurt;120;classic;RA006;3804;1782;classic;18.03.2025;1;321;;10.03.2025;;1;SCHRATTERJ;1;;
19324477;4;3;4;48;12;-1;-1;3805;3798;3778;711;711;Vorabklärung mit der Behörde nicht durchgeführt (z.B. Landesrechnungshof);Risiko;281;E-CMZ Klinikum Klagenfurt;125;classic;RA011;3805;1782;classic;18.03.2025;1;321;;10.03.2025;;1;SCHRATTERJ;1;;
19324457;3;3;4;48;12;-1;-1;3806;3803;3798;712;712;Notwendige gutachterliche/fachplanerische Stellungnahme nicht vorhanden;Risiko;281;E-CMZ Klinikum Klagenfurt;123;classic;RA009;3806;1782;classic;18.03.2025;1;321;;10.03.2025;;1;SCHRATTERJ;1;;
19324437;3;3;4;48;12;-1;-1;3807;3804;3803;713;713;keine Berücksichtigung etwaiger gesetzlicher Vorgaben des Strahlenschutz im Rahmen von Bautätigkeiten;Risiko;281;E-CMZ Klinikum Klagenfurt;121;classic;RA007;3807;1782;classic;18.03.2025;1;321;;10.03.2025;;1;SCHRATTERJ;1;;
19324447;4;3;4;48;12;-1;-1;3803;3807;3806;714;714;negative Stellungnahme durch den L-RH;Risiko;281;E-CMZ Klinikum Klagenfurt;122;classic;RA008;3803;1782;classic;18.03.2025;1;321;;10.03.2025;;1;SCHRATTERJ;1;;
19325047;2;4;4;64;16;-1;-1;3741;3746;0;715;715;Politische Entscheide;Risiko;281;E-CMZ Klinikum Klagenfurt;182;classic;UV009;3741;1782;classic;18.03.2025;1;321;;10.03.2025;;1;SCHRATTERJ;1;;
19325017;3;4;4;64;16;-1;-1;3742;3747;3749;716;716;Marktentwicklung;Risiko;281;E-CMZ Klinikum Klagenfurt;179;classic;UV006;3742;1782;classic;18.03.2025;1;321;;10.03.2025;;1;SCHRATTERJ;1;;
19324987;3;3;3;36;9;-1;-1;3743;3745;3748;717;717;Beschaffenheit des Baugrunds nicht ausreichend bekannt;Risiko;281;E-CMZ Klinikum Klagenfurt;176;classic;UV003;3743;1782;classic;18.03.2025;1;321;;10.03.2025;;1;SCHRATTERJ;1;;
19324967;4;3;3;36;9;-1;-1;3744;3755;3745;718;718;Altbestand nicht ausreichend bekannt;Risiko;281;E-CMZ Klinikum Klagenfurt;174;classic;UV001;3744;1782;classic;18.03.2025;1;321;;10.03.2025;;1;SCHRATTERJ;1;;
19325027;3;4;4;64;16;-1;-1;3749;3742;3746;719;719;nicht einschätzbare Beschaffungsmarkt-  und -angebotspreisentwicklung;Risiko;281;E-CMZ Klinikum Klagenfurt;180;classic;UV007;3749;1782;classic;18.03.2025;1;321;;10.03.2025;;1;SCHRATTERJ;1;;
19325037;2;4;4;64;16;-1;-1;3746;3749;3741;720;720;nicht einschätzbare Verzögerungen, Unterbrechungen und Ausfälle von Lieferketten und Leistungen;Risiko;281;E-CMZ Klinikum Klagenfurt;181;classic;UV008;3746;1782;classic;18.03.2025;1;321;;10.03.2025;;1;SCHRATTERJ;1;;
19325007;3;4;4;64;16;-1;-1;3747;3748;3742;721;721;Konkurs von Auftragsnehmern;Risiko;281;E-CMZ Klinikum Klagenfurt;178;classic;UV005;3747;1782;classic;18.03.2025;1;321;;10.03.2025;;1;SCHRATTERJ;1;;
19324997;5;3;4;48;12;-1;-1;3748;3743;3747;722;722;fehlende Bieter im Vergabeverfahren (z. B. Planer und ausführende Gewerke);Risiko;281;E-CMZ Klinikum Klagenfurt;177;classic;UV004;3748;1782;classic;18.03.2025;1;321;;10.03.2025;;1;SCHRATTERJ;1;;
19324977;3;3;3;36;9;-1;-1;3745;3744;3743;723;723;Änderung/Reduktion der/des medizinischen Leistungsplanung/-spektrums/-angebotsplanung;Risiko;281;E-CMZ Klinikum Klagenfurt;175;classic;UV002;3745;1782;classic;18.03.2025;1;321;;10.03.2025;;1;SCHRATTERJ;1;;
19324367;3;3;3;36;9;-1;-1;3809;3815;3802;724;724;Projektziele zu wenig klar festgelegt oder nachträglich geändert;Risiko;281;E-CMZ Klinikum Klagenfurt;114;classic;PV016;3809;1782;classic;18.03.2025;1;321;;10.03.2025;;1;SCHRATTERJ;1;;
19324327;4;4;3;48;12;-1;-1;3810;3816;3818;725;725;Projektanforderungen ungenügend definiert/kommuniziert;Risiko;281;E-CMZ Klinikum Klagenfurt;110;classic;PV012;3810;1782;classic;18.03.2025;1;321;;10.03.2025;;1;SCHRATTERJ;1;;
19324297;4;2;3;24;6;-1;-1;3811;3812;3820;726;726;Nutzeranforderungen zu wenig klar bestimmt;Risiko;281;E-CMZ Klinikum Klagenfurt;107;classic;PV009;3811;1782;classic;18.03.2025;1;321;;10.03.2025;;1;SCHRATTERJ;1;;
19324287;3;3;3;36;9;-1;-1;3812;3821;3811;727;727;Nutzer-, Betreiber- und Herstellverantwortung ungenügend definiert;Risiko;281;E-CMZ Klinikum Klagenfurt;106;classic;PV008;3812;1782;classic;18.03.2025;1;321;;10.03.2025;;1;SCHRATTERJ;1;;
19324227;6;3;4;48;12;-1;-1;3813;3824;3814;728;728;Enger Kostenrahmen, keine vollständige finanzielle Deckung vorhanden;Risiko;281;E-CMZ Klinikum Klagenfurt;100;classic;PV002;3813;1782;classic;18.03.2025;1;321;;10.03.2025;;1;SCHRATTERJ;1;;
19324237;3;3;4;48;12;-1;-1;3814;3813;3822;729;729;Enger Terminplan;Risiko;281;E-CMZ Klinikum Klagenfurt;101;classic;PV003;3814;1782;classic;18.03.2025;1;321;;10.03.2025;;1;SCHRATTERJ;1;;
19324357;4;3;3;36;9;-1;-1;3815;3817;3809;730;730;Projektziele (Projektgrenzen …) mit Unternehmensziel nicht kompatibel;Risiko;281;E-CMZ Klinikum Klagenfurt;113;classic;PV015;3815;1782;classic;18.03.2025;1;321;;10.03.2025;;1;SCHRATTERJ;1;;
19324317;4;3;4;48;12;-1;-1;3816;3820;3810;731;731;Projektänderungen mit Unternehmensziel oder Projektziel nicht kompatibel;Risiko;281;E-CMZ Klinikum Klagenfurt;109;classic;PV011;3816;1782;classic;18.03.2025;1;321;;10.03.2025;;1;SCHRATTERJ;1;;
19324347;4;3;3;36;9;-1;-1;3817;3818;3815;732;732;Projektvorgaben mit den besonderen Bestimmungen (z.B. Sozialversicherungsträger, Umweltbestimmungen uvm.) nicht kompatibel;Risiko;281;E-CMZ Klinikum Klagenfurt;112;classic;PV014;3817;1782;classic;18.03.2025;1;321;;10.03.2025;;1;SCHRATTERJ;1;;
19324337;3;4;3;48;12;-1;-1;3818;3810;3817;733;733;Projektinhalt nicht klar abgegrenzt;Risiko;281;E-CMZ Klinikum Klagenfurt;111;classic;PV013;3818;1782;classic;18.03.2025;1;321;;10.03.2025;;1;SCHRATTERJ;1;;
19324267;5;3;3;36;9;-1;-1;3819;3823;3821;734;734;keine Identifikation der Schlüsselpositionen mit dem Projekt und den damit in Verbindung stehenden Zielen;Risiko;281;E-CMZ Klinikum Klagenfurt;104;classic;PV006;3819;1782;classic;18.03.2025;1;321;;10.03.2025;;1;SCHRATTERJ;1;;
19324307;4;3;2;24;6;-1;-1;3820;3811;3816;735;735;Planungsfehler (z. B. Vorhabensbudget, Investitionsprogramm, Betriebsbudget, Folgekosten usw.);Risiko;281;E-CMZ Klinikum Klagenfurt;108;classic;PV010;3820;1782;classic;18.03.2025;1;321;;10.03.2025;;1;SCHRATTERJ;1;;
19324277;7;3;3;36;9;-1;-1;3821;3819;3812;736;736;keine Kompatibilität der Projektziele mit den Abteilungszielen/Nutzer;Risiko;281;E-CMZ Klinikum Klagenfurt;105;classic;PV007;3821;1782;classic;18.03.2025;1;321;;10.03.2025;;1;SCHRATTERJ;1;;
19324247;3;3;3;36;9;-1;-1;3822;3814;3823;737;737;keine ausreichend klare Formulierung der Projektziele;Risiko;281;E-CMZ Klinikum Klagenfurt;102;classic;PV004;3822;1782;classic;18.03.2025;1;321;;10.03.2025;;1;SCHRATTERJ;1;;
19324257;5;3;3;36;9;-1;-1;3823;3822;3819;738;738;keine ausreichende Berücksichtigung der Nutzeranforderungen in der Planung;Risiko;281;E-CMZ Klinikum Klagenfurt;103;classic;PV005;3823;1782;classic;18.03.2025;1;321;;10.03.2025;;1;SCHRATTERJ;1;;
19324217;4;3;4;48;12;-1;-1;3824;3829;3813;739;739;Baufeld im zentralen Krankenhausumfeld;Risiko;281;E-CMZ Klinikum Klagenfurt;99;classic;PV001;3824;1782;classic;18.03.2025;1;321;;10.03.2025;;1;SCHRATTERJ;1;;
19354310;8;3;4;48;12;-1;-1;3781;3794;3772;814;814;Sperre von Bereichen in der Tiefgarage (Technik für die BRV Anlage fehlt während der Bauphase);Risiko;281;E-CMZ Klinikum Klagenfurt;147;classic;SI022;3781;1785;classic;20.03.2025;1;1106;;10.03.2025;;1;KAB_GODECP;1;;
19354288;10;3;4;48;12;-1;-1;3782;3784;3794;815;815;Rauchen und offenes Licht im BAUFELD / BAUSTELLE;Risiko;281;E-CMZ Klinikum Klagenfurt;145;classic;SI020;3782;1785;classic;20.03.2025;1;1106;;10.03.2025;;1;KAB_GODECP;1;;
19354343;5;4;3;48;12;-1;-1;3783;3796;3790;816;816;Verstellte Fluchtwege;Risiko;281;E-CMZ Klinikum Klagenfurt;150;classic;SI025;3783;1785;classic;20.03.2025;1;1106;;10.03.2025;;1;KAB_GODECP;1;;
19354277;5;3;3;36;9;-1;-1;3784;3773;3782;817;817;Querkontamination;Risiko;281;E-CMZ Klinikum Klagenfurt;144;classic;SI019;3784;1785;classic;20.03.2025;1;1106;;10.03.2025;;1;KAB_GODECP;1;;
19354178;10;4;2;32;8;-1;-1;3785;3797;3776;818;818;gelieferte Trinkwasserleitungen und Lüftungskanäle sind nicht mit Endkappen versehen;Risiko;281;E-CMZ Klinikum Klagenfurt;135;classic;SI010;3785;1785;classic;20.03.2025;1;1106;;10.03.2025;;1;KAB_GODECP;1;;
19354200;8;4;2;32;8;-1;-1;3786;3776;3791;819;819;keine ausreichende Baugrubenabsicherung zum angrenzenden Betrieb;Risiko;281;E-CMZ Klinikum Klagenfurt;137;classic;SI012;3786;1785;classic;20.03.2025;1;1106;;10.03.2025;;1;KAB_GODECP;1;;
19354090;9;5;3;60;15;-1;-1;3787;3778;3789;820;820;Ausfall kritischer Infrastruktur;Risiko;281;E-CMZ Klinikum Klagenfurt;127;classic;SI002;3787;1785;classic;20.03.2025;1;1106;;10.03.2025;;1;KAB_GODECP;1;;
19354222;6;3;4;48;12;-1;-1;3788;3791;3775;821;821;Kollektorgang nicht nutzbar;Risiko;281;E-CMZ Klinikum Klagenfurt;139;classic;SI014;3788;1785;classic;20.03.2025;1;1106;;10.03.2025;;1;KAB_GODECP;1;;
19354101;10;4;4;64;16;-1;-1;3789;3787;3777;822;822;Beeinträchtigung des Zugangs/Zufahrt der Notaufnahme;Risiko;281;E-CMZ Klinikum Klagenfurt;128;classic;SI003;3789;1785;classic;20.03.2025;1;1106;;10.03.2025;;1;KAB_GODECP;1;;
19354354;39;4;2;32;8;-1;-1;3790;3783;3771;823;823;Zeitgerechte Umsetzung/Überwachung vorhabensbezogener sicherheitstechnischer Vorgaben;Risiko;281;E-CMZ Klinikum Klagenfurt;151;classic;SI026;3790;1785;classic;20.03.2025;1;1106;;10.03.2025;;1;KAB_GODECP;1;;
19354211;7;4;2;32;8;-1;-1;3791;3786;3788;824;824;keine ausreichende Einbindung und Information der Sicherheitsbeauftragten über sicherheitsrelevante Faktoren;Risiko;281;E-CMZ Klinikum Klagenfurt;138;classic;SI013;3791;1785;classic;20.03.2025;1;1106;;10.03.2025;;1;KAB_GODECP;1;;
19354541;4;4;3;48;12;-1;-1;3750;3762;3753;825;825;Technologien neuartig und komplex (nicht ausgereifte Technologie im Einsatz?);Risiko;281;E-CMZ Klinikum Klagenfurt;168;classic;TE016;3750;1785;classic;20.03.2025;1;1106;;10.03.2025;;1;KAB_GODECP;1;;
19354574;4;4;3;48;12;-1;-1;3770;3766;3767;826;826;Verfahren neuartig oder komplex;Risiko;281;E-CMZ Klinikum Klagenfurt;171;classic;TE019;3770;1785;classic;20.03.2025;1;1106;;10.03.2025;;1;KAB_GODECP;1;;
19354508;6;3;3;36;9;-1;-1;3752;3756;3757;827;827;Materialien neuartig oder heikel;Risiko;281;E-CMZ Klinikum Klagenfurt;165;classic;TE013;3752;1785;classic;20.03.2025;1;1106;;10.03.2025;;1;KAB_GODECP;1;;
19354552;8;4;3;48;12;-1;-1;3753;3750;3766;828;828;Unterbrechung des laufenden Betriebes unmöglich;Risiko;281;E-CMZ Klinikum Klagenfurt;169;classic;TE017;3753;1785;classic;20.03.2025;1;1106;;10.03.2025;;1;KAB_GODECP;1;;
19354409;5;4;3;48;12;-1;-1;3754;3759;3764;829;829;Beeinträchtigung des Betriebes (Erschütterung, Lärm, Staub, Kapazitäten uvm.);Risiko;281;E-CMZ Klinikum Klagenfurt;156;classic;TE004;3754;1785;classic;20.03.2025;1;1106;;10.03.2025;;1;KAB_GODECP;1;;
19354497;9;4;4;64;16;-1;-1;3756;3769;3752;831;831;Laufender Betrieb lässt nur eingeschränkte Projektarbeitszeit zu;Risiko;281;E-CMZ Klinikum Klagenfurt;164;classic;TE012;3756;1785;classic;20.03.2025;1;1106;;10.03.2025;;1;KAB_GODECP;1;;
19354519;11;4;4;64;16;-1;-1;3757;3752;3762;832;832;Planungsgrundlagen - Anforderung des Bestellers (Raum- und Funktionsprogramm) - Änderung des Raumprogrammes nach Design Freeze;Risiko;281;E-CMZ Klinikum Klagenfurt;166;classic;TE014;3757;1785;classic;20.03.2025;1;1106;;10.03.2025;;1;KAB_GODECP;1;;
19354464;7;4;2;32;8;-1;-1;3758;3768;3765;833;833;Hygiene - Fehlplanungen, Anforderungsänderungen, Nicht zeitgerechte Ausarbeitung der beauftragten Personen;Risiko;281;E-CMZ Klinikum Klagenfurt;161;classic;TE009;3758;1785;classic;20.03.2025;1;1106;;10.03.2025;;1;KAB_GODECP;1;;
19354398;196;4;3;48;12;-1;-1;3759;3760;3754;834;834;Baugrund - Material - Materialverwertbarkeit (Massendisposition), Kontaminierung des Baugrundes;Risiko;281;E-CMZ Klinikum Klagenfurt;155;classic;TE003;3759;1785;classic;20.03.2025;1;1106;;10.03.2025;;1;KAB_GODECP;1;;
19354387;13;3;3;36;9;-1;-1;3760;3763;3759;835;835;Baugrund - Bodenerkundung / Gutachten - falsche/ungeeignete Wahl/Planung des Sicherungssystems (Baugrubensicherung, -umschließung), Auswirkungen auf Umgebung, Nachbarbauwerke,…;Risiko;281;E-CMZ Klinikum Klagenfurt;154;classic;TE002;3760;1785;classic;20.03.2025;1;1106;;10.03.2025;;1;KAB_GODECP;1;;
19354431;51;4;2;32;8;-1;-1;3761;3764;3751;836;836;Beweissicherungen - nicht ordnungsgemäße bzw. unvollständige Beweissicherung  - Grundwasser und Erschütterung für umliegende Gebäude, Beschädigung / Rückbau von Bestandsleitungen mit unbekannter Funktion: Betriebsunterbrechung;Risiko;281;E-CMZ Klinikum Klagenfurt;158;classic;TE006;3761;1785;classic;20.03.2025;1;1106;;10.03.2025;;1;KAB_GODECP;1;;
19354530;5;4;4;64;16;-1;-1;3762;3757;3750;837;837;Technischer und medizinischer Fortschritt - Weiterentwicklung der medizinischen festen Einrichtung;Risiko;281;E-CMZ Klinikum Klagenfurt;167;classic;TE015;3762;1785;classic;20.03.2025;1;1106;;10.03.2025;;1;KAB_GODECP;1;;
19354376;62;3;3;36;9;-1;-1;3763;3771;3760;838;838;Auswirkung an angrenzende Bereiche (befinden sich daneben, darüber, darunter);Risiko;281;E-CMZ Klinikum Klagenfurt;153;classic;TE001;3763;1785;classic;20.03.2025;1;1106;;10.03.2025;;1;KAB_GODECP;1;;
19354420;71;4;3;48;12;-1;-1;3764;3754;3761;839;839;Beschädigung bzw. Beeinträchtigung der Betriebsbereitschaft sensibler medizintechnischer Geräte (z. B. SPECT Kameras, Szintillationskristalle) Bestand und Siedlungsgut;Risiko;281;E-CMZ Klinikum Klagenfurt;157;classic;TE005;3764;1785;classic;20.03.2025;1;1106;;10.03.2025;;1;KAB_GODECP;1;;
19354475;5;4;2;32;8;-1;-1;3765;3758;3769;840;840;IT- und MT-Schnittstellenproblematiken zwischen den Einrichtungen werden nicht ausreichend berücksichtigt;Risiko;281;E-CMZ Klinikum Klagenfurt;162;classic;TE010;3765;1785;classic;20.03.2025;1;1106;;10.03.2025;;1;KAB_GODECP;1;;
19354365;14;3;2;24;6;-1;-1;3771;3790;3763;841;841;Pandemie - Beeinträchtigung der Projektbeteiligten;Risiko;281;E-CMZ Klinikum Klagenfurt;152;classic;SR001;3771;1785;classic;20.03.2025;1;1106;;10.03.2025;;1;KAB_GODECP;1;;
19416293;4;4;2;32;8;-1;-1;3812;3821;3811;727;727;Nutzer-, Betreiber- und Herstellverantwortung ungenügend definiert;Risiko;281;E-CMZ Klinikum Klagenfurt;106;classic;PV008;3812;1790;classic;26.03.2025;1;1104;;10.03.2025;;2;KAB_RODLERL;1;;
19416221;3;4;3;48;12;-1;-1;3813;3824;3814;728;728;Enger Kostenrahmen, keine vollständige finanzielle Deckung vorhanden;Risiko;281;E-CMZ Klinikum Klagenfurt;100;classic;PV002;3813;1790;classic;26.03.2025;1;1104;;10.03.2025;;2;KAB_RODLERL;1;;
19416233;3;4;4;64;16;-1;-1;3814;3813;3822;729;729;Enger Terminplan;Risiko;281;E-CMZ Klinikum Klagenfurt;101;classic;PV003;3814;1790;classic;26.03.2025;1;1104;;10.03.2025;;2;KAB_RODLERL;1;;
19416377;33;4;3;48;12;-1;-1;3815;3817;3809;730;730;Projektziele (Projektgrenzen …) mit Unternehmensziel nicht kompatibel;Risiko;281;E-CMZ Klinikum Klagenfurt;113;classic;PV015;3815;1790;classic;26.03.2025;1;1104;;10.03.2025;;2;KAB_RODLERL;1;;
19416329;5;4;3;48;12;-1;-1;3816;3820;3810;731;731;Projektänderungen mit Unternehmensziel oder Projektziel nicht kompatibel;Risiko;281;E-CMZ Klinikum Klagenfurt;109;classic;PV011;3816;1790;classic;26.03.2025;1;1104;;10.03.2025;;2;KAB_RODLERL;1;;
19416365;5;3;3;36;9;-1;-1;3817;3818;3815;732;732;Projektvorgaben mit den besonderen Bestimmungen (z.B. Sozialversicherungsträger, Umweltbestimmungen uvm.) nicht kompatibel;Risiko;281;E-CMZ Klinikum Klagenfurt;112;classic;PV014;3817;1790;classic;26.03.2025;1;1104;;10.03.2025;;2;KAB_RODLERL;1;;
19416353;4;4;3;48;12;-1;-1;3818;3810;3817;733;733;Projektinhalt nicht klar abgegrenzt;Risiko;281;E-CMZ Klinikum Klagenfurt;111;classic;PV013;3818;1790;classic;26.03.2025;1;1104;;10.03.2025;;2;KAB_RODLERL;1;;
19416269;8;5;1;20;5;-1;-1;3819;3823;3821;734;734;keine Identifikation der Schlüsselpositionen mit dem Projekt und den damit in Verbindung stehenden Zielen;Risiko;281;E-CMZ Klinikum Klagenfurt;104;classic;PV006;3819;1790;classic;26.03.2025;1;1104;;10.03.2025;;2;KAB_RODLERL;1;;
19416317;3;4;3;48;12;-1;-1;3820;3811;3816;735;735;Planungsfehler (z. B. Vorhabensbudget, Investitionsprogramm, Betriebsbudget, Folgekosten usw.);Risiko;281;E-CMZ Klinikum Klagenfurt;108;classic;PV010;3820;1790;classic;26.03.2025;1;1104;;10.03.2025;;2;KAB_RODLERL;1;;
19416281;4;4;2;32;8;-1;-1;3821;3819;3812;736;736;keine Kompatibilität der Projektziele mit den Abteilungszielen/Nutzer;Risiko;281;E-CMZ Klinikum Klagenfurt;105;classic;PV007;3821;1790;classic;26.03.2025;1;1104;;10.03.2025;;2;KAB_RODLERL;1;;
19416245;4;4;3;48;12;-1;-1;3822;3814;3823;737;737;keine ausreichend klare Formulierung der Projektziele;Risiko;281;E-CMZ Klinikum Klagenfurt;102;classic;PV004;3822;1790;classic;26.03.2025;1;1104;;10.03.2025;;2;KAB_RODLERL;1;;
19416257;151;4;2;32;8;-1;-1;3823;3822;3819;738;738;keine ausreichende Berücksichtigung der Nutzeranforderungen in der Planung;Risiko;281;E-CMZ Klinikum Klagenfurt;103;classic;PV005;3823;1790;classic;26.03.2025;1;1104;;10.03.2025;;2;KAB_RODLERL;1;;
19416209;4;4;4;64;16;-1;-1;3824;3829;3813;739;739;Baufeld im zentralen Krankenhausumfeld;Risiko;281;E-CMZ Klinikum Klagenfurt;99;classic;PV001;3824;1790;classic;26.03.2025;1;1104;;10.03.2025;;2;KAB_RODLERL;1;;
19415105;6;3;3;36;9;-1;-1;3904;3914;3920;740;740;Kommunikationsfehler (bzw. unzureichend) mit Nutzer;Risiko;281;E-CMZ Klinikum Klagenfurt;7;classic;BB007;3904;1790;classic;26.03.2025;1;1104;;10.03.2025;;2;KAB_RODLERL;1;;
19415249;5;4;2;32;8;-1;-1;3922;3916;3890;741;741;Widerstand von Nutzern;Risiko;281;E-CMZ Klinikum Klagenfurt;19;classic;BB019;3922;1790;classic;26.03.2025;1;1104;;10.03.2025;;2;KAB_RODLERL;1;;
19415213;2;3;4;48;12;-1;-1;3906;3909;3919;742;742;Skepsis bzw. Ängste von Nutzern nicht mit Schulungen/Informationsveranstaltungen abwendbar;Risiko;281;E-CMZ Klinikum Klagenfurt;16;classic;BB016;3906;1790;classic;26.03.2025;1;1104;;10.03.2025;;2;KAB_RODLERL;1;;
19415141;2;3;4;48;12;-1;-1;3907;3917;3921;743;743;Nutzer nicht oder zu wenig einbezogen;Risiko;281;E-CMZ Klinikum Klagenfurt;10;classic;BB010;3907;1790;classic;26.03.2025;1;1104;;10.03.2025;;2;KAB_RODLERL;1;;
19415177;15;4;2;32;8;-1;-1;3908;3905;3913;744;744;Personalwechsel in Schlüsselpositionen;Risiko;281;E-CMZ Klinikum Klagenfurt;13;classic;BB013;3908;1790;classic;26.03.2025;1;1104;;10.03.2025;;2;KAB_RODLERL;1;;
19415201;2;4;3;48;12;-1;-1;3909;3913;3906;745;745;Schnittstellenthematik (BIMM, Technik, MT…);Risiko;281;E-CMZ Klinikum Klagenfurt;15;classic;BB015;3909;1790;classic;26.03.2025;1;1104;;10.03.2025;;2;KAB_RODLERL;1;;
19415069;9;4;2;32;8;-1;-1;3910;3911;3918;746;746;Dem Nutzer sind nicht alle Anforderungen (aus BO Planung …) bekannt;Risiko;281;E-CMZ Klinikum Klagenfurt;4;classic;BB004;3910;1790;classic;26.03.2025;1;1104;;10.03.2025;;2;KAB_RODLERL;1;;
19415057;4;3;4;48;12;-1;-1;3911;3915;3910;747;747;Auswirkungen von neuen Forderungen der Nutzer nicht bekannt;Risiko;281;E-CMZ Klinikum Klagenfurt;3;classic;BB003;3911;1790;classic;26.03.2025;1;1104;;10.03.2025;;2;KAB_RODLERL;1;;
19415033;10;4;4;64;16;-1;-1;3912;0;3915;748;748;Abhängigkeit von Einzelpersonen (Ressourcen, PL, Stellvertreter …);Risiko;281;E-CMZ Klinikum Klagenfurt;1;classic;BB001;3912;1790;classic;26.03.2025;1;1104;;10.03.2025;;2;KAB_RODLERL;1;;
19415189;6;4;3;48;12;-1;-1;3913;3908;3909;749;749;Projektanforderungen ändern sich;Risiko;281;E-CMZ Klinikum Klagenfurt;14;classic;BB014;3913;1790;classic;26.03.2025;1;1104;;10.03.2025;;2;KAB_RODLERL;1;;
19415093;2;3;4;48;12;-1;-1;3914;3918;3904;750;750;keine ausreichende Ressourcenverfügbarkeit bei den Betroffenen und Beteiligten (z. B. für Projektsitzungen im Rahmen der Planung, Umsetzung und Übersiedelung);Risiko;281;E-CMZ Klinikum Klagenfurt;6;classic;BB006;3914;1790;classic;26.03.2025;1;1104;;10.03.2025;;2;KAB_RODLERL;1;;
19415045;5;4;4;64;16;-1;-1;3915;3912;3911;751;751;Abhängigkeiten der Projektumsetzung von Einzelpersonen;Risiko;281;E-CMZ Klinikum Klagenfurt;2;classic;BB002;3915;1790;classic;26.03.2025;1;1104;;10.03.2025;;2;KAB_RODLERL;1;;
19415237;40;3;3;36;9;-1;-1;3916;3919;3922;752;752;Veränderte bzw. nicht/besonders wahrgenommene Zuständigkeit;Risiko;281;E-CMZ Klinikum Klagenfurt;18;classic;BB018;3916;1790;classic;26.03.2025;1;1104;;10.03.2025;;2;KAB_RODLERL;1;;
19415129;2;4;3;48;12;-1;-1;3917;3920;3907;753;753;neue, überzogene (An-)Forderungen der Nutzer/Partner;Risiko;281;E-CMZ Klinikum Klagenfurt;9;classic;BB009;3917;1790;classic;26.03.2025;1;1104;;10.03.2025;;2;KAB_RODLERL;1;;
19415081;4;3;3;36;9;-1;-1;3918;3910;3914;754;754;falsche oder nicht ausgesprochene Erwartungen durch Nutzer, Partner, Anrainer;Risiko;281;E-CMZ Klinikum Klagenfurt;5;classic;BB005;3918;1790;classic;26.03.2025;1;1104;;10.03.2025;;2;KAB_RODLERL;1;;
19415225;5;4;2;32;8;-1;-1;3919;3906;3916;755;755;Überlastung des Projektteams;Risiko;281;E-CMZ Klinikum Klagenfurt;17;classic;BB017;3919;1790;classic;26.03.2025;1;1104;;10.03.2025;;2;KAB_RODLERL;1;;
19415117;6;3;4;48;12;-1;-1;3920;3904;3917;756;756;mangelnde Untersützung/Widerstand von Beteiligten und Betroffenen;Risiko;281;E-CMZ Klinikum Klagenfurt;8;classic;BB008;3920;1790;classic;26.03.2025;1;1104;;10.03.2025;;2;KAB_RODLERL;1;;
19323297;8;2;3;24;6;-1;-1;3904;3914;3920;740;740;Kommunikationsfehler (bzw. unzureichend) mit Nutzer;Risiko;281;E-CMZ Klinikum Klagenfurt;7;classic;BB007;3904;1782;classic;18.03.2025;1;321;;10.03.2025;;1;SCHRATTERJ;1;;
19323417;4;4;4;64;16;-1;-1;3922;3916;3890;741;741;Widerstand von Nutzern;Risiko;281;E-CMZ Klinikum Klagenfurt;19;classic;BB019;3922;1782;classic;18.03.2025;1;321;;10.03.2025;;1;SCHRATTERJ;1;;
19323387;4;3;3;36;9;-1;-1;3906;3909;3919;742;742;Skepsis bzw. Ängste von Nutzern nicht mit Schulungen/Informationsveranstaltungen abwendbar;Risiko;281;E-CMZ Klinikum Klagenfurt;16;classic;BB016;3906;1782;classic;18.03.2025;1;321;;10.03.2025;;1;SCHRATTERJ;1;;
19323327;6;3;3;36;9;-1;-1;3907;3917;3921;743;743;Nutzer nicht oder zu wenig einbezogen;Risiko;281;E-CMZ Klinikum Klagenfurt;10;classic;BB010;3907;1782;classic;18.03.2025;1;321;;10.03.2025;;1;SCHRATTERJ;1;;
19323357;8;4;4;64;16;-1;-1;3908;3905;3913;744;744;Personalwechsel in Schlüsselpositionen;Risiko;281;E-CMZ Klinikum Klagenfurt;13;classic;BB013;3908;1782;classic;18.03.2025;1;321;;10.03.2025;;1;SCHRATTERJ;1;;
19323377;4;3;3;36;9;-1;-1;3909;3913;3906;745;745;Schnittstellenthematik (BIMM, Technik, MT…);Risiko;281;E-CMZ Klinikum Klagenfurt;15;classic;BB015;3909;1782;classic;18.03.2025;1;321;;10.03.2025;;1;SCHRATTERJ;1;;
19323267;5;3;4;48;12;-1;-1;3910;3911;3918;746;746;Dem Nutzer sind nicht alle Anforderungen (aus BO Planung …) bekannt;Risiko;281;E-CMZ Klinikum Klagenfurt;4;classic;BB004;3910;1782;classic;18.03.2025;1;321;;10.03.2025;;1;SCHRATTERJ;1;;
19323257;16;3;4;48;12;-1;-1;3911;3915;3910;747;747;Auswirkungen von neuen Forderungen der Nutzer nicht bekannt;Risiko;281;E-CMZ Klinikum Klagenfurt;3;classic;BB003;3911;1782;classic;18.03.2025;1;321;;10.03.2025;;1;SCHRATTERJ;1;;
19323237;65;3;3;36;9;-1;-1;3912;0;3915;748;748;Abhängigkeit von Einzelpersonen (Ressourcen, PL, Stellvertreter …);Risiko;281;E-CMZ Klinikum Klagenfurt;1;classic;BB001;3912;1782;classic;18.03.2025;1;321;;10.03.2025;;1;SCHRATTERJ;1;;
19323367;4;4;4;64;16;-1;-1;3913;3908;3909;749;749;Projektanforderungen ändern sich;Risiko;281;E-CMZ Klinikum Klagenfurt;14;classic;BB014;3913;1782;classic;18.03.2025;1;321;;10.03.2025;;1;SCHRATTERJ;1;;
19323287;10;3;4;48;12;-1;-1;3914;3918;3904;750;750;keine ausreichende Ressourcenverfügbarkeit bei den Betroffenen und Beteiligten (z. B. für Projektsitzungen im Rahmen der Planung, Umsetzung und Übersiedelung);Risiko;281;E-CMZ Klinikum Klagenfurt;6;classic;BB006;3914;1782;classic;18.03.2025;1;321;;10.03.2025;;1;SCHRATTERJ;1;;
19323247;6;3;3;36;9;-1;-1;3915;3912;3911;751;751;Abhängigkeiten der Projektumsetzung von Einzelpersonen;Risiko;281;E-CMZ Klinikum Klagenfurt;2;classic;BB002;3915;1782;classic;18.03.2025;1;321;;10.03.2025;;1;SCHRATTERJ;1;;
19323407;5;3;4;48;12;-1;-1;3916;3919;3922;752;752;Veränderte bzw. nicht/besonders wahrgenommene Zuständigkeit;Risiko;281;E-CMZ Klinikum Klagenfurt;18;classic;BB018;3916;1782;classic;18.03.2025;1;321;;10.03.2025;;1;SCHRATTERJ;1;;
19323317;8;4;4;64;16;-1;-1;3917;3920;3907;753;753;neue, überzogene (An-)Forderungen der Nutzer/Partner;Risiko;281;E-CMZ Klinikum Klagenfurt;9;classic;BB009;3917;1782;classic;18.03.2025;1;321;;10.03.2025;;1;SCHRATTERJ;1;;
19323277;5;3;4;48;12;-1;-1;3918;3910;3914;754;754;falsche oder nicht ausgesprochene Erwartungen durch Nutzer, Partner, Anrainer;Risiko;281;E-CMZ Klinikum Klagenfurt;5;classic;BB005;3918;1782;classic;18.03.2025;1;321;;10.03.2025;;1;SCHRATTERJ;1;;
19323397;4;3;4;48;12;-1;-1;3919;3906;3916;755;755;Überlastung des Projektteams;Risiko;281;E-CMZ Klinikum Klagenfurt;17;classic;BB017;3919;1782;classic;18.03.2025;1;321;;10.03.2025;;1;SCHRATTERJ;1;;
19323307;6;3;4;48;12;-1;-1;3920;3904;3917;756;756;mangelnde Untersützung/Widerstand von Beteiligten und Betroffenen;Risiko;281;E-CMZ Klinikum Klagenfurt;8;classic;BB008;3920;1782;classic;18.03.2025;1;321;;10.03.2025;;1;SCHRATTERJ;1;;
19324037;6;3;3;36;9;-1;-1;3847;3845;3844;757;757;Projektorganisation (Mitglied) nicht/unzureichend über das Projekt informiert;Risiko;281;E-CMZ Klinikum Klagenfurt;81;classic;PO006;3847;1782;classic;18.03.2025;1;321;;10.03.2025;;1;SCHRATTERJ;1;;
19324017;4;3;3;36;9;-1;-1;3846;3843;3845;758;758;Langwierige Entscheidungsfindung;Risiko;281;E-CMZ Klinikum Klagenfurt;79;classic;PO004;3846;1782;classic;18.03.2025;1;321;;10.03.2025;;1;SCHRATTERJ;1;;
19324027;3;3;3;36;9;-1;-1;3845;3846;3847;759;759;Nichtbeachtung von QM-Standards bzw. mangelnde Integration der QM-Systeme;Risiko;281;E-CMZ Klinikum Klagenfurt;80;classic;PO005;3845;1782;classic;18.03.2025;1;321;;10.03.2025;;1;SCHRATTERJ;1;;
19324047;8;4;3;48;12;-1;-1;3844;3847;3842;760;760;unzureichende Kompetenz und Erfahrung des Projektleiter, Krankenhaushygienikers usw.;Risiko;281;E-CMZ Klinikum Klagenfurt;82;classic;PO007;3844;1782;classic;18.03.2025;1;321;;10.03.2025;;1;SCHRATTERJ;1;;
19324007;2;3;3;36;9;-1;-1;3843;3840;3846;761;761;keine Integration QMS und RMS;Risiko;281;E-CMZ Klinikum Klagenfurt;78;classic;PO003;3843;1782;classic;18.03.2025;1;321;;10.03.2025;;1;SCHRATTERJ;1;;
19323997;4;3;3;36;9;-1;-1;3840;3841;3843;762;762;keine ausreichende Berücksichtigung/Koordination der vielen Beteiligten und/oder Schnittstellen;Risiko;281;E-CMZ Klinikum Klagenfurt;77;classic;PO002;3840;1782;classic;18.03.2025;1;321;;10.03.2025;;1;SCHRATTERJ;1;;
19323987;4;3;3;36;9;-1;-1;3841;3858;3840;763;763;fehlende selbständige interne Koordination der Fachabteilung;Risiko;281;E-CMZ Klinikum Klagenfurt;76;classic;PO001;3841;1782;classic;18.03.2025;1;321;;10.03.2025;;1;SCHRATTERJ;1;;
19324057;3;4;3;48;12;-1;-1;3842;3844;3827;764;764;Wechsel wesentlicher Schlüsselpersonen für die Umsetzung/Verantwortlicher im Projektteam (z. B. Projektleitung, Nutzer, Planer, Auftraggeber, Verantwortungsträger in einzelnen Bereichen z. B. Technik), Know-How-Träger stehen nicht zur Verfügung / Veränderung in den Entscheidungsstrukturen;Risiko;281;E-CMZ Klinikum Klagenfurt;83;classic;PO008;3842;1782;classic;18.03.2025;1;321;;10.03.2025;;1;SCHRATTERJ;1;;
19323587;4;3;3;36;9;-1;-1;3865;3884;3874;765;765;eine mögliche Aussiedelung von Stationen (Kinder) ist nicht möglich;Risiko;281;E-CMZ Klinikum Klagenfurt;36;classic;PA003;3865;1782;classic;18.03.2025;1;321;;10.03.2025;;1;SCHRATTERJ;1;;
19323687;8;4;3;48;12;-1;-1;3889;3867;3877;766;766;Kostenüberschreitung möglich;Risiko;281;E-CMZ Klinikum Klagenfurt;46;classic;PA013;3889;1782;classic;18.03.2025;1;321;;10.03.2025;;1;SCHRATTERJ;1;;
19323677;6;3;3;36;9;-1;-1;3867;3868;3889;767;767;Kostenerfassung schwierig (Schätzung des Folgeprojektes);Risiko;281;E-CMZ Klinikum Klagenfurt;45;classic;PA012;3867;1782;classic;18.03.2025;1;321;;10.03.2025;;1;SCHRATTERJ;1;;
19323667;3;3;3;36;9;-1;-1;3868;3871;3867;768;768;Kommunikationsfehler mit Auftragnehmer (keine Planer);Risiko;281;E-CMZ Klinikum Klagenfurt;44;classic;PA011;3868;1782;classic;18.03.2025;1;321;;10.03.2025;;1;SCHRATTERJ;1;;
19353628;7;2;4;32;8;-1;-1;3839;3827;3836;842;842;Einhaltung sicherheits- und gesundheitspolitischer Auflagen und Einschränkungen (ÖSG-RSG);Chance;281;E-CMZ Klinikum Klagenfurt;85;classic;PU002;3839;1785;classic;20.03.2025;1;1106;;10.03.2025;;1;KAB_GODECP;1;;
19353760;6;5;4;80;20;-1;-1;3838;3837;3829;843;843;Verbesserung der Positionierung am Arbeitsmarkt;Chance;281;E-CMZ Klinikum Klagenfurt;97;classic;PU014;3838;1785;classic;20.03.2025;1;1106;;10.03.2025;;1;KAB_GODECP;1;;
19353749;19;4;4;64;16;-1;-1;3837;3834;3838;844;844;Verbesserung der interdiszipilinären Zusammenarbeit;Chance;281;E-CMZ Klinikum Klagenfurt;96;classic;PU013;3837;1785;classic;20.03.2025;1;1106;;10.03.2025;;1;KAB_GODECP;1;;
19353639;11;4;4;64;16;-1;-1;3836;3839;3833;845;845;Integration der Pädaudiometrie in die HNO bzw. Kopfzentrum;Chance;281;E-CMZ Klinikum Klagenfurt;86;classic;PU003;3836;1785;classic;20.03.2025;1;1106;;10.03.2025;;1;KAB_GODECP;1;;
19353694;5;5;5;100;25;-1;-1;3826;3835;3828;846;846;Neubau;Chance;281;E-CMZ Klinikum Klagenfurt;91;classic;PU008;3826;1785;classic;20.03.2025;1;1106;;10.03.2025;;1;KAB_GODECP;1;;
19352946;5;4;5;80;20;-1;-1;3902;3896;3897;847;847;Integration ressourcenschonender Energienutzungsmodelle in die Projektplanung (Alternativenergie, Passivhausstandard, Kühlung/Energiespeicherung durch Grundwasser, Photovoltaik (z. B. in Fassade integrieren oder am Dach), Erdwärme, Sonnenschutz - starke Lamellen, Fassadenfarbe, Niedertemparatur Heiz-Kühlsystem (Baukernaktivierung,  usw.);Chance;281;E-CMZ Klinikum Klagenfurt;23;classic;ÖU004;3902;1785;classic;20.03.2025;1;1106;;10.03.2025;;1;KAB_GODECP;1;;
19352935;6;5;5;100;25;-1;-1;3896;3895;3902;848;848;Förderungen lukrieren;Chance;281;E-CMZ Klinikum Klagenfurt;22;classic;ÖU003;3896;1785;classic;20.03.2025;1;1106;;10.03.2025;;1;KAB_GODECP;1;;
19352814;10;5;5;100;25;-1;-1;3921;3907;3905;849;849;Nutzer sind ausreichend über das Projekt Betreffende informiert;Chance;281;E-CMZ Klinikum Klagenfurt;11;classic;BB011;3921;1785;classic;20.03.2025;1;1106;;10.03.2025;;1;KAB_GODECP;1;;
19352825;8;4;5;80;20;-1;-1;3905;3921;3908;850;850;Nutzung der Erfahrung der Beteiligten aus den Fachbereichen, Fachbereichsmitarbeiter:innen zu Beteiligten machen und einbeziehen;Chance;281;E-CMZ Klinikum Klagenfurt;12;classic;BB012;3905;1785;classic;20.03.2025;1;1106;;10.03.2025;;1;KAB_GODECP;1;;
19353397;10;3;3;36;9;-1;-1;3863;3857;3855;851;851;Harmonisierung unterschiedlicher Standards und Umsetzungsgrade in prozessübergreifenden Managementsystemen (z. B.  Qualitäts- und Risikomanagement, ISMS, Compliance) und anderen Systemen;Chance;281;E-CMZ Klinikum Klagenfurt;64;classic;PF006;3863;1785;classic;20.03.2025;1;1106;;10.03.2025;;1;KAB_GODECP;1;;
19353353;12;2;2;16;4;-1;-1;3864;3848;3850;852;852;Baufeldfreimachung für zukünftige Projekte;Chance;281;E-CMZ Klinikum Klagenfurt;60;classic;PF002;3864;1785;classic;20.03.2025;1;1106;;10.03.2025;;1;KAB_GODECP;1;;
19353342;6;4;4;64;16;-1;-1;3848;3878;3864;853;853;Adaptierung/Modernisierung der räumlichen Strukturen an die Anforderungen des Versorgungsauftrags sowie an die Anforderungen der betroffenen Primär- und Sekundärversorgungsbereiche;Chance;281;E-CMZ Klinikum Klagenfurt;59;classic;PF001;3848;1785;classic;20.03.2025;1;1106;;10.03.2025;;1;KAB_GODECP;1;;
19354145;10;3;3;36;9;-1;-1;3792;3774;3793;854;854;Erweiterung der Druckbelüftungsanlage im NEUBAU laut Brandschutzkonzept;Chance;281;E-CMZ Klinikum Klagenfurt;132;classic;SI007;3792;1785;classic;20.03.2025;1;1106;;10.03.2025;;1;KAB_GODECP;1;;
19354156;7;3;3;36;9;-1;-1;3793;3792;3797;855;855;Erweiterung der Hochdruckvernebelungsanlage im NEUBAU laut Brandschutzkonzept;Chance;281;E-CMZ Klinikum Klagenfurt;133;classic;SI008;3793;1785;classic;20.03.2025;1;1106;;10.03.2025;;1;KAB_GODECP;1;;
19354299;6;4;4;64;16;-1;-1;3794;3782;3781;856;856;Schwerlasten (Logistik, Wasseraufbereitung …) werden im Keller situiert;Chance;281;E-CMZ Klinikum Klagenfurt;146;classic;SI021;3794;1785;classic;20.03.2025;1;1106;;10.03.2025;;1;KAB_GODECP;1;;
19354255;6;4;5;80;20;-1;-1;3795;3780;3773;857;857;Patienten mit Infektion werden separiert geführt (Liftausgang …);Chance;281;E-CMZ Klinikum Klagenfurt;142;classic;SI017;3795;1785;classic;20.03.2025;1;1106;;10.03.2025;;1;KAB_GODECP;1;;
19354321;6;5;5;100;25;-1;-1;3772;3781;3796;858;858;Steigerung der Sicherheit von Patient:innen, Mitarbeiter:innen und Dritter;Chance;281;E-CMZ Klinikum Klagenfurt;148;classic;SI023;3772;1785;classic;20.03.2025;1;1106;;10.03.2025;;1;KAB_GODECP;1;;
19354563;4;4;4;64;16;-1;-1;3766;3753;3770;859;859;Verbesserung der technischen Betriebssicherheit;Chance;281;E-CMZ Klinikum Klagenfurt;170;classic;TE018;3766;1785;classic;20.03.2025;1;1106;;10.03.2025;;1;KAB_GODECP;1;;
19354585;11;4;4;64;16;-1;-1;3767;3770;3755;860;860;Zusammenführung, Anbindung (BMA, GLT, FTS, Zutritt usw.) , Harmonisierung struktureller und technischer Standards und deren Auslegung (alt/neu) ==> Implementierung aktueller Haus- und Betriebstechnik;Chance;281;E-CMZ Klinikum Klagenfurt;172;classic;TE020;3767;1785;classic;20.03.2025;1;1106;;10.03.2025;;1;KAB_GODECP;1;;
19354453;5;4;4;64;16;-1;-1;3768;3751;3758;861;861;Fernwärme/Kälteversorgung für zukünftige Versorgung berücksichtigen (Neuverlegung, Trassenführung);Chance;281;E-CMZ Klinikum Klagenfurt;160;classic;TE008;3768;1785;classic;20.03.2025;1;1106;;10.03.2025;;1;KAB_GODECP;1;;
19354486;10;3;3;36;9;-1;-1;3769;3765;3756;862;862;Kollektorgänge für zukünftige Erweiterungen vorbereitet (Onkozentrum);Chance;281;E-CMZ Klinikum Klagenfurt;163;classic;TE011;3769;1785;classic;20.03.2025;1;1106;;10.03.2025;;1;KAB_GODECP;1;;
19354442;106;4;4;64;16;-1;-1;3751;3761;3768;863;863;Business Continuity in Ableitung von der Unternehmensstrategie zu diesem Thema konzeptionell und in der Projektplanung vorsehen;Chance;281;E-CMZ Klinikum Klagenfurt;159;classic;TE007;3751;1785;classic;20.03.2025;1;1106;;10.03.2025;;1;KAB_GODECP;1;;
19472630;6;2;2;16;4;-1;-1;3825;3831;3834;682;682;Projektinhalt nicht mit medizinischer Leistungsplanung (BO-Planung) kompatibel;Risiko;281;E-CMZ Klinikum Klagenfurt;94;classic;PU011;3825;1788;classic;02.04.2025;1;1121;;10.03.2025;;1;KAB_HOLZINGERD;1;;
19472574;13;4;4;64;16;-1;-1;3835;3832;3826;683;683;Konflikte mit anderen Projekten (nicht nur Bauprojekte) oder mit dem laufenden Betrieb;Risiko;281;E-CMZ Klinikum Klagenfurt;90;classic;PU007;3835;1788;classic;02.04.2025;1;1121;;10.03.2025;;1;KAB_HOLZINGERD;1;;
19472602;12;4;4;64;16;-1;-1;3828;3826;3831;685;685;Politisch bedeutender Projektinhalt;Risiko;281;E-CMZ Klinikum Klagenfurt;92;classic;PU009;3828;1788;classic;02.04.2025;1;1121;;10.03.2025;;1;KAB_HOLZINGERD;1;;
19472686;7;3;3;36;9;-1;-1;3829;3838;3824;686;686;Widerstand und Einfluss von außen (interne Organisationseinheiten, Anrainer …);Risiko;281;E-CMZ Klinikum Klagenfurt;98;classic;PU015;3829;1788;classic;02.04.2025;1;1121;;10.03.2025;;1;KAB_HOLZINGERD;1;;
19415993;10;4;3;48;12;-1;-1;3847;3845;3844;757;757;Projektorganisation (Mitglied) nicht/unzureichend über das Projekt informiert;Risiko;281;E-CMZ Klinikum Klagenfurt;81;classic;PO006;3847;1790;classic;26.03.2025;1;1104;;10.03.2025;;2;KAB_RODLERL;1;;
19415969;5;4;4;64;16;-1;-1;3846;3843;3845;758;758;Langwierige Entscheidungsfindung;Risiko;281;E-CMZ Klinikum Klagenfurt;79;classic;PO004;3846;1790;classic;26.03.2025;1;1104;;10.03.2025;;2;KAB_RODLERL;1;;
19415981;22;4;2;32;8;-1;-1;3845;3846;3847;759;759;Nichtbeachtung von QM-Standards bzw. mangelnde Integration der QM-Systeme;Risiko;281;E-CMZ Klinikum Klagenfurt;80;classic;PO005;3845;1790;classic;26.03.2025;1;1104;;10.03.2025;;2;KAB_RODLERL;1;;
19416005;9;4;3;48;12;-1;-1;3844;3847;3842;760;760;unzureichende Kompetenz und Erfahrung des Projektleiter, Krankenhaushygienikers usw.;Risiko;281;E-CMZ Klinikum Klagenfurt;82;classic;PO007;3844;1790;classic;26.03.2025;1;1104;;10.03.2025;;2;KAB_RODLERL;1;;
19415957;4;4;2;32;8;-1;-1;3843;3840;3846;761;761;keine Integration QMS und RMS;Risiko;281;E-CMZ Klinikum Klagenfurt;78;classic;PO003;3843;1790;classic;26.03.2025;1;1104;;10.03.2025;;2;KAB_RODLERL;1;;
19415945;136;3;2;24;6;-1;-1;3840;3841;3843;762;762;keine ausreichende Berücksichtigung/Koordination der vielen Beteiligten und/oder Schnittstellen;Risiko;281;E-CMZ Klinikum Klagenfurt;77;classic;PO002;3840;1790;classic;26.03.2025;1;1104;;10.03.2025;;2;KAB_RODLERL;1;;
19415933;31;3;2;24;6;-1;-1;3841;3858;3840;763;763;fehlende selbständige interne Koordination der Fachabteilung;Risiko;281;E-CMZ Klinikum Klagenfurt;76;classic;PO001;3841;1790;classic;26.03.2025;1;1104;;10.03.2025;;2;KAB_RODLERL;1;;
19416017;10;4;2;32;8;-1;-1;3842;3844;3827;764;764;Wechsel wesentlicher Schlüsselpersonen für die Umsetzung/Verantwortlicher im Projektteam (z. B. Projektleitung, Nutzer, Planer, Auftraggeber, Verantwortungsträger in einzelnen Bereichen z. B. Technik), Know-How-Träger stehen nicht zur Verfügung / Veränderung in den Entscheidungsstrukturen;Risiko;281;E-CMZ Klinikum Klagenfurt;83;classic;PO008;3842;1790;classic;26.03.2025;1;1104;;10.03.2025;;2;KAB_RODLERL;1;;
19415573;4;4;4;64;16;-1;-1;3889;3867;3877;766;766;Kostenüberschreitung möglich;Risiko;281;E-CMZ Klinikum Klagenfurt;46;classic;PA013;3889;1790;classic;26.03.2025;1;1104;;10.03.2025;;2;KAB_RODLERL;1;;
19415561;2;3;4;48;12;-1;-1;3867;3868;3889;767;767;Kostenerfassung schwierig (Schätzung des Folgeprojektes);Risiko;281;E-CMZ Klinikum Klagenfurt;45;classic;PA012;3867;1790;classic;26.03.2025;1;1104;;10.03.2025;;2;KAB_RODLERL;1;;
19415549;2;4;3;48;12;-1;-1;3868;3871;3867;768;768;Kommunikationsfehler mit Auftragnehmer (keine Planer);Risiko;281;E-CMZ Klinikum Klagenfurt;44;classic;PA011;3868;1790;classic;26.03.2025;1;1104;;10.03.2025;;2;KAB_RODLERL;1;;
19415645;5;4;2;32;8;-1;-1;3869;3876;3880;769;769;Ressourcenverfügbarkeit bei Auftragnehmer (keine Planer) nicht vorhanden;Risiko;281;E-CMZ Klinikum Klagenfurt;52;classic;PA019;3869;1790;classic;26.03.2025;1;1104;;10.03.2025;;2;KAB_RODLERL;1;;
19415525;3;4;2;32;8;-1;-1;3870;3883;3871;770;770;Keine Motivation der Auftragnehmer vorhanden;Risiko;281;E-CMZ Klinikum Klagenfurt;42;classic;PA009;3870;1790;classic;26.03.2025;1;1104;;10.03.2025;;2;KAB_RODLERL;1;;
19415537;3;4;2;32;8;-1;-1;3871;3870;3868;771;771;Know-How-Träger (extern) nicht verfügbar;Risiko;281;E-CMZ Klinikum Klagenfurt;43;classic;PA010;3871;1790;classic;26.03.2025;1;1104;;10.03.2025;;2;KAB_RODLERL;1;;
19415621;5;3;3;36;9;-1;-1;3872;3887;3876;772;772;Planung ungenau oder nicht vollständig;Risiko;281;E-CMZ Klinikum Klagenfurt;50;classic;PA017;3872;1790;classic;26.03.2025;1;1104;;10.03.2025;;2;KAB_RODLERL;1;;
19415429;5;4;4;64;16;-1;-1;3873;3899;3884;773;773;Ausschreibung fehlerhaft;Risiko;281;E-CMZ Klinikum Klagenfurt;34;classic;PA001;3873;1790;classic;26.03.2025;1;1104;;10.03.2025;;2;KAB_RODLERL;1;;
19415465;7;4;4;64;16;-1;-1;3874;3865;3875;774;774;Einsprucherhebung bei der Ausschreibung;Risiko;281;E-CMZ Klinikum Klagenfurt;37;classic;PA004;3874;1790;classic;26.03.2025;1;1104;;10.03.2025;;2;KAB_RODLERL;1;;
19415477;4;3;4;48;12;-1;-1;3875;3874;3888;775;775;Einsprucherhebung im Behördenverfahren uvm.;Risiko;281;E-CMZ Klinikum Klagenfurt;38;classic;PA005;3875;1790;classic;26.03.2025;1;1104;;10.03.2025;;2;KAB_RODLERL;1;;
19415633;2;3;3;36;9;-1;-1;3876;3872;3869;776;776;Projektdokumentation nicht vollständig bzw. nicht vorhanden;Risiko;281;E-CMZ Klinikum Klagenfurt;51;classic;PA018;3876;1790;classic;26.03.2025;1;1104;;10.03.2025;;2;KAB_RODLERL;1;;
19415585;3;3;4;48;12;-1;-1;3877;3889;3886;777;777;Lange Projektdauer;Risiko;281;E-CMZ Klinikum Klagenfurt;47;classic;PA014;3877;1790;classic;26.03.2025;1;1104;;10.03.2025;;2;KAB_RODLERL;1;;
19415717;131;4;4;64;16;-1;-1;3878;3881;3848;778;778;zu kurze Projektvorbereitung;Risiko;281;E-CMZ Klinikum Klagenfurt;58;classic;PA025;3878;1790;classic;26.03.2025;1;1104;;10.03.2025;;2;KAB_RODLERL;1;;
19415669;4;4;4;64;16;-1;-1;3879;3880;3866;779;779;Schleppende, eventuell kostenerhöhende Planung durch laufende Nutzeränderungsbedarfe;Risiko;281;E-CMZ Klinikum Klagenfurt;54;classic;PA021;3879;1790;classic;26.03.2025;1;1104;;10.03.2025;;2;KAB_RODLERL;1;;
19415657;11;4;4;64;16;-1;-1;3880;3869;3879;780;780;Schleppende, eventuell kostenerhöhende Planung durch laufende Änderungen der Betreiber;Risiko;281;E-CMZ Klinikum Klagenfurt;53;classic;PA020;3880;1790;classic;26.03.2025;1;1104;;10.03.2025;;2;KAB_RODLERL;1;;
19415705;4;3;3;36;9;-1;-1;3881;3882;3878;781;781;Vorgegebene Projektpläne sind nicht abgestimmt und unrealistisch;Risiko;281;E-CMZ Klinikum Klagenfurt;57;classic;PA024;3881;1790;classic;26.03.2025;1;1104;;10.03.2025;;2;KAB_RODLERL;1;;
19415693;3;4;3;48;12;-1;-1;3882;3866;3881;782;782;Vorgegebene Laufzeiten und Fristen sind nicht berücksichtigt (Beschlussfassung Aufsichtsrat, Einreichung Landesrechnungshof, Ausschreibungsverfahren uvm.);Risiko;281;E-CMZ Klinikum Klagenfurt;56;classic;PA023;3882;1790;classic;26.03.2025;1;1104;;10.03.2025;;2;KAB_RODLERL;1;;
19415513;5;4;2;32;8;-1;-1;3883;3885;3870;783;783;Keine Berücksichtigung innerhalb der Planung des Projektes von Dienstplänen, Urlaubszeiten oder Zeiten mit arbeitsintensiven Tätigkeiten (z.B. Jahresabschluss uvm.);Risiko;281;E-CMZ Klinikum Klagenfurt;41;classic;PA008;3883;1790;classic;26.03.2025;1;1104;;10.03.2025;;2;KAB_RODLERL;1;;
19415441;4;3;3;36;9;-1;-1;3884;3873;3865;784;784;die Informationsweitergabe von Hygienevorgaben an die Mitarbeiter des AN ist mangelhaft;Risiko;281;E-CMZ Klinikum Klagenfurt;35;classic;PA002;3884;1790;classic;26.03.2025;1;1104;;10.03.2025;;2;KAB_RODLERL;1;;
19415501;4;2;2;16;4;-1;-1;3885;3888;3883;785;785;gemeinsame Nutzung der Sanitär-Anlagen und die daraus resultierende Verunreinigung;Risiko;281;E-CMZ Klinikum Klagenfurt;40;classic;PA007;3885;1790;classic;26.03.2025;1;1104;;10.03.2025;;2;KAB_RODLERL;1;;
19323747;4;3;3;36;9;-1;-1;3869;3876;3880;769;769;Ressourcenverfügbarkeit bei Auftragnehmer (keine Planer) nicht vorhanden;Risiko;281;E-CMZ Klinikum Klagenfurt;52;classic;PA019;3869;1782;classic;18.03.2025;1;321;;10.03.2025;;1;SCHRATTERJ;1;;
19323647;8;2;2;16;4;-1;-1;3870;3883;3871;770;770;Keine Motivation der Auftragnehmer vorhanden;Risiko;281;E-CMZ Klinikum Klagenfurt;42;classic;PA009;3870;1782;classic;18.03.2025;1;321;;10.03.2025;;1;SCHRATTERJ;1;;
19323657;4;3;3;36;9;-1;-1;3871;3870;3868;771;771;Know-How-Träger (extern) nicht verfügbar;Risiko;281;E-CMZ Klinikum Klagenfurt;43;classic;PA010;3871;1782;classic;18.03.2025;1;321;;10.03.2025;;1;SCHRATTERJ;1;;
19323727;5;2;2;16;4;-1;-1;3872;3887;3876;772;772;Planung ungenau oder nicht vollständig;Risiko;281;E-CMZ Klinikum Klagenfurt;50;classic;PA017;3872;1782;classic;18.03.2025;1;321;;10.03.2025;;1;SCHRATTERJ;1;;
19323567;5;3;3;36;9;-1;-1;3873;3899;3884;773;773;Ausschreibung fehlerhaft;Risiko;281;E-CMZ Klinikum Klagenfurt;34;classic;PA001;3873;1782;classic;18.03.2025;1;321;;10.03.2025;;1;SCHRATTERJ;1;;
19323597;4;3;3;36;9;-1;-1;3874;3865;3875;774;774;Einsprucherhebung bei der Ausschreibung;Risiko;281;E-CMZ Klinikum Klagenfurt;37;classic;PA004;3874;1782;classic;18.03.2025;1;321;;10.03.2025;;1;SCHRATTERJ;1;;
19323607;4;3;3;36;9;-1;-1;3875;3874;3888;775;775;Einsprucherhebung im Behördenverfahren uvm.;Risiko;281;E-CMZ Klinikum Klagenfurt;38;classic;PA005;3875;1782;classic;18.03.2025;1;321;;10.03.2025;;1;SCHRATTERJ;1;;
19323737;3;3;3;36;9;-1;-1;3876;3872;3869;776;776;Projektdokumentation nicht vollständig bzw. nicht vorhanden;Risiko;281;E-CMZ Klinikum Klagenfurt;51;classic;PA018;3876;1782;classic;18.03.2025;1;321;;10.03.2025;;1;SCHRATTERJ;1;;
19323697;4;4;3;48;12;-1;-1;3877;3889;3886;777;777;Lange Projektdauer;Risiko;281;E-CMZ Klinikum Klagenfurt;47;classic;PA014;3877;1782;classic;18.03.2025;1;321;;10.03.2025;;1;SCHRATTERJ;1;;
19323807;3;2;3;24;6;-1;-1;3878;3881;3848;778;778;zu kurze Projektvorbereitung;Risiko;281;E-CMZ Klinikum Klagenfurt;58;classic;PA025;3878;1782;classic;18.03.2025;1;321;;10.03.2025;;1;SCHRATTERJ;1;;
19323767;4;4;3;48;12;-1;-1;3879;3880;3866;779;779;Schleppende, eventuell kostenerhöhende Planung durch laufende Nutzeränderungsbedarfe;Risiko;281;E-CMZ Klinikum Klagenfurt;54;classic;PA021;3879;1782;classic;18.03.2025;1;321;;10.03.2025;;1;SCHRATTERJ;1;;
19323757;9;4;3;48;12;-1;-1;3880;3869;3879;780;780;Schleppende, eventuell kostenerhöhende Planung durch laufende Änderungen der Betreiber;Risiko;281;E-CMZ Klinikum Klagenfurt;53;classic;PA020;3880;1782;classic;18.03.2025;1;321;;10.03.2025;;1;SCHRATTERJ;1;;
19323797;5;2;3;24;6;-1;-1;3881;3882;3878;781;781;Vorgegebene Projektpläne sind nicht abgestimmt und unrealistisch;Risiko;281;E-CMZ Klinikum Klagenfurt;57;classic;PA024;3881;1782;classic;18.03.2025;1;321;;10.03.2025;;1;SCHRATTERJ;1;;
19323787;11;2;3;24;6;-1;-1;3882;3866;3881;782;782;Vorgegebene Laufzeiten und Fristen sind nicht berücksichtigt (Beschlussfassung Aufsichtsrat, Einreichung Landesrechnungshof, Ausschreibungsverfahren uvm.);Risiko;281;E-CMZ Klinikum Klagenfurt;56;classic;PA023;3882;1782;classic;18.03.2025;1;321;;10.03.2025;;1;SCHRATTERJ;1;;
19323637;7;2;3;24;6;-1;-1;3883;3885;3870;783;783;Keine Berücksichtigung innerhalb der Planung des Projektes von Dienstplänen, Urlaubszeiten oder Zeiten mit arbeitsintensiven Tätigkeiten (z.B. Jahresabschluss uvm.);Risiko;281;E-CMZ Klinikum Klagenfurt;41;classic;PA008;3883;1782;classic;18.03.2025;1;321;;10.03.2025;;1;SCHRATTERJ;1;;
19323577;4;3;3;36;9;-1;-1;3884;3873;3865;784;784;die Informationsweitergabe von Hygienevorgaben an die Mitarbeiter des AN ist mangelhaft;Risiko;281;E-CMZ Klinikum Klagenfurt;35;classic;PA002;3884;1782;classic;18.03.2025;1;321;;10.03.2025;;1;SCHRATTERJ;1;;
19323627;9;2;3;24;6;-1;-1;3885;3888;3883;785;785;gemeinsame Nutzung der Sanitär-Anlagen und die daraus resultierende Verunreinigung;Risiko;281;E-CMZ Klinikum Klagenfurt;40;classic;PA007;3885;1782;classic;18.03.2025;1;321;;10.03.2025;;1;SCHRATTERJ;1;;
19323707;4;3;3;36;9;-1;-1;3886;3877;3887;786;786;mikrobiologische Verkeimung der bestehenden Wasserleitungen;Risiko;281;E-CMZ Klinikum Klagenfurt;48;classic;PA015;3886;1782;classic;18.03.2025;1;321;;10.03.2025;;1;SCHRATTERJ;1;;
19323717;3;3;3;36;9;-1;-1;3887;3886;3872;787;787;nicht erkannte Hygieneprobleme;Risiko;281;E-CMZ Klinikum Klagenfurt;49;classic;PA016;3887;1782;classic;18.03.2025;1;321;;10.03.2025;;1;SCHRATTERJ;1;;
19323617;5;3;3;36;9;-1;-1;3888;3875;3885;788;788;es besteht kein effizientes Änderungsmanagement;Risiko;281;E-CMZ Klinikum Klagenfurt;39;classic;PA006;3888;1782;classic;18.03.2025;1;321;;10.03.2025;;1;SCHRATTERJ;1;;
19323777;4;3;3;36;9;-1;-1;3866;3879;3882;789;789;verzögerte Freigabe von Planungsschritten und Genehmigungschritten (PA1);Risiko;281;E-CMZ Klinikum Klagenfurt;55;classic;PA022;3866;1782;classic;18.03.2025;1;321;;10.03.2025;;1;SCHRATTERJ;1;;
19323847;6;3;3;36;9;-1;-1;3849;3850;3857;790;790;Folgekostenermittlung nicht transparent;Risiko;281;E-CMZ Klinikum Klagenfurt;62;classic;PF004;3849;1782;classic;18.03.2025;1;321;;10.03.2025;;1;SCHRATTERJ;1;;
19323837;5;2;2;16;4;-1;-1;3850;3864;3849;791;791;Betriebsorganisationskonzept nicht gelöst;Risiko;281;E-CMZ Klinikum Klagenfurt;61;classic;PF003;3850;1782;classic;18.03.2025;1;321;;10.03.2025;;1;SCHRATTERJ;1;;
19323967;9;5;3;60;15;-1;-1;3851;3852;3858;792;792;Unerfüllbare Erwartungshaltung an Auftragnehmer;Risiko;281;E-CMZ Klinikum Klagenfurt;74;classic;PF016;3851;1782;classic;18.03.2025;1;321;;10.03.2025;;1;SCHRATTERJ;1;;
19323957;4;3;3;36;9;-1;-1;3852;3856;3851;793;793;Schulungs- und Einführungsaufwand groß (vor der Inbetriebnahme);Risiko;281;E-CMZ Klinikum Klagenfurt;73;classic;PF015;3852;1782;classic;18.03.2025;1;321;;10.03.2025;;1;SCHRATTERJ;1;;
19323927;3;4;3;48;12;-1;-1;3853;3862;3854;794;794;Organisatorische Veränderungen einschneidend;Risiko;281;E-CMZ Klinikum Klagenfurt;70;classic;PF012;3853;1782;classic;18.03.2025;1;321;;10.03.2025;;1;SCHRATTERJ;1;;
19323937;3;3;4;48;12;-1;-1;3854;3853;3856;795;795;Personelle Veränderungen groß;Risiko;281;E-CMZ Klinikum Klagenfurt;71;classic;PF013;3854;1782;classic;18.03.2025;1;321;;10.03.2025;;1;SCHRATTERJ;1;;
19323877;3;3;3;36;9;-1;-1;3855;3863;3861;796;796;Imageschaden durch Qualitätsverlust;Risiko;281;E-CMZ Klinikum Klagenfurt;65;classic;PF007;3855;1782;classic;18.03.2025;1;321;;10.03.2025;;1;SCHRATTERJ;1;;
19323947;3;3;3;36;9;-1;-1;3856;3854;3852;797;797;Raumplanung nicht am Betriebsbedarf ausgerichtet;Risiko;281;E-CMZ Klinikum Klagenfurt;72;classic;PF014;3856;1782;classic;18.03.2025;1;321;;10.03.2025;;1;SCHRATTERJ;1;;
19323857;4;3;3;36;9;-1;-1;3857;3849;3863;798;798;Gefährdung bestehender Zertifizierungen (ISO, Onko-Zentrum, UEMS, EMAS);Risiko;281;E-CMZ Klinikum Klagenfurt;63;classic;PF005;3857;1782;classic;18.03.2025;1;321;;10.03.2025;;1;SCHRATTERJ;1;;
19323977;9;3;3;36;9;-1;-1;3858;3851;3841;799;799;zusätzlicher Betrieb leer stehender Gebäude;Risiko;281;E-CMZ Klinikum Klagenfurt;75;classic;PF017;3858;1782;classic;18.03.2025;1;321;;10.03.2025;;1;SCHRATTERJ;1;;
19472546;10;4;2;32;8;-1;-1;3830;3833;3832;687;687;keine Kompatibilität der Projektziele mit dem Versorgungsauftrag  (z. B. Betriebsziele, politische Ziele, Umsetzung ÖSG-RSG usw.);Risiko;281;E-CMZ Klinikum Klagenfurt;88;classic;PU005;3830;1788;classic;02.04.2025;1;1121;;10.03.2025;;1;KAB_HOLZINGERD;1;;
19472616;21;4;4;64;16;-1;-1;3831;3828;3825;688;688;Projektfortschritt bzw. -laufzeiten können nicht eingehalten werden;Risiko;281;E-CMZ Klinikum Klagenfurt;93;classic;PU010;3831;1788;classic;02.04.2025;1;1121;;10.03.2025;;1;KAB_HOLZINGERD;1;;
19472532;10;5;3;60;15;-1;-1;3833;3836;3830;690;690;keine Genehmigung ausreichender finanzieller Mittel;Risiko;281;E-CMZ Klinikum Klagenfurt;87;classic;PU004;3833;1788;classic;02.04.2025;1;1121;;10.03.2025;;1;KAB_HOLZINGERD;1;;
19472644;4;3;3;36;9;-1;-1;3834;3825;3837;691;691;Terminkollisionen;Risiko;281;E-CMZ Klinikum Klagenfurt;95;classic;PU012;3834;1788;classic;02.04.2025;1;1121;;10.03.2025;;1;KAB_HOLZINGERD;1;;
19471594;9;3;1;12;3;-1;-1;3890;3922;3895;692;692;Bestehende Bausubstanz schwierig oder nicht bekannt;Risiko;281;E-CMZ Klinikum Klagenfurt;20;classic;ÖU001;3890;1788;classic;02.04.2025;1;1121;;10.03.2025;;1;KAB_HOLZINGERD;1;;
19471706;9;3;1;12;3;-1;-1;3891;3901;3892;693;693;Umwelteinflüsse können Projekt behindern oder beeinflussen;Risiko;281;E-CMZ Klinikum Klagenfurt;28;classic;ÖU009;3891;1788;classic;02.04.2025;1;1121;;10.03.2025;;1;KAB_HOLZINGERD;1;;
19471720;17;3;1;12;3;-1;-1;3892;3891;3903;694;694;Umweltverträglichkeitsprüfungen;Risiko;281;E-CMZ Klinikum Klagenfurt;29;classic;ÖU010;3892;1788;classic;02.04.2025;1;1121;;10.03.2025;;1;KAB_HOLZINGERD;1;;
19471678;16;3;3;36;9;-1;-1;3893;3894;3901;695;695;Projekt hat Auswirkungen auf Umwelt (Emissionen);Risiko;281;E-CMZ Klinikum Klagenfurt;26;classic;ÖU007;3893;1788;classic;02.04.2025;1;1121;;10.03.2025;;1;KAB_HOLZINGERD;1;;
19471664;12;3;3;36;9;-1;-1;3894;3897;3893;696;696;Lärm- und Staubbelästigung während der Bauphase der Patient:innen und Mitarbeiter:innen in den umliegenden Gebäude(-teile) ==> Nähe Notfallaufnahme ==> zentraler Verkehrsknotenpunkt;Risiko;281;E-CMZ Klinikum Klagenfurt;25;classic;ÖU006;3894;1788;classic;02.04.2025;1;1121;;10.03.2025;;1;KAB_HOLZINGERD;1;;
19471608;15;3;3;36;9;-1;-1;3895;3890;3896;697;697;Erschütterungen während der Bauphase;Risiko;281;E-CMZ Klinikum Klagenfurt;21;classic;ÖU002;3895;1788;classic;02.04.2025;1;1121;;10.03.2025;;1;KAB_HOLZINGERD;1;;
19471734;5;4;1;16;4;-1;-1;3903;3892;3900;698;698;unbekannte Einbauten im Boden;Risiko;281;E-CMZ Klinikum Klagenfurt;30;classic;ÖU011;3903;1788;classic;02.04.2025;1;1121;;10.03.2025;;1;KAB_HOLZINGERD;1;;
19471650;9;4;1;16;4;-1;-1;3897;3902;3894;699;699;keine Kenntnis über das Ausmaß des kontaminierten Abbruchmaterials (Asbest, gefährliche Stoffe) und kontaminierte Einbauten im Baugrund;Risiko;281;E-CMZ Klinikum Klagenfurt;24;classic;ÖU005;3897;1788;classic;02.04.2025;1;1121;;10.03.2025;;1;KAB_HOLZINGERD;1;;
19471762;8;3;3;36;9;-1;-1;3898;3900;3899;700;700;Verunreinigung angrenzender Gebäude;Risiko;281;E-CMZ Klinikum Klagenfurt;32;classic;ÖU013;3898;1788;classic;02.04.2025;1;1121;;10.03.2025;;1;KAB_HOLZINGERD;1;;
19471776;12;2;1;8;2;-1;-1;3899;3898;3873;701;701;Verunreinigung des Grundwasser;Risiko;281;E-CMZ Klinikum Klagenfurt;33;classic;ÖU014;3899;1788;classic;02.04.2025;1;1121;;10.03.2025;;1;KAB_HOLZINGERD;1;;
19471748;23;4;3;48;12;-1;-1;3900;3903;3898;702;702;unkontrollierter Wassereintritt;Risiko;281;E-CMZ Klinikum Klagenfurt;31;classic;ÖU012;3900;1788;classic;02.04.2025;1;1121;;10.03.2025;;1;KAB_HOLZINGERD;1;;
19471692;10;3;1;12;3;-1;-1;3901;3893;3891;703;703;Umsetzen/Einhalten Klima-Aktiv-Gold Standard;Risiko;281;E-CMZ Klinikum Klagenfurt;27;classic;ÖU008;3901;1788;classic;02.04.2025;1;1121;;10.03.2025;;1;KAB_HOLZINGERD;1;;
19473050;9;3;3;36;9;-1;-1;3798;3806;3805;704;704;Verzögerungen in diversen Vergabeverfahren (Einsprüche) vor allem bei Schlüsselgewerken;Risiko;281;E-CMZ Klinikum Klagenfurt;124;classic;RA010;3798;1788;classic;02.04.2025;1;1121;;10.03.2025;;1;KAB_HOLZINGERD;1;;
19472980;7;4;2;32;8;-1;-1;3800;3799;3804;706;706;Errichtungsbewilligung kann nicht erteilt werden;Risiko;281;E-CMZ Klinikum Klagenfurt;119;classic;RA005;3800;1788;classic;02.04.2025;1;1121;;10.03.2025;;1;KAB_HOLZINGERD;1;;
19472952;4;3;3;36;9;-1;-1;3801;3808;3799;707;707;Betriebsbewilligung kann nicht erteilt werden;Risiko;281;E-CMZ Klinikum Klagenfurt;117;classic;RA003;3801;1788;classic;02.04.2025;1;1121;;10.03.2025;;1;KAB_HOLZINGERD;1;;
19472924;6;3;3;36;9;-1;-1;3802;3809;3808;708;708;Behördenauflagen sind nicht ausführbar (wurden davor nicht abgeklärt/erkundet/erfragt);Risiko;281;E-CMZ Klinikum Klagenfurt;115;classic;RA001;3802;1788;classic;02.04.2025;1;1121;;10.03.2025;;1;KAB_HOLZINGERD;1;;
19472938;9;4;3;48;12;-1;-1;3808;3802;3801;709;709;Bescheidauflagen können unter Einhaltung des Kostenrahmens nicht umgesetzt werden;Risiko;281;E-CMZ Klinikum Klagenfurt;116;classic;RA002;3808;1788;classic;02.04.2025;1;1121;;10.03.2025;;1;KAB_HOLZINGERD;1;;
19472994;5;4;2;32;8;-1;-1;3804;3800;3807;710;710;Gesetzliche Vorgaben können nicht eingehalten werden (bestehende Ausnahmeregelung, Betriebsvereinbarung …);Risiko;281;E-CMZ Klinikum Klagenfurt;120;classic;RA006;3804;1788;classic;02.04.2025;1;1121;;10.03.2025;;1;KAB_HOLZINGERD;1;;
19473064;5;3;1;12;3;-1;-1;3805;3798;3778;711;711;Vorabklärung mit der Behörde nicht durchgeführt (z.B. Landesrechnungshof);Risiko;281;E-CMZ Klinikum Klagenfurt;125;classic;RA011;3805;1788;classic;02.04.2025;1;1121;;10.03.2025;;1;KAB_HOLZINGERD;1;;
19473036;10;3;1;12;3;-1;-1;3806;3803;3798;712;712;Notwendige gutachterliche/fachplanerische Stellungnahme nicht vorhanden;Risiko;281;E-CMZ Klinikum Klagenfurt;123;classic;RA009;3806;1788;classic;02.04.2025;1;1121;;10.03.2025;;1;KAB_HOLZINGERD;1;;
19473008;8;3;1;12;3;-1;-1;3807;3804;3803;713;713;keine Berücksichtigung etwaiger gesetzlicher Vorgaben des Strahlenschutz im Rahmen von Bautätigkeiten;Risiko;281;E-CMZ Klinikum Klagenfurt;121;classic;RA007;3807;1788;classic;02.04.2025;1;1121;;10.03.2025;;1;KAB_HOLZINGERD;1;;
19473022;6;4;2;32;8;-1;-1;3803;3807;3806;714;714;negative Stellungnahme durch den L-RH;Risiko;281;E-CMZ Klinikum Klagenfurt;122;classic;RA008;3803;1788;classic;02.04.2025;1;1121;;10.03.2025;;1;KAB_HOLZINGERD;1;;
19473862;18;4;4;64;16;-1;-1;3741;3746;0;715;715;Politische Entscheide;Risiko;281;E-CMZ Klinikum Klagenfurt;182;classic;UV009;3741;1788;classic;02.04.2025;1;1121;;10.03.2025;;1;KAB_HOLZINGERD;1;;
19473820;5;4;3;48;12;-1;-1;3742;3747;3749;716;716;Marktentwicklung;Risiko;281;E-CMZ Klinikum Klagenfurt;179;classic;UV006;3742;1788;classic;02.04.2025;1;1121;;10.03.2025;;1;KAB_HOLZINGERD;1;;
19415597;2;3;4;48;12;-1;-1;3886;3877;3887;786;786;mikrobiologische Verkeimung der bestehenden Wasserleitungen;Risiko;281;E-CMZ Klinikum Klagenfurt;48;classic;PA015;3886;1790;classic;26.03.2025;1;1104;;10.03.2025;;2;KAB_RODLERL;1;;
19415609;2;4;3;48;12;-1;-1;3887;3886;3872;787;787;nicht erkannte Hygieneprobleme;Risiko;281;E-CMZ Klinikum Klagenfurt;49;classic;PA016;3887;1790;classic;26.03.2025;1;1104;;10.03.2025;;2;KAB_RODLERL;1;;
19415489;3;3;3;36;9;-1;-1;3888;3875;3885;788;788;es besteht kein effizientes Änderungsmanagement;Risiko;281;E-CMZ Klinikum Klagenfurt;39;classic;PA006;3888;1790;classic;26.03.2025;1;1104;;10.03.2025;;2;KAB_RODLERL;1;;
19415681;5;4;3;48;12;-1;-1;3866;3879;3882;789;789;verzögerte Freigabe von Planungsschritten und Genehmigungschritten (PA1);Risiko;281;E-CMZ Klinikum Klagenfurt;55;classic;PA022;3866;1790;classic;26.03.2025;1;1104;;10.03.2025;;2;KAB_RODLERL;1;;
19415765;4;3;3;36;9;-1;-1;3849;3850;3857;790;790;Folgekostenermittlung nicht transparent;Risiko;281;E-CMZ Klinikum Klagenfurt;62;classic;PF004;3849;1790;classic;26.03.2025;1;1104;;10.03.2025;;2;KAB_RODLERL;1;;
19415753;6;4;3;48;12;-1;-1;3850;3864;3849;791;791;Betriebsorganisationskonzept nicht gelöst;Risiko;281;E-CMZ Klinikum Klagenfurt;61;classic;PF003;3850;1790;classic;26.03.2025;1;1104;;10.03.2025;;2;KAB_RODLERL;1;;
19415909;13;4;3;48;12;-1;-1;3851;3852;3858;792;792;Unerfüllbare Erwartungshaltung an Auftragnehmer;Risiko;281;E-CMZ Klinikum Klagenfurt;74;classic;PF016;3851;1790;classic;26.03.2025;1;1104;;10.03.2025;;2;KAB_RODLERL;1;;
19415897;8;2;3;24;6;-1;-1;3852;3856;3851;793;793;Schulungs- und Einführungsaufwand groß (vor der Inbetriebnahme);Risiko;281;E-CMZ Klinikum Klagenfurt;73;classic;PF015;3852;1790;classic;26.03.2025;1;1104;;10.03.2025;;2;KAB_RODLERL;1;;
19415861;3;4;3;48;12;-1;-1;3853;3862;3854;794;794;Organisatorische Veränderungen einschneidend;Risiko;281;E-CMZ Klinikum Klagenfurt;70;classic;PF012;3853;1790;classic;26.03.2025;1;1104;;10.03.2025;;2;KAB_RODLERL;1;;
19415873;5;4;2;32;8;-1;-1;3854;3853;3856;795;795;Personelle Veränderungen groß;Risiko;281;E-CMZ Klinikum Klagenfurt;71;classic;PF013;3854;1790;classic;26.03.2025;1;1104;;10.03.2025;;2;KAB_RODLERL;1;;
19415801;4;4;2;32;8;-1;-1;3855;3863;3861;796;796;Imageschaden durch Qualitätsverlust;Risiko;281;E-CMZ Klinikum Klagenfurt;65;classic;PF007;3855;1790;classic;26.03.2025;1;1104;;10.03.2025;;2;KAB_RODLERL;1;;
19415885;14;4;1;16;4;-1;-1;3856;3854;3852;797;797;Raumplanung nicht am Betriebsbedarf ausgerichtet;Risiko;281;E-CMZ Klinikum Klagenfurt;72;classic;PF014;3856;1790;classic;26.03.2025;1;1104;;10.03.2025;;2;KAB_RODLERL;1;;
19415777;4;4;3;48;12;-1;-1;3857;3849;3863;798;798;Gefährdung bestehender Zertifizierungen (ISO, Onko-Zentrum, UEMS, EMAS);Risiko;281;E-CMZ Klinikum Klagenfurt;63;classic;PF005;3857;1790;classic;26.03.2025;1;1104;;10.03.2025;;2;KAB_RODLERL;1;;
19415921;5;3;3;36;9;-1;-1;3858;3851;3841;799;799;zusätzlicher Betrieb leer stehender Gebäude;Risiko;281;E-CMZ Klinikum Klagenfurt;75;classic;PF017;3858;1790;classic;26.03.2025;1;1104;;10.03.2025;;2;KAB_RODLERL;1;;
19415837;7;4;3;48;12;-1;-1;3859;3860;3862;800;800;keine Berücksichtung der Veränderung der medizinischen Standards von der Planung bis zur Fertigstellung (ca. 6 Jahre);Risiko;281;E-CMZ Klinikum Klagenfurt;68;classic;PF010;3859;1790;classic;26.03.2025;1;1104;;10.03.2025;;2;KAB_RODLERL;1;;
19415825;22;4;2;32;8;-1;-1;3860;3861;3859;801;801;keine ausreichende Berücksichtigung von Kapazitäten, Zeit, Kosten in der Planung der Übersiedelung;Risiko;281;E-CMZ Klinikum Klagenfurt;67;classic;PF009;3860;1790;classic;26.03.2025;1;1104;;10.03.2025;;2;KAB_RODLERL;1;;
19415813;6;4;3;48;12;-1;-1;3861;3855;3860;802;802;keine ausreichende Berücksichtigung der Schnittstellen zwischen Projekt und laufendem Betrieb (technisch);Risiko;281;E-CMZ Klinikum Klagenfurt;66;classic;PF008;3861;1790;classic;26.03.2025;1;1104;;10.03.2025;;2;KAB_RODLERL;1;;
19415849;10;4;3;48;12;-1;-1;3862;3859;3853;803;803;Neu-Bewilligungen werden notwendig;Risiko;281;E-CMZ Klinikum Klagenfurt;69;classic;PF011;3862;1790;classic;26.03.2025;1;1104;;10.03.2025;;2;KAB_RODLERL;1;;
19416809;9;3;4;48;12;-1;-1;3796;3772;3783;804;804;Unbefugte Personen im Baustellenbereich;Risiko;281;E-CMZ Klinikum Klagenfurt;149;classic;SI024;3796;1790;classic;26.03.2025;1;1104;;10.03.2025;;2;KAB_RODLERL;1;;
19416629;4;4;2;32;8;-1;-1;3797;3793;3785;805;805;Fehlender Check gegen interne Policies (Projektphasen …);Risiko;281;E-CMZ Klinikum Klagenfurt;134;classic;SI009;3797;1790;classic;26.03.2025;1;1104;;10.03.2025;;2;KAB_RODLERL;1;;
19416737;4;4;3;48;12;-1;-1;3773;3795;3784;806;806;Projektumfeld risikoreich (Projektphasen …);Risiko;281;E-CMZ Klinikum Klagenfurt;143;classic;SI018;3773;1790;classic;26.03.2025;1;1104;;10.03.2025;;2;KAB_RODLERL;1;;
19416593;5;4;3;48;12;-1;-1;3774;3779;3792;807;807;Erhöhte Gefährdung von Personen und Anlagen (Projektphasen …);Risiko;281;E-CMZ Klinikum Klagenfurt;131;classic;SI006;3774;1790;classic;26.03.2025;1;1104;;10.03.2025;;2;KAB_RODLERL;1;;
19416701;10;3;2;24;6;-1;-1;3775;3788;3780;808;808;Mangelnder Brandschutz (Projektphasen …);Risiko;281;E-CMZ Klinikum Klagenfurt;140;classic;SI015;3775;1790;classic;26.03.2025;1;1104;;10.03.2025;;2;KAB_RODLERL;1;;
19416653;11;2;5;40;10;-1;-1;3776;3785;3786;809;809;Heißarbeiten während der Bauphasen (Flämmarbeiten, Schweißarbeiten, Flexarbeiten usw.).;Risiko;281;E-CMZ Klinikum Klagenfurt;136;classic;SI011;3776;1790;classic;26.03.2025;1;1104;;10.03.2025;;2;KAB_RODLERL;1;;
19416569;5;4;3;48;12;-1;-1;3777;3789;3779;810;810;Eingriff in den Bestand (Abschaltung von Brandmeldelinien ) keine Überwachung während der Abschaltungen;Risiko;281;E-CMZ Klinikum Klagenfurt;129;classic;SI004;3777;1790;classic;26.03.2025;1;1104;;10.03.2025;;2;KAB_RODLERL;1;;
19416581;4;4;2;32;8;-1;-1;3779;3777;3774;812;812;Eingriff in die bestehenden Stiegenhäuser (Sperre des Fluchtweg / Notausgang);Risiko;281;E-CMZ Klinikum Klagenfurt;130;classic;SI005;3779;1790;classic;26.03.2025;1;1104;;10.03.2025;;2;KAB_RODLERL;1;;
19416713;8;3;2;24;6;-1;-1;3780;3775;3795;813;813;Öffnung von diversen Brandabschottungen / Brandabschnitten / Rauchabschnitten im Bestand;Risiko;281;E-CMZ Klinikum Klagenfurt;141;classic;SI016;3780;1790;classic;26.03.2025;1;1104;;10.03.2025;;2;KAB_RODLERL;1;;
19416785;7;3;4;48;12;-1;-1;3781;3794;3772;814;814;Sperre von Bereichen in der Tiefgarage (Technik für die BRV Anlage fehlt während der Bauphase);Risiko;281;E-CMZ Klinikum Klagenfurt;147;classic;SI022;3781;1790;classic;26.03.2025;1;1104;;10.03.2025;;2;KAB_RODLERL;1;;
19416761;6;3;4;48;12;-1;-1;3782;3784;3794;815;815;Rauchen und offenes Licht im BAUFELD / BAUSTELLE;Risiko;281;E-CMZ Klinikum Klagenfurt;145;classic;SI020;3782;1790;classic;26.03.2025;1;1104;;10.03.2025;;2;KAB_RODLERL;1;;
19277066;15;2;2;16;4;-1;-1;3890;3922;3895;692;692;Bestehende Bausubstanz schwierig oder nicht bekannt;Risiko;281;E-CMZ Klinikum Klagenfurt;20;classic;ÖU001;3890;1761;classic;10.03.2025;1;22;;10.03.2025;;1;KUTEJA;1;;
19277106;17;2;3;24;6;-1;-1;3891;3901;3892;693;693;Umwelteinflüsse können Projekt behindern oder beeinflussen;Risiko;281;E-CMZ Klinikum Klagenfurt;28;classic;ÖU009;3891;1761;classic;10.03.2025;1;22;;10.03.2025;;1;KUTEJA;1;;
19277111;15;3;3;36;9;-1;-1;3892;3891;3903;694;694;Umweltverträglichkeitsprüfungen;Risiko;281;E-CMZ Klinikum Klagenfurt;29;classic;ÖU010;3892;1761;classic;10.03.2025;1;22;;10.03.2025;;1;KUTEJA;1;;
19277096;27;3;3;36;9;-1;-1;3893;3894;3901;695;695;Projekt hat Auswirkungen auf Umwelt (Emissionen);Risiko;281;E-CMZ Klinikum Klagenfurt;26;classic;ÖU007;3893;1761;classic;10.03.2025;1;22;;10.03.2025;;1;KUTEJA;1;;
19277091;21;4;3;48;12;-1;-1;3894;3897;3893;696;696;Lärm- und Staubbelästigung während der Bauphase der Patient:innen und Mitarbeiter:innen in den umliegenden Gebäude(-teile) ==> Nähe Notfallaufnahme ==> zentraler Verkehrsknotenpunkt;Risiko;281;E-CMZ Klinikum Klagenfurt;25;classic;ÖU006;3894;1761;classic;10.03.2025;1;22;;10.03.2025;;1;KUTEJA;1;;
19277071;16;4;3;48;12;-1;-1;3895;3890;3896;697;697;Erschütterungen während der Bauphase;Risiko;281;E-CMZ Klinikum Klagenfurt;21;classic;ÖU002;3895;1761;classic;10.03.2025;1;22;;10.03.2025;;1;KUTEJA;1;;
19277116;9;4;3;48;12;-1;-1;3903;3892;3900;698;698;unbekannte Einbauten im Boden;Risiko;281;E-CMZ Klinikum Klagenfurt;30;classic;ÖU011;3903;1761;classic;10.03.2025;1;22;;10.03.2025;;1;KUTEJA;1;;
19277086;29;4;2;32;8;-1;-1;3897;3902;3894;699;699;keine Kenntnis über das Ausmaß des kontaminierten Abbruchmaterials (Asbest, gefährliche Stoffe) und kontaminierte Einbauten im Baugrund;Risiko;281;E-CMZ Klinikum Klagenfurt;24;classic;ÖU005;3897;1761;classic;10.03.2025;1;22;;10.03.2025;;1;KUTEJA;1;;
19277126;7;4;3;48;12;-1;-1;3898;3900;3899;700;700;Verunreinigung angrenzender Gebäude;Risiko;281;E-CMZ Klinikum Klagenfurt;32;classic;ÖU013;3898;1761;classic;10.03.2025;1;22;;10.03.2025;;1;KUTEJA;1;;
19277131;10;3;3;36;9;-1;-1;3899;3898;3873;701;701;Verunreinigung des Grundwasser;Risiko;281;E-CMZ Klinikum Klagenfurt;33;classic;ÖU014;3899;1761;classic;10.03.2025;1;22;;10.03.2025;;1;KUTEJA;1;;
19277121;20;3;3;36;9;-1;-1;3900;3903;3898;702;702;unkontrollierter Wassereintritt;Risiko;281;E-CMZ Klinikum Klagenfurt;31;classic;ÖU012;3900;1761;classic;10.03.2025;1;22;;10.03.2025;;1;KUTEJA;1;;
19277101;39;2;5;40;10;-1;-1;3901;3893;3891;703;703;Umsetzen/Einhalten Klima-Aktiv-Gold Standard;Risiko;281;E-CMZ Klinikum Klagenfurt;27;classic;ÖU008;3901;1761;classic;10.03.2025;1;22;;10.03.2025;;1;KUTEJA;1;;
19277586;8;3;4;48;12;-1;-1;3798;3806;3805;704;704;Verzögerungen in diversen Vergabeverfahren (Einsprüche) vor allem bei Schlüsselgewerken;Risiko;281;E-CMZ Klinikum Klagenfurt;124;classic;RA010;3798;1761;classic;10.03.2025;1;22;;10.03.2025;;1;KUTEJA;1;;
19277556;18;2;3;24;6;-1;-1;3799;3801;3800;705;705;Einlangen einer Klage;Risiko;281;E-CMZ Klinikum Klagenfurt;118;classic;RA004;3799;1761;classic;10.03.2025;1;22;;10.03.2025;;1;KUTEJA;1;;
19277561;11;5;2;40;10;-1;-1;3800;3799;3804;706;706;Errichtungsbewilligung kann nicht erteilt werden;Risiko;281;E-CMZ Klinikum Klagenfurt;119;classic;RA005;3800;1761;classic;10.03.2025;1;22;;10.03.2025;;1;KUTEJA;1;;
19277551;15;5;2;40;10;-1;-1;3801;3808;3799;707;707;Betriebsbewilligung kann nicht erteilt werden;Risiko;281;E-CMZ Klinikum Klagenfurt;117;classic;RA003;3801;1761;classic;10.03.2025;1;22;;10.03.2025;;1;KUTEJA;1;;
19277541;14;4;3;48;12;-1;-1;3802;3809;3808;708;708;Behördenauflagen sind nicht ausführbar (wurden davor nicht abgeklärt/erkundet/erfragt);Risiko;281;E-CMZ Klinikum Klagenfurt;115;classic;RA001;3802;1761;classic;10.03.2025;1;22;;10.03.2025;;1;KUTEJA;1;;
19277546;11;4;3;48;12;-1;-1;3808;3802;3801;709;709;Bescheidauflagen können unter Einhaltung des Kostenrahmens nicht umgesetzt werden;Risiko;281;E-CMZ Klinikum Klagenfurt;116;classic;RA002;3808;1761;classic;10.03.2025;1;22;;10.03.2025;;1;KUTEJA;1;;
19277566;18;5;2;40;10;-1;-1;3804;3800;3807;710;710;Gesetzliche Vorgaben können nicht eingehalten werden (bestehende Ausnahmeregelung, Betriebsvereinbarung …);Risiko;281;E-CMZ Klinikum Klagenfurt;120;classic;RA006;3804;1761;classic;10.03.2025;1;22;;10.03.2025;;1;KUTEJA;1;;
19277591;9;4;2;32;8;-1;-1;3805;3798;3778;711;711;Vorabklärung mit der Behörde nicht durchgeführt (z.B. Landesrechnungshof);Risiko;281;E-CMZ Klinikum Klagenfurt;125;classic;RA011;3805;1761;classic;10.03.2025;1;22;;10.03.2025;;1;KUTEJA;1;;
19277581;11;4;1;16;4;-1;-1;3806;3803;3798;712;712;Notwendige gutachterliche/fachplanerische Stellungnahme nicht vorhanden;Risiko;281;E-CMZ Klinikum Klagenfurt;123;classic;RA009;3806;1761;classic;10.03.2025;1;22;;10.03.2025;;1;KUTEJA;1;;
19277571;18;5;1;20;5;-1;-1;3807;3804;3803;713;713;keine Berücksichtigung etwaiger gesetzlicher Vorgaben des Strahlenschutz im Rahmen von Bautätigkeiten;Risiko;281;E-CMZ Klinikum Klagenfurt;121;classic;RA007;3807;1761;classic;10.03.2025;1;22;;10.03.2025;;1;KUTEJA;1;;
19277576;7;5;2;40;10;-1;-1;3803;3807;3806;714;714;negative Stellungnahme durch den L-RH;Risiko;281;E-CMZ Klinikum Klagenfurt;122;classic;RA008;3803;1761;classic;10.03.2025;1;22;;10.03.2025;;1;KUTEJA;1;;
19277876;9;4;3;48;12;-1;-1;3741;3746;0;715;715;Politische Entscheide;Risiko;281;E-CMZ Klinikum Klagenfurt;182;classic;UV009;3741;1761;classic;10.03.2025;1;22;;10.03.2025;;1;KUTEJA;1;;
19277861;14;3;3;36;9;-1;-1;3742;3747;3749;716;716;Marktentwicklung;Risiko;281;E-CMZ Klinikum Klagenfurt;179;classic;UV006;3742;1761;classic;10.03.2025;1;22;;10.03.2025;;1;KUTEJA;1;;
19277846;7;3;2;24;6;-1;-1;3743;3745;3748;717;717;Beschaffenheit des Baugrunds nicht ausreichend bekannt;Risiko;281;E-CMZ Klinikum Klagenfurt;176;classic;UV003;3743;1761;classic;10.03.2025;1;22;;10.03.2025;;1;KUTEJA;1;;
19277836;12;3;2;24;6;-1;-1;3744;3755;3745;718;718;Altbestand nicht ausreichend bekannt;Risiko;281;E-CMZ Klinikum Klagenfurt;174;classic;UV001;3744;1761;classic;10.03.2025;1;22;;10.03.2025;;1;KUTEJA;1;;
19277866;6;4;3;48;12;-1;-1;3749;3742;3746;719;719;nicht einschätzbare Beschaffungsmarkt-  und -angebotspreisentwicklung;Risiko;281;E-CMZ Klinikum Klagenfurt;180;classic;UV007;3749;1761;classic;10.03.2025;1;22;;10.03.2025;;1;KUTEJA;1;;
19277871;9;3;2;24;6;-1;-1;3746;3749;3741;720;720;nicht einschätzbare Verzögerungen, Unterbrechungen und Ausfälle von Lieferketten und Leistungen;Risiko;281;E-CMZ Klinikum Klagenfurt;181;classic;UV008;3746;1761;classic;10.03.2025;1;22;;10.03.2025;;1;KUTEJA;1;;
19277856;11;3;3;36;9;-1;-1;3747;3748;3742;721;721;Konkurs von Auftragsnehmern;Risiko;281;E-CMZ Klinikum Klagenfurt;178;classic;UV005;3747;1761;classic;10.03.2025;1;22;;10.03.2025;;1;KUTEJA;1;;
19277851;14;3;2;24;6;-1;-1;3748;3743;3747;722;722;fehlende Bieter im Vergabeverfahren (z. B. Planer und ausführende Gewerke);Risiko;281;E-CMZ Klinikum Klagenfurt;177;classic;UV004;3748;1761;classic;10.03.2025;1;22;;10.03.2025;;1;KUTEJA;1;;
19323907;5;3;3;36;9;-1;-1;3859;3860;3862;800;800;keine Berücksichtung der Veränderung der medizinischen Standards von der Planung bis zur Fertigstellung (ca. 6 Jahre);Risiko;281;E-CMZ Klinikum Klagenfurt;68;classic;PF010;3859;1782;classic;18.03.2025;1;321;;10.03.2025;;1;SCHRATTERJ;1;;
19323897;4;3;3;36;9;-1;-1;3860;3861;3859;801;801;keine ausreichende Berücksichtigung von Kapazitäten, Zeit, Kosten in der Planung der Übersiedelung;Risiko;281;E-CMZ Klinikum Klagenfurt;67;classic;PF009;3860;1782;classic;18.03.2025;1;321;;10.03.2025;;1;SCHRATTERJ;1;;
19323887;5;3;3;36;9;-1;-1;3861;3855;3860;802;802;keine ausreichende Berücksichtigung der Schnittstellen zwischen Projekt und laufendem Betrieb (technisch);Risiko;281;E-CMZ Klinikum Klagenfurt;66;classic;PF008;3861;1782;classic;18.03.2025;1;321;;10.03.2025;;1;SCHRATTERJ;1;;
19323917;5;4;3;48;12;-1;-1;3862;3859;3853;803;803;Neu-Bewilligungen werden notwendig;Risiko;281;E-CMZ Klinikum Klagenfurt;69;classic;PF011;3862;1782;classic;18.03.2025;1;321;;10.03.2025;;1;SCHRATTERJ;1;;
19324717;5;3;3;36;9;-1;-1;3796;3772;3783;804;804;Unbefugte Personen im Baustellenbereich;Risiko;281;E-CMZ Klinikum Klagenfurt;149;classic;SI024;3796;1782;classic;18.03.2025;1;321;;10.03.2025;;1;SCHRATTERJ;1;;
19324567;4;3;3;36;9;-1;-1;3797;3793;3785;805;805;Fehlender Check gegen interne Policies (Projektphasen …);Risiko;281;E-CMZ Klinikum Klagenfurt;134;classic;SI009;3797;1782;classic;18.03.2025;1;321;;10.03.2025;;1;SCHRATTERJ;1;;
19324657;4;3;3;36;9;-1;-1;3773;3795;3784;806;806;Projektumfeld risikoreich (Projektphasen …);Risiko;281;E-CMZ Klinikum Klagenfurt;143;classic;SI018;3773;1782;classic;18.03.2025;1;321;;10.03.2025;;1;SCHRATTERJ;1;;
19324537;6;3;3;36;9;-1;-1;3774;3779;3792;807;807;Erhöhte Gefährdung von Personen und Anlagen (Projektphasen …);Risiko;281;E-CMZ Klinikum Klagenfurt;131;classic;SI006;3774;1782;classic;18.03.2025;1;321;;10.03.2025;;1;SCHRATTERJ;1;;
19324627;2;3;3;36;9;-1;-1;3775;3788;3780;808;808;Mangelnder Brandschutz (Projektphasen …);Risiko;281;E-CMZ Klinikum Klagenfurt;140;classic;SI015;3775;1782;classic;18.03.2025;1;321;;10.03.2025;;1;SCHRATTERJ;1;;
19324587;14;3;3;36;9;-1;-1;3776;3785;3786;809;809;Heißarbeiten während der Bauphasen (Flämmarbeiten, Schweißarbeiten, Flexarbeiten usw.).;Risiko;281;E-CMZ Klinikum Klagenfurt;136;classic;SI011;3776;1782;classic;18.03.2025;1;321;;10.03.2025;;1;SCHRATTERJ;1;;
19324517;5;3;3;36;9;-1;-1;3777;3789;3779;810;810;Eingriff in den Bestand (Abschaltung von Brandmeldelinien ) keine Überwachung während der Abschaltungen;Risiko;281;E-CMZ Klinikum Klagenfurt;129;classic;SI004;3777;1782;classic;18.03.2025;1;321;;10.03.2025;;1;SCHRATTERJ;1;;
19324487;7;3;4;48;12;-1;-1;3778;3805;3787;811;811;Anbindung an den Bestand im 3.OG West (Abströmöffnungen der DBA Anlage müssen versetz werden), dadurch resultierend eine zeitliche Abschaltung der Anlage;Risiko;281;E-CMZ Klinikum Klagenfurt;126;classic;SI001;3778;1782;classic;18.03.2025;1;321;;10.03.2025;;1;SCHRATTERJ;1;;
19324527;5;3;3;36;9;-1;-1;3779;3777;3774;812;812;Eingriff in die bestehenden Stiegenhäuser (Sperre des Fluchtweg / Notausgang);Risiko;281;E-CMZ Klinikum Klagenfurt;130;classic;SI005;3779;1782;classic;18.03.2025;1;321;;10.03.2025;;1;SCHRATTERJ;1;;
19324637;3;3;3;36;9;-1;-1;3780;3775;3795;813;813;Öffnung von diversen Brandabschottungen / Brandabschnitten / Rauchabschnitten im Bestand;Risiko;281;E-CMZ Klinikum Klagenfurt;141;classic;SI016;3780;1782;classic;18.03.2025;1;321;;10.03.2025;;1;SCHRATTERJ;1;;
19324697;6;4;4;64;16;-1;-1;3781;3794;3772;814;814;Sperre von Bereichen in der Tiefgarage (Technik für die BRV Anlage fehlt während der Bauphase);Risiko;281;E-CMZ Klinikum Klagenfurt;147;classic;SI022;3781;1782;classic;18.03.2025;1;321;;10.03.2025;;1;SCHRATTERJ;1;;
19324677;3;3;3;36;9;-1;-1;3782;3784;3794;815;815;Rauchen und offenes Licht im BAUFELD / BAUSTELLE;Risiko;281;E-CMZ Klinikum Klagenfurt;145;classic;SI020;3782;1782;classic;18.03.2025;1;321;;10.03.2025;;1;SCHRATTERJ;1;;
19324727;4;3;3;36;9;-1;-1;3783;3796;3790;816;816;Verstellte Fluchtwege;Risiko;281;E-CMZ Klinikum Klagenfurt;150;classic;SI025;3783;1782;classic;18.03.2025;1;321;;10.03.2025;;1;SCHRATTERJ;1;;
19324667;3;3;3;36;9;-1;-1;3784;3773;3782;817;817;Querkontamination;Risiko;281;E-CMZ Klinikum Klagenfurt;144;classic;SI019;3784;1782;classic;18.03.2025;1;321;;10.03.2025;;1;SCHRATTERJ;1;;
19324577;7;3;3;36;9;-1;-1;3785;3797;3776;818;818;gelieferte Trinkwasserleitungen und Lüftungskanäle sind nicht mit Endkappen versehen;Risiko;281;E-CMZ Klinikum Klagenfurt;135;classic;SI010;3785;1782;classic;18.03.2025;1;321;;10.03.2025;;1;SCHRATTERJ;1;;
19324597;5;3;3;36;9;-1;-1;3786;3776;3791;819;819;keine ausreichende Baugrubenabsicherung zum angrenzenden Betrieb;Risiko;281;E-CMZ Klinikum Klagenfurt;137;classic;SI012;3786;1782;classic;18.03.2025;1;321;;10.03.2025;;1;SCHRATTERJ;1;;
19324497;3;3;3;36;9;-1;-1;3787;3778;3789;820;820;Ausfall kritischer Infrastruktur;Risiko;281;E-CMZ Klinikum Klagenfurt;127;classic;SI002;3787;1782;classic;18.03.2025;1;321;;10.03.2025;;1;SCHRATTERJ;1;;
19324617;7;3;3;36;9;-1;-1;3788;3791;3775;821;821;Kollektorgang nicht nutzbar;Risiko;281;E-CMZ Klinikum Klagenfurt;139;classic;SI014;3788;1782;classic;18.03.2025;1;321;;10.03.2025;;1;SCHRATTERJ;1;;
19324507;5;4;4;64;16;-1;-1;3789;3787;3777;822;822;Beeinträchtigung des Zugangs/Zufahrt der Notaufnahme;Risiko;281;E-CMZ Klinikum Klagenfurt;128;classic;SI003;3789;1782;classic;18.03.2025;1;321;;10.03.2025;;1;SCHRATTERJ;1;;
19324737;7;3;4;48;12;-1;-1;3790;3783;3771;823;823;Zeitgerechte Umsetzung/Überwachung vorhabensbezogener sicherheitstechnischer Vorgaben;Risiko;281;E-CMZ Klinikum Klagenfurt;151;classic;SI026;3790;1782;classic;18.03.2025;1;321;;10.03.2025;;1;SCHRATTERJ;1;;
19324607;7;3;4;48;12;-1;-1;3791;3786;3788;824;824;keine ausreichende Einbindung und Information der Sicherheitsbeauftragten über sicherheitsrelevante Faktoren;Risiko;281;E-CMZ Klinikum Klagenfurt;138;classic;SI013;3791;1782;classic;18.03.2025;1;321;;10.03.2025;;1;SCHRATTERJ;1;;
19324907;2;4;3;48;12;-1;-1;3750;3762;3753;825;825;Technologien neuartig und komplex (nicht ausgereifte Technologie im Einsatz?);Risiko;281;E-CMZ Klinikum Klagenfurt;168;classic;TE016;3750;1782;classic;18.03.2025;1;321;;10.03.2025;;1;SCHRATTERJ;1;;
19324937;3;3;4;48;12;-1;-1;3770;3766;3767;826;826;Verfahren neuartig oder komplex;Risiko;281;E-CMZ Klinikum Klagenfurt;171;classic;TE019;3770;1782;classic;18.03.2025;1;321;;10.03.2025;;1;SCHRATTERJ;1;;
19324877;2;3;3;36;9;-1;-1;3752;3756;3757;827;827;Materialien neuartig oder heikel;Risiko;281;E-CMZ Klinikum Klagenfurt;165;classic;TE013;3752;1782;classic;18.03.2025;1;321;;10.03.2025;;1;SCHRATTERJ;1;;
19324917;4;4;4;64;16;-1;-1;3753;3750;3766;828;828;Unterbrechung des laufenden Betriebes unmöglich;Risiko;281;E-CMZ Klinikum Klagenfurt;169;classic;TE017;3753;1782;classic;18.03.2025;1;321;;10.03.2025;;1;SCHRATTERJ;1;;
19473778;9;4;2;32;8;-1;-1;3743;3745;3748;717;717;Beschaffenheit des Baugrunds nicht ausreichend bekannt;Risiko;281;E-CMZ Klinikum Klagenfurt;176;classic;UV003;3743;1788;classic;02.04.2025;1;1121;;10.03.2025;;1;KAB_HOLZINGERD;1;;
19473834;6;4;3;48;12;-1;-1;3749;3742;3746;719;719;nicht einschätzbare Beschaffungsmarkt-  und -angebotspreisentwicklung;Risiko;281;E-CMZ Klinikum Klagenfurt;180;classic;UV007;3749;1788;classic;02.04.2025;1;1121;;10.03.2025;;1;KAB_HOLZINGERD;1;;
19473848;4;4;3;48;12;-1;-1;3746;3749;3741;720;720;nicht einschätzbare Verzögerungen, Unterbrechungen und Ausfälle von Lieferketten und Leistungen;Risiko;281;E-CMZ Klinikum Klagenfurt;181;classic;UV008;3746;1788;classic;02.04.2025;1;1121;;10.03.2025;;1;KAB_HOLZINGERD;1;;
19473806;5;4;3;48;12;-1;-1;3747;3748;3742;721;721;Konkurs von Auftragsnehmern;Risiko;281;E-CMZ Klinikum Klagenfurt;178;classic;UV005;3747;1788;classic;02.04.2025;1;1121;;10.03.2025;;1;KAB_HOLZINGERD;1;;
19473792;14;4;3;48;12;-1;-1;3748;3743;3747;722;722;fehlende Bieter im Vergabeverfahren (z. B. Planer und ausführende Gewerke);Risiko;281;E-CMZ Klinikum Klagenfurt;177;classic;UV004;3748;1788;classic;02.04.2025;1;1121;;10.03.2025;;1;KAB_HOLZINGERD;1;;
19473764;9;4;3;48;12;-1;-1;3745;3744;3743;723;723;Änderung/Reduktion der/des medizinischen Leistungsplanung/-spektrums/-angebotsplanung;Risiko;281;E-CMZ Klinikum Klagenfurt;175;classic;UV002;3745;1788;classic;02.04.2025;1;1121;;10.03.2025;;1;KAB_HOLZINGERD;1;;
19472910;7;4;2;32;8;-1;-1;3809;3815;3802;724;724;Projektziele zu wenig klar festgelegt oder nachträglich geändert;Risiko;281;E-CMZ Klinikum Klagenfurt;114;classic;PV016;3809;1788;classic;02.04.2025;1;1121;;10.03.2025;;1;KAB_HOLZINGERD;1;;
19472854;14;3;2;24;6;-1;-1;3810;3816;3818;725;725;Projektanforderungen ungenügend definiert/kommuniziert;Risiko;281;E-CMZ Klinikum Klagenfurt;110;classic;PV012;3810;1788;classic;02.04.2025;1;1121;;10.03.2025;;1;KAB_HOLZINGERD;1;;
19472812;8;4;2;32;8;-1;-1;3811;3812;3820;726;726;Nutzeranforderungen zu wenig klar bestimmt;Risiko;281;E-CMZ Klinikum Klagenfurt;107;classic;PV009;3811;1788;classic;02.04.2025;1;1121;;10.03.2025;;1;KAB_HOLZINGERD;1;;
19472798;8;3;2;24;6;-1;-1;3812;3821;3811;727;727;Nutzer-, Betreiber- und Herstellverantwortung ungenügend definiert;Risiko;281;E-CMZ Klinikum Klagenfurt;106;classic;PV008;3812;1788;classic;02.04.2025;1;1121;;10.03.2025;;1;KAB_HOLZINGERD;1;;
19472714;12;3;4;48;12;-1;-1;3813;3824;3814;728;728;Enger Kostenrahmen, keine vollständige finanzielle Deckung vorhanden;Risiko;281;E-CMZ Klinikum Klagenfurt;100;classic;PV002;3813;1788;classic;02.04.2025;1;1121;;10.03.2025;;1;KAB_HOLZINGERD;1;;
19472728;3;3;4;48;12;-1;-1;3814;3813;3822;729;729;Enger Terminplan;Risiko;281;E-CMZ Klinikum Klagenfurt;101;classic;PV003;3814;1788;classic;02.04.2025;1;1121;;10.03.2025;;1;KAB_HOLZINGERD;1;;
19472840;11;4;1;16;4;-1;-1;3816;3820;3810;731;731;Projektänderungen mit Unternehmensziel oder Projektziel nicht kompatibel;Risiko;281;E-CMZ Klinikum Klagenfurt;109;classic;PV011;3816;1788;classic;02.04.2025;1;1121;;10.03.2025;;1;KAB_HOLZINGERD;1;;
19472882;9;4;2;32;8;-1;-1;3817;3818;3815;732;732;Projektvorgaben mit den besonderen Bestimmungen (z.B. Sozialversicherungsträger, Umweltbestimmungen uvm.) nicht kompatibel;Risiko;281;E-CMZ Klinikum Klagenfurt;112;classic;PV014;3817;1788;classic;02.04.2025;1;1121;;10.03.2025;;1;KAB_HOLZINGERD;1;;
19472868;8;4;3;48;12;-1;-1;3818;3810;3817;733;733;Projektinhalt nicht klar abgegrenzt;Risiko;281;E-CMZ Klinikum Klagenfurt;111;classic;PV013;3818;1788;classic;02.04.2025;1;1121;;10.03.2025;;1;KAB_HOLZINGERD;1;;
19472770;5;2;2;16;4;-1;-1;3819;3823;3821;734;734;keine Identifikation der Schlüsselpositionen mit dem Projekt und den damit in Verbindung stehenden Zielen;Risiko;281;E-CMZ Klinikum Klagenfurt;104;classic;PV006;3819;1788;classic;02.04.2025;1;1121;;10.03.2025;;1;KAB_HOLZINGERD;1;;
19472826;13;4;2;32;8;-1;-1;3820;3811;3816;735;735;Planungsfehler (z. B. Vorhabensbudget, Investitionsprogramm, Betriebsbudget, Folgekosten usw.);Risiko;281;E-CMZ Klinikum Klagenfurt;108;classic;PV010;3820;1788;classic;02.04.2025;1;1121;;10.03.2025;;1;KAB_HOLZINGERD;1;;
19472784;14;4;2;32;8;-1;-1;3821;3819;3812;736;736;keine Kompatibilität der Projektziele mit den Abteilungszielen/Nutzer;Risiko;281;E-CMZ Klinikum Klagenfurt;105;classic;PV007;3821;1788;classic;02.04.2025;1;1121;;10.03.2025;;1;KAB_HOLZINGERD;1;;
19472742;4;2;2;16;4;-1;-1;3822;3814;3823;737;737;keine ausreichend klare Formulierung der Projektziele;Risiko;281;E-CMZ Klinikum Klagenfurt;102;classic;PV004;3822;1788;classic;02.04.2025;1;1121;;10.03.2025;;1;KAB_HOLZINGERD;1;;
19472756;5;2;2;16;4;-1;-1;3823;3822;3819;738;738;keine ausreichende Berücksichtigung der Nutzeranforderungen in der Planung;Risiko;281;E-CMZ Klinikum Klagenfurt;103;classic;PV005;3823;1788;classic;02.04.2025;1;1121;;10.03.2025;;1;KAB_HOLZINGERD;1;;
19471412;4;2;2;16;4;-1;-1;3904;3914;3920;740;740;Kommunikationsfehler (bzw. unzureichend) mit Nutzer;Risiko;281;E-CMZ Klinikum Klagenfurt;7;classic;BB007;3904;1788;classic;02.04.2025;1;1121;;10.03.2025;;1;KAB_HOLZINGERD;1;;
19471580;12;3;1;12;3;-1;-1;3922;3916;3890;741;741;Widerstand von Nutzern;Risiko;281;E-CMZ Klinikum Klagenfurt;19;classic;BB019;3922;1788;classic;02.04.2025;1;1121;;10.03.2025;;1;KAB_HOLZINGERD;1;;
19471538;14;4;3;48;12;-1;-1;3906;3909;3919;742;742;Skepsis bzw. Ängste von Nutzern nicht mit Schulungen/Informationsveranstaltungen abwendbar;Risiko;281;E-CMZ Klinikum Klagenfurt;16;classic;BB016;3906;1788;classic;02.04.2025;1;1121;;10.03.2025;;1;KAB_HOLZINGERD;1;;
19471454;14;3;2;24;6;-1;-1;3907;3917;3921;743;743;Nutzer nicht oder zu wenig einbezogen;Risiko;281;E-CMZ Klinikum Klagenfurt;10;classic;BB010;3907;1788;classic;02.04.2025;1;1121;;10.03.2025;;1;KAB_HOLZINGERD;1;;
19471496;10;4;3;48;12;-1;-1;3908;3905;3913;744;744;Personalwechsel in Schlüsselpositionen;Risiko;281;E-CMZ Klinikum Klagenfurt;13;classic;BB013;3908;1788;classic;02.04.2025;1;1121;;10.03.2025;;1;KAB_HOLZINGERD;1;;
19471524;18;3;3;36;9;-1;-1;3909;3913;3906;745;745;Schnittstellenthematik (BIMM, Technik, MT…);Risiko;281;E-CMZ Klinikum Klagenfurt;15;classic;BB015;3909;1788;classic;02.04.2025;1;1121;;10.03.2025;;1;KAB_HOLZINGERD;1;;
19471370;11;2;2;16;4;-1;-1;3910;3911;3918;746;746;Dem Nutzer sind nicht alle Anforderungen (aus BO Planung …) bekannt;Risiko;281;E-CMZ Klinikum Klagenfurt;4;classic;BB004;3910;1788;classic;02.04.2025;1;1121;;10.03.2025;;1;KAB_HOLZINGERD;1;;
19416821;5;4;3;48;12;-1;-1;3783;3796;3790;816;816;Verstellte Fluchtwege;Risiko;281;E-CMZ Klinikum Klagenfurt;150;classic;SI025;3783;1790;classic;26.03.2025;1;1104;;10.03.2025;;2;KAB_RODLERL;1;;
19416641;10;4;2;32;8;-1;-1;3785;3797;3776;818;818;gelieferte Trinkwasserleitungen und Lüftungskanäle sind nicht mit Endkappen versehen;Risiko;281;E-CMZ Klinikum Klagenfurt;135;classic;SI010;3785;1790;classic;26.03.2025;1;1104;;10.03.2025;;2;KAB_RODLERL;1;;
19416665;7;3;2;24;6;-1;-1;3786;3776;3791;819;819;keine ausreichende Baugrubenabsicherung zum angrenzenden Betrieb;Risiko;281;E-CMZ Klinikum Klagenfurt;137;classic;SI012;3786;1790;classic;26.03.2025;1;1104;;10.03.2025;;2;KAB_RODLERL;1;;
19416545;7;5;1;20;5;-1;-1;3787;3778;3789;820;820;Ausfall kritischer Infrastruktur;Risiko;281;E-CMZ Klinikum Klagenfurt;127;classic;SI002;3787;1790;classic;26.03.2025;1;1104;;10.03.2025;;2;KAB_RODLERL;1;;
19416689;7;3;3;36;9;-1;-1;3788;3791;3775;821;821;Kollektorgang nicht nutzbar;Risiko;281;E-CMZ Klinikum Klagenfurt;139;classic;SI014;3788;1790;classic;26.03.2025;1;1104;;10.03.2025;;2;KAB_RODLERL;1;;
19416557;3;4;2;32;8;-1;-1;3789;3787;3777;822;822;Beeinträchtigung des Zugangs/Zufahrt der Notaufnahme;Risiko;281;E-CMZ Klinikum Klagenfurt;128;classic;SI003;3789;1790;classic;26.03.2025;1;1104;;10.03.2025;;2;KAB_RODLERL;1;;
19416833;30;4;3;48;12;-1;-1;3790;3783;3771;823;823;Zeitgerechte Umsetzung/Überwachung vorhabensbezogener sicherheitstechnischer Vorgaben;Risiko;281;E-CMZ Klinikum Klagenfurt;151;classic;SI026;3790;1790;classic;26.03.2025;1;1104;;10.03.2025;;2;KAB_RODLERL;1;;
19416677;178;4;2;32;8;-1;-1;3791;3786;3788;824;824;keine ausreichende Einbindung und Information der Sicherheitsbeauftragten über sicherheitsrelevante Faktoren;Risiko;281;E-CMZ Klinikum Klagenfurt;138;classic;SI013;3791;1790;classic;26.03.2025;1;1104;;10.03.2025;;2;KAB_RODLERL;1;;
19417037;9;4;2;32;8;-1;-1;3750;3762;3753;825;825;Technologien neuartig und komplex (nicht ausgereifte Technologie im Einsatz?);Risiko;281;E-CMZ Klinikum Klagenfurt;168;classic;TE016;3750;1790;classic;26.03.2025;1;1104;;10.03.2025;;2;KAB_RODLERL;1;;
19417073;11;3;3;36;9;-1;-1;3770;3766;3767;826;826;Verfahren neuartig oder komplex;Risiko;281;E-CMZ Klinikum Klagenfurt;171;classic;TE019;3770;1790;classic;26.03.2025;1;1104;;10.03.2025;;2;KAB_RODLERL;1;;
19417001;72;4;2;32;8;-1;-1;3752;3756;3757;827;827;Materialien neuartig oder heikel;Risiko;281;E-CMZ Klinikum Klagenfurt;165;classic;TE013;3752;1790;classic;26.03.2025;1;1104;;10.03.2025;;2;KAB_RODLERL;1;;
19417049;19;3;4;48;12;-1;-1;3753;3750;3766;828;828;Unterbrechung des laufenden Betriebes unmöglich;Risiko;281;E-CMZ Klinikum Klagenfurt;169;classic;TE017;3753;1790;classic;26.03.2025;1;1104;;10.03.2025;;2;KAB_RODLERL;1;;
19416893;4;4;3;48;12;-1;-1;3754;3759;3764;829;829;Beeinträchtigung des Betriebes (Erschütterung, Lärm, Staub, Kapazitäten uvm.);Risiko;281;E-CMZ Klinikum Klagenfurt;156;classic;TE004;3754;1790;classic;26.03.2025;1;1104;;10.03.2025;;2;KAB_RODLERL;1;;
19417097;20;4;4;64;16;-1;-1;3755;3767;3744;830;830;zwischenzeitliche Übersiedelung während der Bauphase führt zu hohen Kosten und/oder Terminverzögerungen;Risiko;281;E-CMZ Klinikum Klagenfurt;173;classic;TE021;3755;1790;classic;26.03.2025;1;1104;;10.03.2025;;2;KAB_RODLERL;1;;
19416989;630;3;3;36;9;-1;-1;3756;3769;3752;831;831;Laufender Betrieb lässt nur eingeschränkte Projektarbeitszeit zu;Risiko;281;E-CMZ Klinikum Klagenfurt;164;classic;TE012;3756;1790;classic;26.03.2025;1;1104;;10.03.2025;;2;KAB_RODLERL;1;;
19417013;17;4;4;64;16;-1;-1;3757;3752;3762;832;832;Planungsgrundlagen - Anforderung des Bestellers (Raum- und Funktionsprogramm) - Änderung des Raumprogrammes nach Design Freeze;Risiko;281;E-CMZ Klinikum Klagenfurt;166;classic;TE014;3757;1790;classic;26.03.2025;1;1104;;10.03.2025;;2;KAB_RODLERL;1;;
19416953;7;4;1;16;4;-1;-1;3758;3768;3765;833;833;Hygiene - Fehlplanungen, Anforderungsänderungen, Nicht zeitgerechte Ausarbeitung der beauftragten Personen;Risiko;281;E-CMZ Klinikum Klagenfurt;161;classic;TE009;3758;1790;classic;26.03.2025;1;1104;;10.03.2025;;2;KAB_RODLERL;1;;
19416881;5;4;2;32;8;-1;-1;3759;3760;3754;834;834;Baugrund - Material - Materialverwertbarkeit (Massendisposition), Kontaminierung des Baugrundes;Risiko;281;E-CMZ Klinikum Klagenfurt;155;classic;TE003;3759;1790;classic;26.03.2025;1;1104;;10.03.2025;;2;KAB_RODLERL;1;;
19416869;7;4;2;32;8;-1;-1;3760;3763;3759;835;835;Baugrund - Bodenerkundung / Gutachten - falsche/ungeeignete Wahl/Planung des Sicherungssystems (Baugrubensicherung, -umschließung), Auswirkungen auf Umgebung, Nachbarbauwerke,…;Risiko;281;E-CMZ Klinikum Klagenfurt;154;classic;TE002;3760;1790;classic;26.03.2025;1;1104;;10.03.2025;;2;KAB_RODLERL;1;;
19416917;6;4;2;32;8;-1;-1;3761;3764;3751;836;836;Beweissicherungen - nicht ordnungsgemäße bzw. unvollständige Beweissicherung  - Grundwasser und Erschütterung für umliegende Gebäude, Beschädigung / Rückbau von Bestandsleitungen mit unbekannter Funktion: Betriebsunterbrechung;Risiko;281;E-CMZ Klinikum Klagenfurt;158;classic;TE006;3761;1790;classic;26.03.2025;1;1104;;10.03.2025;;2;KAB_RODLERL;1;;
19417025;10;3;4;48;12;-1;-1;3762;3757;3750;837;837;Technischer und medizinischer Fortschritt - Weiterentwicklung der medizinischen festen Einrichtung;Risiko;281;E-CMZ Klinikum Klagenfurt;167;classic;TE015;3762;1790;classic;26.03.2025;1;1104;;10.03.2025;;2;KAB_RODLERL;1;;
19416857;6;4;3;48;12;-1;-1;3763;3771;3760;838;838;Auswirkung an angrenzende Bereiche (befinden sich daneben, darüber, darunter);Risiko;281;E-CMZ Klinikum Klagenfurt;153;classic;TE001;3763;1790;classic;26.03.2025;1;1104;;10.03.2025;;2;KAB_RODLERL;1;;
19416965;5;4;2;32;8;-1;-1;3765;3758;3769;840;840;IT- und MT-Schnittstellenproblematiken zwischen den Einrichtungen werden nicht ausreichend berücksichtigt;Risiko;281;E-CMZ Klinikum Klagenfurt;162;classic;TE010;3765;1790;classic;26.03.2025;1;1104;;10.03.2025;;2;KAB_RODLERL;1;;
19416845;7;4;2;32;8;-1;-1;3771;3790;3763;841;841;Pandemie - Beeinträchtigung der Projektbeteiligten;Risiko;281;E-CMZ Klinikum Klagenfurt;152;classic;SR001;3771;1790;classic;26.03.2025;1;1104;;10.03.2025;;2;KAB_RODLERL;1;;
19416041;6;4;5;80;20;-1;-1;3839;3827;3836;842;842;Einhaltung sicherheits- und gesundheitspolitischer Auflagen und Einschränkungen (ÖSG-RSG);Chance;281;E-CMZ Klinikum Klagenfurt;85;classic;PU002;3839;1790;classic;26.03.2025;1;1104;;10.03.2025;;2;KAB_RODLERL;1;;
19277841;19;3;2;24;6;-1;-1;3745;3744;3743;723;723;Änderung/Reduktion der/des medizinischen Leistungsplanung/-spektrums/-angebotsplanung;Risiko;281;E-CMZ Klinikum Klagenfurt;175;classic;UV002;3745;1761;classic;10.03.2025;1;22;;10.03.2025;;1;KUTEJA;1;;
19277536;11;4;2;32;8;-1;-1;3809;3815;3802;724;724;Projektziele zu wenig klar festgelegt oder nachträglich geändert;Risiko;281;E-CMZ Klinikum Klagenfurt;114;classic;PV016;3809;1761;classic;10.03.2025;1;22;;10.03.2025;;1;KUTEJA;1;;
19277516;120;3;1;12;3;-1;-1;3810;3816;3818;725;725;Projektanforderungen ungenügend definiert/kommuniziert;Risiko;281;E-CMZ Klinikum Klagenfurt;110;classic;PV012;3810;1761;classic;10.03.2025;1;22;;10.03.2025;;1;KUTEJA;1;;
19277501;8;3;2;24;6;-1;-1;3811;3812;3820;726;726;Nutzeranforderungen zu wenig klar bestimmt;Risiko;281;E-CMZ Klinikum Klagenfurt;107;classic;PV009;3811;1761;classic;10.03.2025;1;22;;10.03.2025;;1;KUTEJA;1;;
19277496;10;4;3;48;12;-1;-1;3812;3821;3811;727;727;Nutzer-, Betreiber- und Herstellverantwortung ungenügend definiert;Risiko;281;E-CMZ Klinikum Klagenfurt;106;classic;PV008;3812;1761;classic;10.03.2025;1;22;;10.03.2025;;1;KUTEJA;1;;
19277466;11;5;2;40;10;-1;-1;3813;3824;3814;728;728;Enger Kostenrahmen, keine vollständige finanzielle Deckung vorhanden;Risiko;281;E-CMZ Klinikum Klagenfurt;100;classic;PV002;3813;1761;classic;10.03.2025;1;22;;10.03.2025;;1;KUTEJA;1;;
19277471;12;3;3;36;9;-1;-1;3814;3813;3822;729;729;Enger Terminplan;Risiko;281;E-CMZ Klinikum Klagenfurt;101;classic;PV003;3814;1761;classic;10.03.2025;1;22;;10.03.2025;;1;KUTEJA;1;;
19277531;16;5;1;20;5;-1;-1;3815;3817;3809;730;730;Projektziele (Projektgrenzen …) mit Unternehmensziel nicht kompatibel;Risiko;281;E-CMZ Klinikum Klagenfurt;113;classic;PV015;3815;1761;classic;10.03.2025;1;22;;10.03.2025;;1;KUTEJA;1;;
19277511;8;2;3;24;6;-1;-1;3816;3820;3810;731;731;Projektänderungen mit Unternehmensziel oder Projektziel nicht kompatibel;Risiko;281;E-CMZ Klinikum Klagenfurt;109;classic;PV011;3816;1761;classic;10.03.2025;1;22;;10.03.2025;;1;KUTEJA;1;;
19277526;11;3;2;24;6;-1;-1;3817;3818;3815;732;732;Projektvorgaben mit den besonderen Bestimmungen (z.B. Sozialversicherungsträger, Umweltbestimmungen uvm.) nicht kompatibel;Risiko;281;E-CMZ Klinikum Klagenfurt;112;classic;PV014;3817;1761;classic;10.03.2025;1;22;;10.03.2025;;1;KUTEJA;1;;
19277521;6;4;1;16;4;-1;-1;3818;3810;3817;733;733;Projektinhalt nicht klar abgegrenzt;Risiko;281;E-CMZ Klinikum Klagenfurt;111;classic;PV013;3818;1761;classic;10.03.2025;1;22;;10.03.2025;;1;KUTEJA;1;;
19277486;7;4;1;16;4;-1;-1;3819;3823;3821;734;734;keine Identifikation der Schlüsselpositionen mit dem Projekt und den damit in Verbindung stehenden Zielen;Risiko;281;E-CMZ Klinikum Klagenfurt;104;classic;PV006;3819;1761;classic;10.03.2025;1;22;;10.03.2025;;1;KUTEJA;1;;
19277506;17;4;3;48;12;-1;-1;3820;3811;3816;735;735;Planungsfehler (z. B. Vorhabensbudget, Investitionsprogramm, Betriebsbudget, Folgekosten usw.);Risiko;281;E-CMZ Klinikum Klagenfurt;108;classic;PV010;3820;1761;classic;10.03.2025;1;22;;10.03.2025;;1;KUTEJA;1;;
19277491;29;3;3;36;9;-1;-1;3821;3819;3812;736;736;keine Kompatibilität der Projektziele mit den Abteilungszielen/Nutzer;Risiko;281;E-CMZ Klinikum Klagenfurt;105;classic;PV007;3821;1761;classic;10.03.2025;1;22;;10.03.2025;;1;KUTEJA;1;;
19277476;28;4;1;16;4;-1;-1;3822;3814;3823;737;737;keine ausreichend klare Formulierung der Projektziele;Risiko;281;E-CMZ Klinikum Klagenfurt;102;classic;PV004;3822;1761;classic;10.03.2025;1;22;;10.03.2025;;1;KUTEJA;1;;
19277481;10;4;1;16;4;-1;-1;3823;3822;3819;738;738;keine ausreichende Berücksichtigung der Nutzeranforderungen in der Planung;Risiko;281;E-CMZ Klinikum Klagenfurt;103;classic;PV005;3823;1761;classic;10.03.2025;1;22;;10.03.2025;;1;KUTEJA;1;;
19277461;27;2;2;16;4;-1;-1;3824;3829;3813;739;739;Baufeld im zentralen Krankenhausumfeld;Risiko;281;E-CMZ Klinikum Klagenfurt;99;classic;PV001;3824;1761;classic;10.03.2025;1;22;;10.03.2025;;1;KUTEJA;1;;
19277001;15;2;3;24;6;-1;-1;3904;3914;3920;740;740;Kommunikationsfehler (bzw. unzureichend) mit Nutzer;Risiko;281;E-CMZ Klinikum Klagenfurt;7;classic;BB007;3904;1761;classic;10.03.2025;1;22;;10.03.2025;;1;KUTEJA;1;;
19277061;18;2;3;24;6;-1;-1;3922;3916;3890;741;741;Widerstand von Nutzern;Risiko;281;E-CMZ Klinikum Klagenfurt;19;classic;BB019;3922;1761;classic;10.03.2025;1;22;;10.03.2025;;1;KUTEJA;1;;
19277046;13;2;3;24;6;-1;-1;3906;3909;3919;742;742;Skepsis bzw. Ängste von Nutzern nicht mit Schulungen/Informationsveranstaltungen abwendbar;Risiko;281;E-CMZ Klinikum Klagenfurt;16;classic;BB016;3906;1761;classic;10.03.2025;1;22;;10.03.2025;;1;KUTEJA;1;;
19277016;24;2;3;24;6;-1;-1;3907;3917;3921;743;743;Nutzer nicht oder zu wenig einbezogen;Risiko;281;E-CMZ Klinikum Klagenfurt;10;classic;BB010;3907;1761;classic;10.03.2025;1;22;;10.03.2025;;1;KUTEJA;1;;
19277031;49;3;4;48;12;-1;-1;3908;3905;3913;744;744;Personalwechsel in Schlüsselpositionen;Risiko;281;E-CMZ Klinikum Klagenfurt;13;classic;BB013;3908;1761;classic;10.03.2025;1;22;;10.03.2025;;1;KUTEJA;1;;
19277041;24;3;4;48;12;-1;-1;3909;3913;3906;745;745;Schnittstellenthematik (BIMM, Technik, MT…);Risiko;281;E-CMZ Klinikum Klagenfurt;15;classic;BB015;3909;1761;classic;10.03.2025;1;22;;10.03.2025;;1;KUTEJA;1;;
19276986;20;2;4;32;8;-1;-1;3910;3911;3918;746;746;Dem Nutzer sind nicht alle Anforderungen (aus BO Planung …) bekannt;Risiko;281;E-CMZ Klinikum Klagenfurt;4;classic;BB004;3910;1761;classic;10.03.2025;1;22;;10.03.2025;;1;KUTEJA;1;;
19276981;19;3;3;36;9;-1;-1;3911;3915;3910;747;747;Auswirkungen von neuen Forderungen der Nutzer nicht bekannt;Risiko;281;E-CMZ Klinikum Klagenfurt;3;classic;BB003;3911;1761;classic;10.03.2025;1;22;;10.03.2025;;1;KUTEJA;1;;
19276971;130;2;3;24;6;-1;-1;3912;0;3915;748;748;Abhängigkeit von Einzelpersonen (Ressourcen, PL, Stellvertreter …);Risiko;281;E-CMZ Klinikum Klagenfurt;1;classic;BB001;3912;1761;classic;10.03.2025;1;22;;10.03.2025;;1;KUTEJA;1;;
19277036;12;4;4;64;16;-1;-1;3913;3908;3909;749;749;Projektanforderungen ändern sich;Risiko;281;E-CMZ Klinikum Klagenfurt;14;classic;BB014;3913;1761;classic;10.03.2025;1;22;;10.03.2025;;1;KUTEJA;1;;
19276996;31;2;3;24;6;-1;-1;3914;3918;3904;750;750;keine ausreichende Ressourcenverfügbarkeit bei den Betroffenen und Beteiligten (z. B. für Projektsitzungen im Rahmen der Planung, Umsetzung und Übersiedelung);Risiko;281;E-CMZ Klinikum Klagenfurt;6;classic;BB006;3914;1761;classic;10.03.2025;1;22;;10.03.2025;;1;KUTEJA;1;;
19276976;33;2;3;24;6;-1;-1;3915;3912;3911;751;751;Abhängigkeiten der Projektumsetzung von Einzelpersonen;Risiko;281;E-CMZ Klinikum Klagenfurt;2;classic;BB002;3915;1761;classic;10.03.2025;1;22;;10.03.2025;;1;KUTEJA;1;;
19277056;15;4;3;48;12;-1;-1;3916;3919;3922;752;752;Veränderte bzw. nicht/besonders wahrgenommene Zuständigkeit;Risiko;281;E-CMZ Klinikum Klagenfurt;18;classic;BB018;3916;1761;classic;10.03.2025;1;22;;10.03.2025;;1;KUTEJA;1;;
19324787;4;4;4;64;16;-1;-1;3754;3759;3764;829;829;Beeinträchtigung des Betriebes (Erschütterung, Lärm, Staub, Kapazitäten uvm.);Risiko;281;E-CMZ Klinikum Klagenfurt;156;classic;TE004;3754;1782;classic;18.03.2025;1;321;;10.03.2025;;1;SCHRATTERJ;1;;
19324957;5;3;3;36;9;-1;-1;3755;3767;3744;830;830;zwischenzeitliche Übersiedelung während der Bauphase führt zu hohen Kosten und/oder Terminverzögerungen;Risiko;281;E-CMZ Klinikum Klagenfurt;173;classic;TE021;3755;1782;classic;18.03.2025;1;321;;10.03.2025;;1;SCHRATTERJ;1;;
19324867;5;3;3;36;9;-1;-1;3756;3769;3752;831;831;Laufender Betrieb lässt nur eingeschränkte Projektarbeitszeit zu;Risiko;281;E-CMZ Klinikum Klagenfurt;164;classic;TE012;3756;1782;classic;18.03.2025;1;321;;10.03.2025;;1;SCHRATTERJ;1;;
19324887;6;4;4;64;16;-1;-1;3757;3752;3762;832;832;Planungsgrundlagen - Anforderung des Bestellers (Raum- und Funktionsprogramm) - Änderung des Raumprogrammes nach Design Freeze;Risiko;281;E-CMZ Klinikum Klagenfurt;166;classic;TE014;3757;1782;classic;18.03.2025;1;321;;10.03.2025;;1;SCHRATTERJ;1;;
19324837;7;3;4;48;12;-1;-1;3758;3768;3765;833;833;Hygiene - Fehlplanungen, Anforderungsänderungen, Nicht zeitgerechte Ausarbeitung der beauftragten Personen;Risiko;281;E-CMZ Klinikum Klagenfurt;161;classic;TE009;3758;1782;classic;18.03.2025;1;321;;10.03.2025;;1;SCHRATTERJ;1;;
19324777;6;2;3;24;6;-1;-1;3759;3760;3754;834;834;Baugrund - Material - Materialverwertbarkeit (Massendisposition), Kontaminierung des Baugrundes;Risiko;281;E-CMZ Klinikum Klagenfurt;155;classic;TE003;3759;1782;classic;18.03.2025;1;321;;10.03.2025;;1;SCHRATTERJ;1;;
19324767;4;3;3;36;9;-1;-1;3760;3763;3759;835;835;Baugrund - Bodenerkundung / Gutachten - falsche/ungeeignete Wahl/Planung des Sicherungssystems (Baugrubensicherung, -umschließung), Auswirkungen auf Umgebung, Nachbarbauwerke,…;Risiko;281;E-CMZ Klinikum Klagenfurt;154;classic;TE002;3760;1782;classic;18.03.2025;1;321;;10.03.2025;;1;SCHRATTERJ;1;;
19324807;3;3;3;36;9;-1;-1;3761;3764;3751;836;836;Beweissicherungen - nicht ordnungsgemäße bzw. unvollständige Beweissicherung  - Grundwasser und Erschütterung für umliegende Gebäude, Beschädigung / Rückbau von Bestandsleitungen mit unbekannter Funktion: Betriebsunterbrechung;Risiko;281;E-CMZ Klinikum Klagenfurt;158;classic;TE006;3761;1782;classic;18.03.2025;1;321;;10.03.2025;;1;SCHRATTERJ;1;;
19324897;6;4;3;48;12;-1;-1;3762;3757;3750;837;837;Technischer und medizinischer Fortschritt - Weiterentwicklung der medizinischen festen Einrichtung;Risiko;281;E-CMZ Klinikum Klagenfurt;167;classic;TE015;3762;1782;classic;18.03.2025;1;321;;10.03.2025;;1;SCHRATTERJ;1;;
19324757;4;3;3;36;9;-1;-1;3763;3771;3760;838;838;Auswirkung an angrenzende Bereiche (befinden sich daneben, darüber, darunter);Risiko;281;E-CMZ Klinikum Klagenfurt;153;classic;TE001;3763;1782;classic;18.03.2025;1;321;;10.03.2025;;1;SCHRATTERJ;1;;
19324797;3;4;4;64;16;-1;-1;3764;3754;3761;839;839;Beschädigung bzw. Beeinträchtigung der Betriebsbereitschaft sensibler medizintechnischer Geräte (z. B. SPECT Kameras, Szintillationskristalle) Bestand und Siedlungsgut;Risiko;281;E-CMZ Klinikum Klagenfurt;157;classic;TE005;3764;1782;classic;18.03.2025;1;321;;10.03.2025;;1;SCHRATTERJ;1;;
19324847;5;4;4;64;16;-1;-1;3765;3758;3769;840;840;IT- und MT-Schnittstellenproblematiken zwischen den Einrichtungen werden nicht ausreichend berücksichtigt;Risiko;281;E-CMZ Klinikum Klagenfurt;162;classic;TE010;3765;1782;classic;18.03.2025;1;321;;10.03.2025;;1;SCHRATTERJ;1;;
19324747;4;2;2;16;4;-1;-1;3771;3790;3763;841;841;Pandemie - Beeinträchtigung der Projektbeteiligten;Risiko;281;E-CMZ Klinikum Klagenfurt;152;classic;SR001;3771;1782;classic;18.03.2025;1;321;;10.03.2025;;1;SCHRATTERJ;1;;
19324077;4;3;3;36;9;-1;-1;3839;3827;3836;842;842;Einhaltung sicherheits- und gesundheitspolitischer Auflagen und Einschränkungen (ÖSG-RSG);Chance;281;E-CMZ Klinikum Klagenfurt;85;classic;PU002;3839;1782;classic;18.03.2025;1;321;;10.03.2025;;1;SCHRATTERJ;1;;
19324197;6;3;4;48;12;-1;-1;3838;3837;3829;843;843;Verbesserung der Positionierung am Arbeitsmarkt;Chance;281;E-CMZ Klinikum Klagenfurt;97;classic;PU014;3838;1782;classic;18.03.2025;1;321;;10.03.2025;;1;SCHRATTERJ;1;;
19324187;3;2;4;32;8;-1;-1;3837;3834;3838;844;844;Verbesserung der interdiszipilinären Zusammenarbeit;Chance;281;E-CMZ Klinikum Klagenfurt;96;classic;PU013;3837;1782;classic;18.03.2025;1;321;;10.03.2025;;1;SCHRATTERJ;1;;
19324087;4;3;3;36;9;-1;-1;3836;3839;3833;845;845;Integration der Pädaudiometrie in die HNO bzw. Kopfzentrum;Chance;281;E-CMZ Klinikum Klagenfurt;86;classic;PU003;3836;1782;classic;18.03.2025;1;321;;10.03.2025;;1;SCHRATTERJ;1;;
19324137;10;3;3;36;9;-1;-1;3826;3835;3828;846;846;Neubau;Chance;281;E-CMZ Klinikum Klagenfurt;91;classic;PU008;3826;1782;classic;18.03.2025;1;321;;10.03.2025;;1;SCHRATTERJ;1;;
19323457;16;4;4;64;16;-1;-1;3902;3896;3897;847;847;Integration ressourcenschonender Energienutzungsmodelle in die Projektplanung (Alternativenergie, Passivhausstandard, Kühlung/Energiespeicherung durch Grundwasser, Photovoltaik (z. B. in Fassade integrieren oder am Dach), Erdwärme, Sonnenschutz - starke Lamellen, Fassadenfarbe, Niedertemparatur Heiz-Kühlsystem (Baukernaktivierung,  usw.);Chance;281;E-CMZ Klinikum Klagenfurt;23;classic;ÖU004;3902;1782;classic;18.03.2025;1;321;;10.03.2025;;1;SCHRATTERJ;1;;
19323447;4;3;3;36;9;-1;-1;3896;3895;3902;848;848;Förderungen lukrieren;Chance;281;E-CMZ Klinikum Klagenfurt;22;classic;ÖU003;3896;1782;classic;18.03.2025;1;321;;10.03.2025;;1;SCHRATTERJ;1;;
19323337;11;3;2;24;6;-1;-1;3921;3907;3905;849;849;Nutzer sind ausreichend über das Projekt Betreffende informiert;Chance;281;E-CMZ Klinikum Klagenfurt;11;classic;BB011;3921;1782;classic;18.03.2025;1;321;;10.03.2025;;1;SCHRATTERJ;1;;
19323347;12;3;4;48;12;-1;-1;3905;3921;3908;850;850;Nutzung der Erfahrung der Beteiligten aus den Fachbereichen, Fachbereichsmitarbeiter:innen zu Beteiligten machen und einbeziehen;Chance;281;E-CMZ Klinikum Klagenfurt;12;classic;BB012;3905;1782;classic;18.03.2025;1;321;;10.03.2025;;1;SCHRATTERJ;1;;
19323867;5;3;3;36;9;-1;-1;3863;3857;3855;851;851;Harmonisierung unterschiedlicher Standards und Umsetzungsgrade in prozessübergreifenden Managementsystemen (z. B.  Qualitäts- und Risikomanagement, ISMS, Compliance) und anderen Systemen;Chance;281;E-CMZ Klinikum Klagenfurt;64;classic;PF006;3863;1782;classic;18.03.2025;1;321;;10.03.2025;;1;SCHRATTERJ;1;;
19323827;3;3;3;36;9;-1;-1;3864;3848;3850;852;852;Baufeldfreimachung für zukünftige Projekte;Chance;281;E-CMZ Klinikum Klagenfurt;60;classic;PF002;3864;1782;classic;18.03.2025;1;321;;10.03.2025;;1;SCHRATTERJ;1;;
19323817;7;3;3;36;9;-1;-1;3848;3878;3864;853;853;Adaptierung/Modernisierung der räumlichen Strukturen an die Anforderungen des Versorgungsauftrags sowie an die Anforderungen der betroffenen Primär- und Sekundärversorgungsbereiche;Chance;281;E-CMZ Klinikum Klagenfurt;59;classic;PF001;3848;1782;classic;18.03.2025;1;321;;10.03.2025;;1;SCHRATTERJ;1;;
19471356;12;3;4;48;12;-1;-1;3911;3915;3910;747;747;Auswirkungen von neuen Forderungen der Nutzer nicht bekannt;Risiko;281;E-CMZ Klinikum Klagenfurt;3;classic;BB003;3911;1788;classic;02.04.2025;1;1121;;10.03.2025;;1;KAB_HOLZINGERD;1;;
19471328;26;3;3;36;9;-1;-1;3912;0;3915;748;748;Abhängigkeit von Einzelpersonen (Ressourcen, PL, Stellvertreter …);Risiko;281;E-CMZ Klinikum Klagenfurt;1;classic;BB001;3912;1788;classic;02.04.2025;1;1121;;10.03.2025;;1;KAB_HOLZINGERD;1;;
19471510;12;4;3;48;12;-1;-1;3913;3908;3909;749;749;Projektanforderungen ändern sich;Risiko;281;E-CMZ Klinikum Klagenfurt;14;classic;BB014;3913;1788;classic;02.04.2025;1;1121;;10.03.2025;;1;KAB_HOLZINGERD;1;;
19471398;7;2;2;16;4;-1;-1;3914;3918;3904;750;750;keine ausreichende Ressourcenverfügbarkeit bei den Betroffenen und Beteiligten (z. B. für Projektsitzungen im Rahmen der Planung, Umsetzung und Übersiedelung);Risiko;281;E-CMZ Klinikum Klagenfurt;6;classic;BB006;3914;1788;classic;02.04.2025;1;1121;;10.03.2025;;1;KAB_HOLZINGERD;1;;
19471342;17;3;4;48;12;-1;-1;3915;3912;3911;751;751;Abhängigkeiten der Projektumsetzung von Einzelpersonen;Risiko;281;E-CMZ Klinikum Klagenfurt;2;classic;BB002;3915;1788;classic;02.04.2025;1;1121;;10.03.2025;;1;KAB_HOLZINGERD;1;;
19471566;10;4;3;48;12;-1;-1;3916;3919;3922;752;752;Veränderte bzw. nicht/besonders wahrgenommene Zuständigkeit;Risiko;281;E-CMZ Klinikum Klagenfurt;18;classic;BB018;3916;1788;classic;02.04.2025;1;1121;;10.03.2025;;1;KAB_HOLZINGERD;1;;
19471440;9;4;3;48;12;-1;-1;3917;3920;3907;753;753;neue, überzogene (An-)Forderungen der Nutzer/Partner;Risiko;281;E-CMZ Klinikum Klagenfurt;9;classic;BB009;3917;1788;classic;02.04.2025;1;1121;;10.03.2025;;1;KAB_HOLZINGERD;1;;
19471384;8;2;2;16;4;-1;-1;3918;3910;3914;754;754;falsche oder nicht ausgesprochene Erwartungen durch Nutzer, Partner, Anrainer;Risiko;281;E-CMZ Klinikum Klagenfurt;5;classic;BB005;3918;1788;classic;02.04.2025;1;1121;;10.03.2025;;1;KAB_HOLZINGERD;1;;
19471552;14;4;3;48;12;-1;-1;3919;3906;3916;755;755;Überlastung des Projektteams;Risiko;281;E-CMZ Klinikum Klagenfurt;17;classic;BB017;3919;1788;classic;02.04.2025;1;1121;;10.03.2025;;1;KAB_HOLZINGERD;1;;
19471426;18;3;2;24;6;-1;-1;3920;3904;3917;756;756;mangelnde Untersützung/Widerstand von Beteiligten und Betroffenen;Risiko;281;E-CMZ Klinikum Klagenfurt;8;classic;BB008;3920;1788;classic;02.04.2025;1;1121;;10.03.2025;;1;KAB_HOLZINGERD;1;;
19472448;10;3;1;12;3;-1;-1;3847;3845;3844;757;757;Projektorganisation (Mitglied) nicht/unzureichend über das Projekt informiert;Risiko;281;E-CMZ Klinikum Klagenfurt;81;classic;PO006;3847;1788;classic;02.04.2025;1;1121;;10.03.2025;;1;KAB_HOLZINGERD;1;;
19472420;8;4;4;64;16;-1;-1;3846;3843;3845;758;758;Langwierige Entscheidungsfindung;Risiko;281;E-CMZ Klinikum Klagenfurt;79;classic;PO004;3846;1788;classic;02.04.2025;1;1121;;10.03.2025;;1;KAB_HOLZINGERD;1;;
19472434;5;3;2;24;6;-1;-1;3845;3846;3847;759;759;Nichtbeachtung von QM-Standards bzw. mangelnde Integration der QM-Systeme;Risiko;281;E-CMZ Klinikum Klagenfurt;80;classic;PO005;3845;1788;classic;02.04.2025;1;1121;;10.03.2025;;1;KAB_HOLZINGERD;1;;
19472462;8;2;1;8;2;-1;-1;3844;3847;3842;760;760;unzureichende Kompetenz und Erfahrung des Projektleiter, Krankenhaushygienikers usw.;Risiko;281;E-CMZ Klinikum Klagenfurt;82;classic;PO007;3844;1788;classic;02.04.2025;1;1121;;10.03.2025;;1;KAB_HOLZINGERD;1;;
19472406;8;4;2;32;8;-1;-1;3843;3840;3846;761;761;keine Integration QMS und RMS;Risiko;281;E-CMZ Klinikum Klagenfurt;78;classic;PO003;3843;1788;classic;02.04.2025;1;1121;;10.03.2025;;1;KAB_HOLZINGERD;1;;
19472392;5;4;3;48;12;-1;-1;3840;3841;3843;762;762;keine ausreichende Berücksichtigung/Koordination der vielen Beteiligten und/oder Schnittstellen;Risiko;281;E-CMZ Klinikum Klagenfurt;77;classic;PO002;3840;1788;classic;02.04.2025;1;1121;;10.03.2025;;1;KAB_HOLZINGERD;1;;
19472378;7;4;3;48;12;-1;-1;3841;3858;3840;763;763;fehlende selbständige interne Koordination der Fachabteilung;Risiko;281;E-CMZ Klinikum Klagenfurt;76;classic;PO001;3841;1788;classic;02.04.2025;1;1121;;10.03.2025;;1;KAB_HOLZINGERD;1;;
19472476;11;4;2;32;8;-1;-1;3842;3844;3827;764;764;Wechsel wesentlicher Schlüsselpersonen für die Umsetzung/Verantwortlicher im Projektteam (z. B. Projektleitung, Nutzer, Planer, Auftraggeber, Verantwortungsträger in einzelnen Bereichen z. B. Technik), Know-How-Träger stehen nicht zur Verfügung / Veränderung in den Entscheidungsstrukturen;Risiko;281;E-CMZ Klinikum Klagenfurt;83;classic;PO008;3842;1788;classic;02.04.2025;1;1121;;10.03.2025;;1;KAB_HOLZINGERD;1;;
19471958;4;3;3;36;9;-1;-1;3889;3867;3877;766;766;Kostenüberschreitung möglich;Risiko;281;E-CMZ Klinikum Klagenfurt;46;classic;PA013;3889;1788;classic;02.04.2025;1;1121;;10.03.2025;;1;KAB_HOLZINGERD;1;;
19471944;8;3;3;36;9;-1;-1;3867;3868;3889;767;767;Kostenerfassung schwierig (Schätzung des Folgeprojektes);Risiko;281;E-CMZ Klinikum Klagenfurt;45;classic;PA012;3867;1788;classic;02.04.2025;1;1121;;10.03.2025;;1;KAB_HOLZINGERD;1;;
19471930;10;3;3;36;9;-1;-1;3868;3871;3867;768;768;Kommunikationsfehler mit Auftragnehmer (keine Planer);Risiko;281;E-CMZ Klinikum Klagenfurt;44;classic;PA011;3868;1788;classic;02.04.2025;1;1121;;10.03.2025;;1;KAB_HOLZINGERD;1;;
19472042;7;3;2;24;6;-1;-1;3869;3876;3880;769;769;Ressourcenverfügbarkeit bei Auftragnehmer (keine Planer) nicht vorhanden;Risiko;281;E-CMZ Klinikum Klagenfurt;52;classic;PA019;3869;1788;classic;02.04.2025;1;1121;;10.03.2025;;1;KAB_HOLZINGERD;1;;
19471902;8;2;2;16;4;-1;-1;3870;3883;3871;770;770;Keine Motivation der Auftragnehmer vorhanden;Risiko;281;E-CMZ Klinikum Klagenfurt;42;classic;PA009;3870;1788;classic;02.04.2025;1;1121;;10.03.2025;;1;KAB_HOLZINGERD;1;;
19471916;5;3;3;36;9;-1;-1;3871;3870;3868;771;771;Know-How-Träger (extern) nicht verfügbar;Risiko;281;E-CMZ Klinikum Klagenfurt;43;classic;PA010;3871;1788;classic;02.04.2025;1;1121;;10.03.2025;;1;KAB_HOLZINGERD;1;;
19472014;6;2;1;8;2;-1;-1;3872;3887;3876;772;772;Planung ungenau oder nicht vollständig;Risiko;281;E-CMZ Klinikum Klagenfurt;50;classic;PA017;3872;1788;classic;02.04.2025;1;1121;;10.03.2025;;1;KAB_HOLZINGERD;1;;
19471790;15;3;2;24;6;-1;-1;3873;3899;3884;773;773;Ausschreibung fehlerhaft;Risiko;281;E-CMZ Klinikum Klagenfurt;34;classic;PA001;3873;1788;classic;02.04.2025;1;1121;;10.03.2025;;1;KAB_HOLZINGERD;1;;
19471832;5;3;3;36;9;-1;-1;3874;3865;3875;774;774;Einsprucherhebung bei der Ausschreibung;Risiko;281;E-CMZ Klinikum Klagenfurt;37;classic;PA004;3874;1788;classic;02.04.2025;1;1121;;10.03.2025;;1;KAB_HOLZINGERD;1;;
19471846;4;3;3;36;9;-1;-1;3875;3874;3888;775;775;Einsprucherhebung im Behördenverfahren uvm.;Risiko;281;E-CMZ Klinikum Klagenfurt;38;classic;PA005;3875;1788;classic;02.04.2025;1;1121;;10.03.2025;;1;KAB_HOLZINGERD;1;;
19416185;3;5;5;100;25;-1;-1;3838;3837;3829;843;843;Verbesserung der Positionierung am Arbeitsmarkt;Chance;281;E-CMZ Klinikum Klagenfurt;97;classic;PU014;3838;1790;classic;26.03.2025;1;1104;;10.03.2025;;2;KAB_RODLERL;1;;
19416173;3;5;5;100;25;-1;-1;3837;3834;3838;844;844;Verbesserung der interdiszipilinären Zusammenarbeit;Chance;281;E-CMZ Klinikum Klagenfurt;96;classic;PU013;3837;1790;classic;26.03.2025;1;1104;;10.03.2025;;2;KAB_RODLERL;1;;
19416053;4;5;5;100;25;-1;-1;3836;3839;3833;845;845;Integration der Pädaudiometrie in die HNO bzw. Kopfzentrum;Chance;281;E-CMZ Klinikum Klagenfurt;86;classic;PU003;3836;1790;classic;26.03.2025;1;1104;;10.03.2025;;2;KAB_RODLERL;1;;
19416113;3;5;5;100;25;-1;-1;3826;3835;3828;846;846;Neubau;Chance;281;E-CMZ Klinikum Klagenfurt;91;classic;PU008;3826;1790;classic;26.03.2025;1;1104;;10.03.2025;;2;KAB_RODLERL;1;;
19415297;2;4;5;80;20;-1;-1;3902;3896;3897;847;847;Integration ressourcenschonender Energienutzungsmodelle in die Projektplanung (Alternativenergie, Passivhausstandard, Kühlung/Energiespeicherung durch Grundwasser, Photovoltaik (z. B. in Fassade integrieren oder am Dach), Erdwärme, Sonnenschutz - starke Lamellen, Fassadenfarbe, Niedertemparatur Heiz-Kühlsystem (Baukernaktivierung,  usw.);Chance;281;E-CMZ Klinikum Klagenfurt;23;classic;ÖU004;3902;1790;classic;26.03.2025;1;1104;;10.03.2025;;2;KAB_RODLERL;1;;
19415285;7;4;5;80;20;-1;-1;3896;3895;3902;848;848;Förderungen lukrieren;Chance;281;E-CMZ Klinikum Klagenfurt;22;classic;ÖU003;3896;1790;classic;26.03.2025;1;1104;;10.03.2025;;2;KAB_RODLERL;1;;
19415153;2;4;4;64;16;-1;-1;3921;3907;3905;849;849;Nutzer sind ausreichend über das Projekt Betreffende informiert;Chance;281;E-CMZ Klinikum Klagenfurt;11;classic;BB011;3921;1790;classic;26.03.2025;1;1104;;10.03.2025;;2;KAB_RODLERL;1;;
19415165;2;3;4;48;12;-1;-1;3905;3921;3908;850;850;Nutzung der Erfahrung der Beteiligten aus den Fachbereichen, Fachbereichsmitarbeiter:innen zu Beteiligten machen und einbeziehen;Chance;281;E-CMZ Klinikum Klagenfurt;12;classic;BB012;3905;1790;classic;26.03.2025;1;1104;;10.03.2025;;2;KAB_RODLERL;1;;
19415789;5;4;4;64;16;-1;-1;3863;3857;3855;851;851;Harmonisierung unterschiedlicher Standards und Umsetzungsgrade in prozessübergreifenden Managementsystemen (z. B.  Qualitäts- und Risikomanagement, ISMS, Compliance) und anderen Systemen;Chance;281;E-CMZ Klinikum Klagenfurt;64;classic;PF006;3863;1790;classic;26.03.2025;1;1104;;10.03.2025;;2;KAB_RODLERL;1;;
19415741;5;2;2;16;4;-1;-1;3864;3848;3850;852;852;Baufeldfreimachung für zukünftige Projekte;Chance;281;E-CMZ Klinikum Klagenfurt;60;classic;PF002;3864;1790;classic;26.03.2025;1;1104;;10.03.2025;;2;KAB_RODLERL;1;;
19415729;3;4;4;64;16;-1;-1;3848;3878;3864;853;853;Adaptierung/Modernisierung der räumlichen Strukturen an die Anforderungen des Versorgungsauftrags sowie an die Anforderungen der betroffenen Primär- und Sekundärversorgungsbereiche;Chance;281;E-CMZ Klinikum Klagenfurt;59;classic;PF001;3848;1790;classic;26.03.2025;1;1104;;10.03.2025;;2;KAB_RODLERL;1;;
19416773;4;4;4;64;16;-1;-1;3794;3782;3781;856;856;Schwerlasten (Logistik, Wasseraufbereitung …) werden im Keller situiert;Chance;281;E-CMZ Klinikum Klagenfurt;146;classic;SI021;3794;1790;classic;26.03.2025;1;1104;;10.03.2025;;2;KAB_RODLERL;1;;
19416725;56;4;5;80;20;-1;-1;3795;3780;3773;857;857;Patienten mit Infektion werden separiert geführt (Liftausgang …);Chance;281;E-CMZ Klinikum Klagenfurt;142;classic;SI017;3795;1790;classic;26.03.2025;1;1104;;10.03.2025;;2;KAB_RODLERL;1;;
19416797;103;5;5;100;25;-1;-1;3772;3781;3796;858;858;Steigerung der Sicherheit von Patient:innen, Mitarbeiter:innen und Dritter;Chance;281;E-CMZ Klinikum Klagenfurt;148;classic;SI023;3772;1790;classic;26.03.2025;1;1104;;10.03.2025;;2;KAB_RODLERL;1;;
19417061;15;4;4;64;16;-1;-1;3766;3753;3770;859;859;Verbesserung der technischen Betriebssicherheit;Chance;281;E-CMZ Klinikum Klagenfurt;170;classic;TE018;3766;1790;classic;26.03.2025;1;1104;;10.03.2025;;2;KAB_RODLERL;1;;
19417085;13;5;4;80;20;-1;-1;3767;3770;3755;860;860;Zusammenführung, Anbindung (BMA, GLT, FTS, Zutritt usw.) , Harmonisierung struktureller und technischer Standards und deren Auslegung (alt/neu) ==> Implementierung aktueller Haus- und Betriebstechnik;Chance;281;E-CMZ Klinikum Klagenfurt;172;classic;TE020;3767;1790;classic;26.03.2025;1;1104;;10.03.2025;;2;KAB_RODLERL;1;;
19416941;11;3;3;36;9;-1;-1;3768;3751;3758;861;861;Fernwärme/Kälteversorgung für zukünftige Versorgung berücksichtigen (Neuverlegung, Trassenführung);Chance;281;E-CMZ Klinikum Klagenfurt;160;classic;TE008;3768;1790;classic;26.03.2025;1;1104;;10.03.2025;;2;KAB_RODLERL;1;;
19416977;13;4;4;64;16;-1;-1;3769;3765;3756;862;862;Kollektorgänge für zukünftige Erweiterungen vorbereitet (Onkozentrum);Chance;281;E-CMZ Klinikum Klagenfurt;163;classic;TE011;3769;1790;classic;26.03.2025;1;1104;;10.03.2025;;2;KAB_RODLERL;1;;
19416929;21;4;3;48;12;-1;-1;3751;3761;3768;863;863;Business Continuity in Ableitung von der Unternehmensstrategie zu diesem Thema konzeptionell und in der Projektplanung vorsehen;Chance;281;E-CMZ Klinikum Klagenfurt;159;classic;TE007;3751;1790;classic;26.03.2025;1;1104;;10.03.2025;;2;KAB_RODLERL;1;;
19314228;35;3;3;36;9;-1;-1;3825;3831;3834;682;682;Projektinhalt nicht mit medizinischer Leistungsplanung (BO-Planung) kompatibel;Risiko;281;E-CMZ Klinikum Klagenfurt;94;classic;PU011;3825;1791;classic;21.03.2025;1;1105;;10.03.2025;;2;KAB_JANKCHR;1;;
19314192;5;4;4;64;16;-1;-1;3835;3832;3826;683;683;Konflikte mit anderen Projekten (nicht nur Bauprojekte) oder mit dem laufenden Betrieb;Risiko;281;E-CMZ Klinikum Klagenfurt;90;classic;PU007;3835;1791;classic;21.03.2025;1;1105;;10.03.2025;;2;KAB_JANKCHR;1;;
19314138;9;3;3;36;9;-1;-1;3827;3842;3839;684;684;Auswirkung auf die Konsolidierungsbestrebungen;Risiko;281;E-CMZ Klinikum Klagenfurt;84;classic;PU001;3827;1791;classic;21.03.2025;1;1105;;10.03.2025;;2;KAB_JANKCHR;1;;
19314210;7;3;3;36;9;-1;-1;3828;3826;3831;685;685;Politisch bedeutender Projektinhalt;Risiko;281;E-CMZ Klinikum Klagenfurt;92;classic;PU009;3828;1791;classic;21.03.2025;1;1105;;10.03.2025;;2;KAB_JANKCHR;1;;
19314264;17;3;4;48;12;-1;-1;3829;3838;3824;686;686;Widerstand und Einfluss von außen (interne Organisationseinheiten, Anrainer …);Risiko;281;E-CMZ Klinikum Klagenfurt;98;classic;PU015;3829;1791;classic;21.03.2025;1;1105;;10.03.2025;;2;KAB_JANKCHR;1;;
19277011;21;2;4;32;8;-1;-1;3917;3920;3907;753;753;neue, überzogene (An-)Forderungen der Nutzer/Partner;Risiko;281;E-CMZ Klinikum Klagenfurt;9;classic;BB009;3917;1761;classic;10.03.2025;1;22;;10.03.2025;;1;KUTEJA;1;;
19276991;28;2;3;24;6;-1;-1;3918;3910;3914;754;754;falsche oder nicht ausgesprochene Erwartungen durch Nutzer, Partner, Anrainer;Risiko;281;E-CMZ Klinikum Klagenfurt;5;classic;BB005;3918;1761;classic;10.03.2025;1;22;;10.03.2025;;1;KUTEJA;1;;
19277051;15;3;3;36;9;-1;-1;3919;3906;3916;755;755;Überlastung des Projektteams;Risiko;281;E-CMZ Klinikum Klagenfurt;17;classic;BB017;3919;1761;classic;10.03.2025;1;22;;10.03.2025;;1;KUTEJA;1;;
19277006;97;3;3;36;9;-1;-1;3920;3904;3917;756;756;mangelnde Untersützung/Widerstand von Beteiligten und Betroffenen;Risiko;281;E-CMZ Klinikum Klagenfurt;8;classic;BB008;3920;1761;classic;10.03.2025;1;22;;10.03.2025;;1;KUTEJA;1;;
19277371;14;3;2;24;6;-1;-1;3847;3845;3844;757;757;Projektorganisation (Mitglied) nicht/unzureichend über das Projekt informiert;Risiko;281;E-CMZ Klinikum Klagenfurt;81;classic;PO006;3847;1761;classic;10.03.2025;1;22;;10.03.2025;;1;KUTEJA;1;;
19277361;13;4;3;48;12;-1;-1;3846;3843;3845;758;758;Langwierige Entscheidungsfindung;Risiko;281;E-CMZ Klinikum Klagenfurt;79;classic;PO004;3846;1761;classic;10.03.2025;1;22;;10.03.2025;;1;KUTEJA;1;;
19277366;13;2;3;24;6;-1;-1;3845;3846;3847;759;759;Nichtbeachtung von QM-Standards bzw. mangelnde Integration der QM-Systeme;Risiko;281;E-CMZ Klinikum Klagenfurt;80;classic;PO005;3845;1761;classic;10.03.2025;1;22;;10.03.2025;;1;KUTEJA;1;;
19277376;12;3;2;24;6;-1;-1;3844;3847;3842;760;760;unzureichende Kompetenz und Erfahrung des Projektleiter, Krankenhaushygienikers usw.;Risiko;281;E-CMZ Klinikum Klagenfurt;82;classic;PO007;3844;1761;classic;10.03.2025;1;22;;10.03.2025;;1;KUTEJA;1;;
19277356;11;2;2;16;4;-1;-1;3843;3840;3846;761;761;keine Integration QMS und RMS;Risiko;281;E-CMZ Klinikum Klagenfurt;78;classic;PO003;3843;1761;classic;10.03.2025;1;22;;10.03.2025;;1;KUTEJA;1;;
19277351;14;4;2;32;8;-1;-1;3840;3841;3843;762;762;keine ausreichende Berücksichtigung/Koordination der vielen Beteiligten und/oder Schnittstellen;Risiko;281;E-CMZ Klinikum Klagenfurt;77;classic;PO002;3840;1761;classic;10.03.2025;1;22;;10.03.2025;;1;KUTEJA;1;;
19277346;9;3;2;24;6;-1;-1;3841;3858;3840;763;763;fehlende selbständige interne Koordination der Fachabteilung;Risiko;281;E-CMZ Klinikum Klagenfurt;76;classic;PO001;3841;1761;classic;10.03.2025;1;22;;10.03.2025;;1;KUTEJA;1;;
19277381;36;4;3;48;12;-1;-1;3842;3844;3827;764;764;Wechsel wesentlicher Schlüsselpersonen für die Umsetzung/Verantwortlicher im Projektteam (z. B. Projektleitung, Nutzer, Planer, Auftraggeber, Verantwortungsträger in einzelnen Bereichen z. B. Technik), Know-How-Träger stehen nicht zur Verfügung / Veränderung in den Entscheidungsstrukturen;Risiko;281;E-CMZ Klinikum Klagenfurt;83;classic;PO008;3842;1761;classic;10.03.2025;1;22;;10.03.2025;;1;KUTEJA;1;;
19277146;19;3;3;36;9;-1;-1;3865;3884;3874;765;765;eine mögliche Aussiedelung von Stationen (Kinder) ist nicht möglich;Risiko;281;E-CMZ Klinikum Klagenfurt;36;classic;PA003;3865;1761;classic;10.03.2025;1;22;;10.03.2025;;1;KUTEJA;1;;
19277196;18;4;4;64;16;-1;-1;3889;3867;3877;766;766;Kostenüberschreitung möglich;Risiko;281;E-CMZ Klinikum Klagenfurt;46;classic;PA013;3889;1761;classic;10.03.2025;1;22;;10.03.2025;;1;KUTEJA;1;;
19277191;11;2;3;24;6;-1;-1;3867;3868;3889;767;767;Kostenerfassung schwierig (Schätzung des Folgeprojektes);Risiko;281;E-CMZ Klinikum Klagenfurt;45;classic;PA012;3867;1761;classic;10.03.2025;1;22;;10.03.2025;;1;KUTEJA;1;;
19277186;1666;3;3;36;9;-1;-1;3868;3871;3867;768;768;Kommunikationsfehler mit Auftragnehmer (keine Planer);Risiko;281;E-CMZ Klinikum Klagenfurt;44;classic;PA011;3868;1761;classic;10.03.2025;1;22;;10.03.2025;;1;KUTEJA;1;;
19277226;19;2;3;24;6;-1;-1;3869;3876;3880;769;769;Ressourcenverfügbarkeit bei Auftragnehmer (keine Planer) nicht vorhanden;Risiko;281;E-CMZ Klinikum Klagenfurt;52;classic;PA019;3869;1761;classic;10.03.2025;1;22;;10.03.2025;;1;KUTEJA;1;;
19277176;17;3;2;24;6;-1;-1;3870;3883;3871;770;770;Keine Motivation der Auftragnehmer vorhanden;Risiko;281;E-CMZ Klinikum Klagenfurt;42;classic;PA009;3870;1761;classic;10.03.2025;1;22;;10.03.2025;;1;KUTEJA;1;;
19277181;12;3;2;24;6;-1;-1;3871;3870;3868;771;771;Know-How-Träger (extern) nicht verfügbar;Risiko;281;E-CMZ Klinikum Klagenfurt;43;classic;PA010;3871;1761;classic;10.03.2025;1;22;;10.03.2025;;1;KUTEJA;1;;
19277216;12;3;3;36;9;-1;-1;3872;3887;3876;772;772;Planung ungenau oder nicht vollständig;Risiko;281;E-CMZ Klinikum Klagenfurt;50;classic;PA017;3872;1761;classic;10.03.2025;1;22;;10.03.2025;;1;KUTEJA;1;;
19277136;22;2;3;24;6;-1;-1;3873;3899;3884;773;773;Ausschreibung fehlerhaft;Risiko;281;E-CMZ Klinikum Klagenfurt;34;classic;PA001;3873;1761;classic;10.03.2025;1;22;;10.03.2025;;1;KUTEJA;1;;
19277151;115;2;3;24;6;-1;-1;3874;3865;3875;774;774;Einsprucherhebung bei der Ausschreibung;Risiko;281;E-CMZ Klinikum Klagenfurt;37;classic;PA004;3874;1761;classic;10.03.2025;1;22;;10.03.2025;;1;KUTEJA;1;;
19277156;8;3;3;36;9;-1;-1;3875;3874;3888;775;775;Einsprucherhebung im Behördenverfahren uvm.;Risiko;281;E-CMZ Klinikum Klagenfurt;38;classic;PA005;3875;1761;classic;10.03.2025;1;22;;10.03.2025;;1;KUTEJA;1;;
19277221;9;4;3;48;12;-1;-1;3876;3872;3869;776;776;Projektdokumentation nicht vollständig bzw. nicht vorhanden;Risiko;281;E-CMZ Klinikum Klagenfurt;51;classic;PA018;3876;1761;classic;10.03.2025;1;22;;10.03.2025;;1;KUTEJA;1;;
19277201;24;5;4;80;20;-1;-1;3877;3889;3886;777;777;Lange Projektdauer;Risiko;281;E-CMZ Klinikum Klagenfurt;47;classic;PA014;3877;1761;classic;10.03.2025;1;22;;10.03.2025;;1;KUTEJA;1;;
19277256;7;2;2;16;4;-1;-1;3878;3881;3848;778;778;zu kurze Projektvorbereitung;Risiko;281;E-CMZ Klinikum Klagenfurt;58;classic;PA025;3878;1761;classic;10.03.2025;1;22;;10.03.2025;;1;KUTEJA;1;;
19277236;7;3;3;36;9;-1;-1;3879;3880;3866;779;779;Schleppende, eventuell kostenerhöhende Planung durch laufende Nutzeränderungsbedarfe;Risiko;281;E-CMZ Klinikum Klagenfurt;54;classic;PA021;3879;1761;classic;10.03.2025;1;22;;10.03.2025;;1;KUTEJA;1;;
19277231;12;3;3;36;9;-1;-1;3880;3869;3879;780;780;Schleppende, eventuell kostenerhöhende Planung durch laufende Änderungen der Betreiber;Risiko;281;E-CMZ Klinikum Klagenfurt;53;classic;PA020;3880;1761;classic;10.03.2025;1;22;;10.03.2025;;1;KUTEJA;1;;
19277251;16;2;2;16;4;-1;-1;3881;3882;3878;781;781;Vorgegebene Projektpläne sind nicht abgestimmt und unrealistisch;Risiko;281;E-CMZ Klinikum Klagenfurt;57;classic;PA024;3881;1761;classic;10.03.2025;1;22;;10.03.2025;;1;KUTEJA;1;;
19277246;15;3;3;36;9;-1;-1;3882;3866;3881;782;782;Vorgegebene Laufzeiten und Fristen sind nicht berücksichtigt (Beschlussfassung Aufsichtsrat, Einreichung Landesrechnungshof, Ausschreibungsverfahren uvm.);Risiko;281;E-CMZ Klinikum Klagenfurt;56;classic;PA023;3882;1761;classic;10.03.2025;1;22;;10.03.2025;;1;KUTEJA;1;;
19324547;9;4;4;64;16;-1;-1;3792;3774;3793;854;854;Erweiterung der Druckbelüftungsanlage im NEUBAU laut Brandschutzkonzept;Chance;281;E-CMZ Klinikum Klagenfurt;132;classic;SI007;3792;1782;classic;18.03.2025;1;321;;10.03.2025;;1;SCHRATTERJ;1;;
19324557;4;3;3;36;9;-1;-1;3793;3792;3797;855;855;Erweiterung der Hochdruckvernebelungsanlage im NEUBAU laut Brandschutzkonzept;Chance;281;E-CMZ Klinikum Klagenfurt;133;classic;SI008;3793;1782;classic;18.03.2025;1;321;;10.03.2025;;1;SCHRATTERJ;1;;
19324687;4;3;3;36;9;-1;-1;3794;3782;3781;856;856;Schwerlasten (Logistik, Wasseraufbereitung …) werden im Keller situiert;Chance;281;E-CMZ Klinikum Klagenfurt;146;classic;SI021;3794;1782;classic;18.03.2025;1;321;;10.03.2025;;1;SCHRATTERJ;1;;
19324647;6;4;4;64;16;-1;-1;3795;3780;3773;857;857;Patienten mit Infektion werden separiert geführt (Liftausgang …);Chance;281;E-CMZ Klinikum Klagenfurt;142;classic;SI017;3795;1782;classic;18.03.2025;1;321;;10.03.2025;;1;SCHRATTERJ;1;;
19324707;5;3;3;36;9;-1;-1;3772;3781;3796;858;858;Steigerung der Sicherheit von Patient:innen, Mitarbeiter:innen und Dritter;Chance;281;E-CMZ Klinikum Klagenfurt;148;classic;SI023;3772;1782;classic;18.03.2025;1;321;;10.03.2025;;1;SCHRATTERJ;1;;
19324927;4;4;4;64;16;-1;-1;3766;3753;3770;859;859;Verbesserung der technischen Betriebssicherheit;Chance;281;E-CMZ Klinikum Klagenfurt;170;classic;TE018;3766;1782;classic;18.03.2025;1;321;;10.03.2025;;1;SCHRATTERJ;1;;
19324947;5;4;4;64;16;-1;-1;3767;3770;3755;860;860;Zusammenführung, Anbindung (BMA, GLT, FTS, Zutritt usw.) , Harmonisierung struktureller und technischer Standards und deren Auslegung (alt/neu) ==> Implementierung aktueller Haus- und Betriebstechnik;Chance;281;E-CMZ Klinikum Klagenfurt;172;classic;TE020;3767;1782;classic;18.03.2025;1;321;;10.03.2025;;1;SCHRATTERJ;1;;
19324827;5;4;4;64;16;-1;-1;3768;3751;3758;861;861;Fernwärme/Kälteversorgung für zukünftige Versorgung berücksichtigen (Neuverlegung, Trassenführung);Chance;281;E-CMZ Klinikum Klagenfurt;160;classic;TE008;3768;1782;classic;18.03.2025;1;321;;10.03.2025;;1;SCHRATTERJ;1;;
19324857;8;2;2;16;4;-1;-1;3769;3765;3756;862;862;Kollektorgänge für zukünftige Erweiterungen vorbereitet (Onkozentrum);Chance;281;E-CMZ Klinikum Klagenfurt;163;classic;TE011;3769;1782;classic;18.03.2025;1;321;;10.03.2025;;1;SCHRATTERJ;1;;
19324817;5;4;4;64;16;-1;-1;3751;3761;3768;863;863;Business Continuity in Ableitung von der Unternehmensstrategie zu diesem Thema konzeptionell und in der Projektplanung vorsehen;Chance;281;E-CMZ Klinikum Klagenfurt;159;classic;TE007;3751;1782;classic;18.03.2025;1;321;;10.03.2025;;1;SCHRATTERJ;1;;
19269042;10;2;2;16;4;-1;-1;3825;3831;3834;682;682;Projektinhalt nicht mit medizinischer Leistungsplanung (BO-Planung) kompatibel;Risiko;281;E-CMZ Klinikum Klagenfurt;94;classic;PU011;3825;1783;classic;13.03.2025;1;1102;;10.03.2025;;1;JARNIGH;1;;
19269038;16;2;3;24;6;-1;-1;3835;3832;3826;683;683;Konflikte mit anderen Projekten (nicht nur Bauprojekte) oder mit dem laufenden Betrieb;Risiko;281;E-CMZ Klinikum Klagenfurt;90;classic;PU007;3835;1783;classic;13.03.2025;1;1102;;10.03.2025;;1;JARNIGH;1;;
19269032;7;4;4;64;16;-1;-1;3827;3842;3839;684;684;Auswirkung auf die Konsolidierungsbestrebungen;Risiko;281;E-CMZ Klinikum Klagenfurt;84;classic;PU001;3827;1783;classic;13.03.2025;1;1102;;10.03.2025;;1;JARNIGH;1;;
19269040;5;2;2;16;4;-1;-1;3828;3826;3831;685;685;Politisch bedeutender Projektinhalt;Risiko;281;E-CMZ Klinikum Klagenfurt;92;classic;PU009;3828;1783;classic;13.03.2025;1;1102;;10.03.2025;;1;JARNIGH;1;;
19269046;9;2;1;8;2;-1;-1;3829;3838;3824;686;686;Widerstand und Einfluss von außen (interne Organisationseinheiten, Anrainer …);Risiko;281;E-CMZ Klinikum Klagenfurt;98;classic;PU015;3829;1783;classic;13.03.2025;1;1102;;10.03.2025;;1;JARNIGH;1;;
19269036;8;3;3;36;9;-1;-1;3830;3833;3832;687;687;keine Kompatibilität der Projektziele mit dem Versorgungsauftrag  (z. B. Betriebsziele, politische Ziele, Umsetzung ÖSG-RSG usw.);Risiko;281;E-CMZ Klinikum Klagenfurt;88;classic;PU005;3830;1783;classic;13.03.2025;1;1102;;10.03.2025;;1;JARNIGH;1;;
19269041;7;2;3;24;6;-1;-1;3831;3828;3825;688;688;Projektfortschritt bzw. -laufzeiten können nicht eingehalten werden;Risiko;281;E-CMZ Klinikum Klagenfurt;93;classic;PU010;3831;1783;classic;13.03.2025;1;1102;;10.03.2025;;1;JARNIGH;1;;
19269037;8;2;2;16;4;-1;-1;3832;3830;3835;689;689;keine Synchronisierung mit dem Masterplan 2030;Risiko;281;E-CMZ Klinikum Klagenfurt;89;classic;PU006;3832;1783;classic;13.03.2025;1;1102;;10.03.2025;;1;JARNIGH;1;;
19269035;10;5;2;40;10;-1;-1;3833;3836;3830;690;690;keine Genehmigung ausreichender finanzieller Mittel;Risiko;281;E-CMZ Klinikum Klagenfurt;87;classic;PU004;3833;1783;classic;13.03.2025;1;1102;;10.03.2025;;1;JARNIGH;1;;
19269043;10;3;2;24;6;-1;-1;3834;3825;3837;691;691;Terminkollisionen;Risiko;281;E-CMZ Klinikum Klagenfurt;95;classic;PU012;3834;1783;classic;13.03.2025;1;1102;;10.03.2025;;1;JARNIGH;1;;
19268968;9;2;2;16;4;-1;-1;3890;3922;3895;692;692;Bestehende Bausubstanz schwierig oder nicht bekannt;Risiko;281;E-CMZ Klinikum Klagenfurt;20;classic;ÖU001;3890;1783;classic;10.03.2025;1;1102;;10.03.2025;;1;JARNIGH;1;;
19268976;14;4;3;48;12;-1;-1;3891;3901;3892;693;693;Umwelteinflüsse können Projekt behindern oder beeinflussen;Risiko;281;E-CMZ Klinikum Klagenfurt;28;classic;ÖU009;3891;1783;classic;13.03.2025;1;1102;;10.03.2025;;1;JARNIGH;1;;
19268977;17;4;1;16;4;-1;-1;3892;3891;3903;694;694;Umweltverträglichkeitsprüfungen;Risiko;281;E-CMZ Klinikum Klagenfurt;29;classic;ÖU010;3892;1783;classic;13.03.2025;1;1102;;10.03.2025;;1;JARNIGH;1;;
19268974;5;2;2;16;4;-1;-1;3893;3894;3901;695;695;Projekt hat Auswirkungen auf Umwelt (Emissionen);Risiko;281;E-CMZ Klinikum Klagenfurt;26;classic;ÖU007;3893;1783;classic;10.03.2025;1;1102;;10.03.2025;;1;JARNIGH;1;;
19268973;5;3;3;36;9;-1;-1;3894;3897;3893;696;696;Lärm- und Staubbelästigung während der Bauphase der Patient:innen und Mitarbeiter:innen in den umliegenden Gebäude(-teile) ==> Nähe Notfallaufnahme ==> zentraler Verkehrsknotenpunkt;Risiko;281;E-CMZ Klinikum Klagenfurt;25;classic;ÖU006;3894;1783;classic;10.03.2025;1;1102;;10.03.2025;;1;JARNIGH;1;;
19268969;6;3;3;36;9;-1;-1;3895;3890;3896;697;697;Erschütterungen während der Bauphase;Risiko;281;E-CMZ Klinikum Klagenfurt;21;classic;ÖU002;3895;1783;classic;10.03.2025;1;1102;;10.03.2025;;1;JARNIGH;1;;
19268978;11;3;2;24;6;-1;-1;3903;3892;3900;698;698;unbekannte Einbauten im Boden;Risiko;281;E-CMZ Klinikum Klagenfurt;30;classic;ÖU011;3903;1783;classic;13.03.2025;1;1102;;10.03.2025;;1;JARNIGH;1;;
19268972;6;2;2;16;4;-1;-1;3897;3902;3894;699;699;keine Kenntnis über das Ausmaß des kontaminierten Abbruchmaterials (Asbest, gefährliche Stoffe) und kontaminierte Einbauten im Baugrund;Risiko;281;E-CMZ Klinikum Klagenfurt;24;classic;ÖU005;3897;1783;classic;10.03.2025;1;1102;;10.03.2025;;1;JARNIGH;1;;
19268980;9;2;1;8;2;-1;-1;3898;3900;3899;700;700;Verunreinigung angrenzender Gebäude;Risiko;281;E-CMZ Klinikum Klagenfurt;32;classic;ÖU013;3898;1783;classic;13.03.2025;1;1102;;10.03.2025;;1;JARNIGH;1;;
19472028;5;2;1;8;2;-1;-1;3876;3872;3869;776;776;Projektdokumentation nicht vollständig bzw. nicht vorhanden;Risiko;281;E-CMZ Klinikum Klagenfurt;51;classic;PA018;3876;1788;classic;02.04.2025;1;1121;;10.03.2025;;1;KAB_HOLZINGERD;1;;
19471972;8;2;2;16;4;-1;-1;3877;3889;3886;777;777;Lange Projektdauer;Risiko;281;E-CMZ Klinikum Klagenfurt;47;classic;PA014;3877;1788;classic;02.04.2025;1;1121;;10.03.2025;;1;KAB_HOLZINGERD;1;;
19472126;7;3;3;36;9;-1;-1;3878;3881;3848;778;778;zu kurze Projektvorbereitung;Risiko;281;E-CMZ Klinikum Klagenfurt;58;classic;PA025;3878;1788;classic;02.04.2025;1;1121;;10.03.2025;;1;KAB_HOLZINGERD;1;;
19472070;13;4;3;48;12;-1;-1;3879;3880;3866;779;779;Schleppende, eventuell kostenerhöhende Planung durch laufende Nutzeränderungsbedarfe;Risiko;281;E-CMZ Klinikum Klagenfurt;54;classic;PA021;3879;1788;classic;02.04.2025;1;1121;;10.03.2025;;1;KAB_HOLZINGERD;1;;
19472056;20;3;4;48;12;-1;-1;3880;3869;3879;780;780;Schleppende, eventuell kostenerhöhende Planung durch laufende Änderungen der Betreiber;Risiko;281;E-CMZ Klinikum Klagenfurt;53;classic;PA020;3880;1788;classic;02.04.2025;1;1121;;10.03.2025;;1;KAB_HOLZINGERD;1;;
19472112;45;3;3;36;9;-1;-1;3881;3882;3878;781;781;Vorgegebene Projektpläne sind nicht abgestimmt und unrealistisch;Risiko;281;E-CMZ Klinikum Klagenfurt;57;classic;PA024;3881;1788;classic;02.04.2025;1;1121;;10.03.2025;;1;KAB_HOLZINGERD;1;;
19472098;16;4;2;32;8;-1;-1;3882;3866;3881;782;782;Vorgegebene Laufzeiten und Fristen sind nicht berücksichtigt (Beschlussfassung Aufsichtsrat, Einreichung Landesrechnungshof, Ausschreibungsverfahren uvm.);Risiko;281;E-CMZ Klinikum Klagenfurt;56;classic;PA023;3882;1788;classic;02.04.2025;1;1121;;10.03.2025;;1;KAB_HOLZINGERD;1;;
19471888;16;2;2;16;4;-1;-1;3883;3885;3870;783;783;Keine Berücksichtigung innerhalb der Planung des Projektes von Dienstplänen, Urlaubszeiten oder Zeiten mit arbeitsintensiven Tätigkeiten (z.B. Jahresabschluss uvm.);Risiko;281;E-CMZ Klinikum Klagenfurt;41;classic;PA008;3883;1788;classic;02.04.2025;1;1121;;10.03.2025;;1;KAB_HOLZINGERD;1;;
19471804;8;3;3;36;9;-1;-1;3884;3873;3865;784;784;die Informationsweitergabe von Hygienevorgaben an die Mitarbeiter des AN ist mangelhaft;Risiko;281;E-CMZ Klinikum Klagenfurt;35;classic;PA002;3884;1788;classic;02.04.2025;1;1121;;10.03.2025;;1;KAB_HOLZINGERD;1;;
19471986;11;4;3;48;12;-1;-1;3886;3877;3887;786;786;mikrobiologische Verkeimung der bestehenden Wasserleitungen;Risiko;281;E-CMZ Klinikum Klagenfurt;48;classic;PA015;3886;1788;classic;02.04.2025;1;1121;;10.03.2025;;1;KAB_HOLZINGERD;1;;
19472000;7;3;2;24;6;-1;-1;3887;3886;3872;787;787;nicht erkannte Hygieneprobleme;Risiko;281;E-CMZ Klinikum Klagenfurt;49;classic;PA016;3887;1788;classic;02.04.2025;1;1121;;10.03.2025;;1;KAB_HOLZINGERD;1;;
19471860;9;4;3;48;12;-1;-1;3888;3875;3885;788;788;es besteht kein effizientes Änderungsmanagement;Risiko;281;E-CMZ Klinikum Klagenfurt;39;classic;PA006;3888;1788;classic;02.04.2025;1;1121;;10.03.2025;;1;KAB_HOLZINGERD;1;;
19472084;6;4;4;64;16;-1;-1;3866;3879;3882;789;789;verzögerte Freigabe von Planungsschritten und Genehmigungschritten (PA1);Risiko;281;E-CMZ Klinikum Klagenfurt;55;classic;PA022;3866;1788;classic;02.04.2025;1;1121;;10.03.2025;;1;KAB_HOLZINGERD;1;;
19472182;5;3;3;36;9;-1;-1;3849;3850;3857;790;790;Folgekostenermittlung nicht transparent;Risiko;281;E-CMZ Klinikum Klagenfurt;62;classic;PF004;3849;1788;classic;02.04.2025;1;1121;;10.03.2025;;1;KAB_HOLZINGERD;1;;
19472168;13;4;3;48;12;-1;-1;3850;3864;3849;791;791;Betriebsorganisationskonzept nicht gelöst;Risiko;281;E-CMZ Klinikum Klagenfurt;61;classic;PF003;3850;1788;classic;02.04.2025;1;1121;;10.03.2025;;1;KAB_HOLZINGERD;1;;
19472350;5;3;3;36;9;-1;-1;3851;3852;3858;792;792;Unerfüllbare Erwartungshaltung an Auftragnehmer;Risiko;281;E-CMZ Klinikum Klagenfurt;74;classic;PF016;3851;1788;classic;02.04.2025;1;1121;;10.03.2025;;1;KAB_HOLZINGERD;1;;
19472336;9;2;2;16;4;-1;-1;3852;3856;3851;793;793;Schulungs- und Einführungsaufwand groß (vor der Inbetriebnahme);Risiko;281;E-CMZ Klinikum Klagenfurt;73;classic;PF015;3852;1788;classic;02.04.2025;1;1121;;10.03.2025;;1;KAB_HOLZINGERD;1;;
19472294;9;4;3;48;12;-1;-1;3853;3862;3854;794;794;Organisatorische Veränderungen einschneidend;Risiko;281;E-CMZ Klinikum Klagenfurt;70;classic;PF012;3853;1788;classic;02.04.2025;1;1121;;10.03.2025;;1;KAB_HOLZINGERD;1;;
19472308;6;4;3;48;12;-1;-1;3854;3853;3856;795;795;Personelle Veränderungen groß;Risiko;281;E-CMZ Klinikum Klagenfurt;71;classic;PF013;3854;1788;classic;02.04.2025;1;1121;;10.03.2025;;1;KAB_HOLZINGERD;1;;
19472224;9;3;1;12;3;-1;-1;3855;3863;3861;796;796;Imageschaden durch Qualitätsverlust;Risiko;281;E-CMZ Klinikum Klagenfurt;65;classic;PF007;3855;1788;classic;02.04.2025;1;1121;;10.03.2025;;1;KAB_HOLZINGERD;1;;
19472322;9;4;3;48;12;-1;-1;3856;3854;3852;797;797;Raumplanung nicht am Betriebsbedarf ausgerichtet;Risiko;281;E-CMZ Klinikum Klagenfurt;72;classic;PF014;3856;1788;classic;02.04.2025;1;1121;;10.03.2025;;1;KAB_HOLZINGERD;1;;
19472364;10;2;2;16;4;-1;-1;3858;3851;3841;799;799;zusätzlicher Betrieb leer stehender Gebäude;Risiko;281;E-CMZ Klinikum Klagenfurt;75;classic;PF017;3858;1788;classic;02.04.2025;1;1121;;10.03.2025;;1;KAB_HOLZINGERD;1;;
19472266;9;3;1;12;3;-1;-1;3859;3860;3862;800;800;keine Berücksichtung der Veränderung der medizinischen Standards von der Planung bis zur Fertigstellung (ca. 6 Jahre);Risiko;281;E-CMZ Klinikum Klagenfurt;68;classic;PF010;3859;1788;classic;02.04.2025;1;1121;;10.03.2025;;1;KAB_HOLZINGERD;1;;
19472252;9;2;2;16;4;-1;-1;3860;3861;3859;801;801;keine ausreichende Berücksichtigung von Kapazitäten, Zeit, Kosten in der Planung der Übersiedelung;Risiko;281;E-CMZ Klinikum Klagenfurt;67;classic;PF009;3860;1788;classic;02.04.2025;1;1121;;10.03.2025;;1;KAB_HOLZINGERD;1;;
19472238;17;3;2;24;6;-1;-1;3861;3855;3860;802;802;keine ausreichende Berücksichtigung der Schnittstellen zwischen Projekt und laufendem Betrieb (technisch);Risiko;281;E-CMZ Klinikum Klagenfurt;66;classic;PF008;3861;1788;classic;02.04.2025;1;1121;;10.03.2025;;1;KAB_HOLZINGERD;1;;
19472280;10;3;1;12;3;-1;-1;3862;3859;3853;803;803;Neu-Bewilligungen werden notwendig;Risiko;281;E-CMZ Klinikum Klagenfurt;69;classic;PF011;3862;1788;classic;02.04.2025;1;1121;;10.03.2025;;1;KAB_HOLZINGERD;1;;
19473400;4;3;3;36;9;-1;-1;3796;3772;3783;804;804;Unbefugte Personen im Baustellenbereich;Risiko;281;E-CMZ Klinikum Klagenfurt;149;classic;SI024;3796;1788;classic;02.04.2025;1;1121;;10.03.2025;;1;KAB_HOLZINGERD;1;;
19314174;26;3;3;36;9;-1;-1;3830;3833;3832;687;687;keine Kompatibilität der Projektziele mit dem Versorgungsauftrag  (z. B. Betriebsziele, politische Ziele, Umsetzung ÖSG-RSG usw.);Risiko;281;E-CMZ Klinikum Klagenfurt;88;classic;PU005;3830;1791;classic;21.03.2025;1;1105;;10.03.2025;;2;KAB_JANKCHR;1;;
19314219;7;3;4;48;12;-1;-1;3831;3828;3825;688;688;Projektfortschritt bzw. -laufzeiten können nicht eingehalten werden;Risiko;281;E-CMZ Klinikum Klagenfurt;93;classic;PU010;3831;1791;classic;21.03.2025;1;1105;;10.03.2025;;2;KAB_JANKCHR;1;;
19314183;5;3;3;36;9;-1;-1;3832;3830;3835;689;689;keine Synchronisierung mit dem Masterplan 2030;Risiko;281;E-CMZ Klinikum Klagenfurt;89;classic;PU006;3832;1791;classic;21.03.2025;1;1105;;10.03.2025;;2;KAB_JANKCHR;1;;
19314165;11;4;3;48;12;-1;-1;3833;3836;3830;690;690;keine Genehmigung ausreichender finanzieller Mittel;Risiko;281;E-CMZ Klinikum Klagenfurt;87;classic;PU004;3833;1791;classic;21.03.2025;1;1105;;10.03.2025;;2;KAB_JANKCHR;1;;
19314237;4;3;4;48;12;-1;-1;3834;3825;3837;691;691;Terminkollisionen;Risiko;281;E-CMZ Klinikum Klagenfurt;95;classic;PU012;3834;1791;classic;21.03.2025;1;1105;;10.03.2025;;2;KAB_JANKCHR;1;;
19313562;19;5;1;20;5;-1;-1;3890;3922;3895;692;692;Bestehende Bausubstanz schwierig oder nicht bekannt;Risiko;281;E-CMZ Klinikum Klagenfurt;20;classic;ÖU001;3890;1791;classic;17.03.2025;1;1105;;10.03.2025;;2;KAB_JANKCHR;1;;
19313634;4;3;4;48;12;-1;-1;3891;3901;3892;693;693;Umwelteinflüsse können Projekt behindern oder beeinflussen;Risiko;281;E-CMZ Klinikum Klagenfurt;28;classic;ÖU009;3891;1791;classic;21.03.2025;1;1105;;10.03.2025;;2;KAB_JANKCHR;1;;
19313643;4;2;3;24;6;-1;-1;3892;3891;3903;694;694;Umweltverträglichkeitsprüfungen;Risiko;281;E-CMZ Klinikum Klagenfurt;29;classic;ÖU010;3892;1791;classic;21.03.2025;1;1105;;10.03.2025;;2;KAB_JANKCHR;1;;
19313616;9;3;4;48;12;-1;-1;3893;3894;3901;695;695;Projekt hat Auswirkungen auf Umwelt (Emissionen);Risiko;281;E-CMZ Klinikum Klagenfurt;26;classic;ÖU007;3893;1791;classic;17.03.2025;1;1105;;10.03.2025;;2;KAB_JANKCHR;1;;
19313607;12;4;4;64;16;-1;-1;3894;3897;3893;696;696;Lärm- und Staubbelästigung während der Bauphase der Patient:innen und Mitarbeiter:innen in den umliegenden Gebäude(-teile) ==> Nähe Notfallaufnahme ==> zentraler Verkehrsknotenpunkt;Risiko;281;E-CMZ Klinikum Klagenfurt;25;classic;ÖU006;3894;1791;classic;17.03.2025;1;1105;;10.03.2025;;2;KAB_JANKCHR;1;;
19313571;9;3;4;48;12;-1;-1;3895;3890;3896;697;697;Erschütterungen während der Bauphase;Risiko;281;E-CMZ Klinikum Klagenfurt;21;classic;ÖU002;3895;1791;classic;17.03.2025;1;1105;;10.03.2025;;2;KAB_JANKCHR;1;;
19313652;13;2;1;8;2;-1;-1;3903;3892;3900;698;698;unbekannte Einbauten im Boden;Risiko;281;E-CMZ Klinikum Klagenfurt;30;classic;ÖU011;3903;1791;classic;21.03.2025;1;1105;;10.03.2025;;2;KAB_JANKCHR;1;;
19313598;12;4;2;32;8;-1;-1;3897;3902;3894;699;699;keine Kenntnis über das Ausmaß des kontaminierten Abbruchmaterials (Asbest, gefährliche Stoffe) und kontaminierte Einbauten im Baugrund;Risiko;281;E-CMZ Klinikum Klagenfurt;24;classic;ÖU005;3897;1791;classic;17.03.2025;1;1105;;10.03.2025;;2;KAB_JANKCHR;1;;
19313670;4;2;2;16;4;-1;-1;3898;3900;3899;700;700;Verunreinigung angrenzender Gebäude;Risiko;281;E-CMZ Klinikum Klagenfurt;32;classic;ÖU013;3898;1791;classic;21.03.2025;1;1105;;10.03.2025;;2;KAB_JANKCHR;1;;
19313679;5;3;1;12;3;-1;-1;3899;3898;3873;701;701;Verunreinigung des Grundwasser;Risiko;281;E-CMZ Klinikum Klagenfurt;33;classic;ÖU014;3899;1791;classic;21.03.2025;1;1105;;10.03.2025;;2;KAB_JANKCHR;1;;
19313661;42;4;2;32;8;-1;-1;3900;3903;3898;702;702;unkontrollierter Wassereintritt;Risiko;281;E-CMZ Klinikum Klagenfurt;31;classic;ÖU012;3900;1791;classic;21.03.2025;1;1105;;10.03.2025;;2;KAB_JANKCHR;1;;
19313625;10;4;3;48;12;-1;-1;3901;3893;3891;703;703;Umsetzen/Einhalten Klima-Aktiv-Gold Standard;Risiko;281;E-CMZ Klinikum Klagenfurt;27;classic;ÖU008;3901;1791;classic;21.03.2025;1;1105;;10.03.2025;;2;KAB_JANKCHR;1;;
19314498;7;4;4;64;16;-1;-1;3798;3806;3805;704;704;Verzögerungen in diversen Vergabeverfahren (Einsprüche) vor allem bei Schlüsselgewerken;Risiko;281;E-CMZ Klinikum Klagenfurt;124;classic;RA010;3798;1791;classic;21.03.2025;1;1105;;10.03.2025;;2;KAB_JANKCHR;1;;
19314444;8;3;4;48;12;-1;-1;3799;3801;3800;705;705;Einlangen einer Klage;Risiko;281;E-CMZ Klinikum Klagenfurt;118;classic;RA004;3799;1791;classic;21.03.2025;1;1105;;10.03.2025;;2;KAB_JANKCHR;1;;
19314453;4;5;1;20;5;-1;-1;3800;3799;3804;706;706;Errichtungsbewilligung kann nicht erteilt werden;Risiko;281;E-CMZ Klinikum Klagenfurt;119;classic;RA005;3800;1791;classic;21.03.2025;1;1105;;10.03.2025;;2;KAB_JANKCHR;1;;
19314435;7;5;1;20;5;-1;-1;3801;3808;3799;707;707;Betriebsbewilligung kann nicht erteilt werden;Risiko;281;E-CMZ Klinikum Klagenfurt;117;classic;RA003;3801;1791;classic;21.03.2025;1;1105;;10.03.2025;;2;KAB_JANKCHR;1;;
19314417;7;4;2;32;8;-1;-1;3802;3809;3808;708;708;Behördenauflagen sind nicht ausführbar (wurden davor nicht abgeklärt/erkundet/erfragt);Risiko;281;E-CMZ Klinikum Klagenfurt;115;classic;RA001;3802;1791;classic;21.03.2025;1;1105;;10.03.2025;;2;KAB_JANKCHR;1;;
19314426;6;4;3;48;12;-1;-1;3808;3802;3801;709;709;Bescheidauflagen können unter Einhaltung des Kostenrahmens nicht umgesetzt werden;Risiko;281;E-CMZ Klinikum Klagenfurt;116;classic;RA002;3808;1791;classic;21.03.2025;1;1105;;10.03.2025;;2;KAB_JANKCHR;1;;
19314462;6;4;2;32;8;-1;-1;3804;3800;3807;710;710;Gesetzliche Vorgaben können nicht eingehalten werden (bestehende Ausnahmeregelung, Betriebsvereinbarung …);Risiko;281;E-CMZ Klinikum Klagenfurt;120;classic;RA006;3804;1791;classic;21.03.2025;1;1105;;10.03.2025;;2;KAB_JANKCHR;1;;
19314507;8;3;2;24;6;-1;-1;3805;3798;3778;711;711;Vorabklärung mit der Behörde nicht durchgeführt (z.B. Landesrechnungshof);Risiko;281;E-CMZ Klinikum Klagenfurt;125;classic;RA011;3805;1791;classic;21.03.2025;1;1105;;10.03.2025;;2;KAB_JANKCHR;1;;
19314489;10;4;2;32;8;-1;-1;3806;3803;3798;712;712;Notwendige gutachterliche/fachplanerische Stellungnahme nicht vorhanden;Risiko;281;E-CMZ Klinikum Klagenfurt;123;classic;RA009;3806;1791;classic;21.03.2025;1;1105;;10.03.2025;;2;KAB_JANKCHR;1;;
19314471;8;4;3;48;12;-1;-1;3807;3804;3803;713;713;keine Berücksichtigung etwaiger gesetzlicher Vorgaben des Strahlenschutz im Rahmen von Bautätigkeiten;Risiko;281;E-CMZ Klinikum Klagenfurt;121;classic;RA007;3807;1791;classic;21.03.2025;1;1105;;10.03.2025;;2;KAB_JANKCHR;1;;
19314480;10;4;2;32;8;-1;-1;3803;3807;3806;714;714;negative Stellungnahme durch den L-RH;Risiko;281;E-CMZ Klinikum Klagenfurt;122;classic;RA008;3803;1791;classic;21.03.2025;1;1105;;10.03.2025;;2;KAB_JANKCHR;1;;
19315020;3;4;3;48;12;-1;-1;3741;3746;0;715;715;Politische Entscheide;Risiko;281;E-CMZ Klinikum Klagenfurt;182;classic;UV009;3741;1791;classic;21.03.2025;1;1105;;10.03.2025;;2;KAB_JANKCHR;1;;
19314993;4;3;3;36;9;-1;-1;3742;3747;3749;716;716;Marktentwicklung;Risiko;281;E-CMZ Klinikum Klagenfurt;179;classic;UV006;3742;1791;classic;21.03.2025;1;1105;;10.03.2025;;2;KAB_JANKCHR;1;;
19277171;11;2;2;16;4;-1;-1;3883;3885;3870;783;783;Keine Berücksichtigung innerhalb der Planung des Projektes von Dienstplänen, Urlaubszeiten oder Zeiten mit arbeitsintensiven Tätigkeiten (z.B. Jahresabschluss uvm.);Risiko;281;E-CMZ Klinikum Klagenfurt;41;classic;PA008;3883;1761;classic;10.03.2025;1;22;;10.03.2025;;1;KUTEJA;1;;
19277141;13;2;3;24;6;-1;-1;3884;3873;3865;784;784;die Informationsweitergabe von Hygienevorgaben an die Mitarbeiter des AN ist mangelhaft;Risiko;281;E-CMZ Klinikum Klagenfurt;35;classic;PA002;3884;1761;classic;10.03.2025;1;22;;10.03.2025;;1;KUTEJA;1;;
19277166;20;2;3;24;6;-1;-1;3885;3888;3883;785;785;gemeinsame Nutzung der Sanitär-Anlagen und die daraus resultierende Verunreinigung;Risiko;281;E-CMZ Klinikum Klagenfurt;40;classic;PA007;3885;1761;classic;10.03.2025;1;22;;10.03.2025;;1;KUTEJA;1;;
19277206;20;4;4;64;16;-1;-1;3886;3877;3887;786;786;mikrobiologische Verkeimung der bestehenden Wasserleitungen;Risiko;281;E-CMZ Klinikum Klagenfurt;48;classic;PA015;3886;1761;classic;10.03.2025;1;22;;10.03.2025;;1;KUTEJA;1;;
19277211;18;4;4;64;16;-1;-1;3887;3886;3872;787;787;nicht erkannte Hygieneprobleme;Risiko;281;E-CMZ Klinikum Klagenfurt;49;classic;PA016;3887;1761;classic;10.03.2025;1;22;;10.03.2025;;1;KUTEJA;1;;
19277161;8;2;3;24;6;-1;-1;3888;3875;3885;788;788;es besteht kein effizientes Änderungsmanagement;Risiko;281;E-CMZ Klinikum Klagenfurt;39;classic;PA006;3888;1761;classic;10.03.2025;1;22;;10.03.2025;;1;KUTEJA;1;;
19277241;7;3;4;48;12;-1;-1;3866;3879;3882;789;789;verzögerte Freigabe von Planungsschritten und Genehmigungschritten (PA1);Risiko;281;E-CMZ Klinikum Klagenfurt;55;classic;PA022;3866;1761;classic;10.03.2025;1;22;;10.03.2025;;1;KUTEJA;1;;
19277276;16;3;4;48;12;-1;-1;3849;3850;3857;790;790;Folgekostenermittlung nicht transparent;Risiko;281;E-CMZ Klinikum Klagenfurt;62;classic;PF004;3849;1761;classic;10.03.2025;1;22;;10.03.2025;;1;KUTEJA;1;;
19277271;14;4;3;48;12;-1;-1;3850;3864;3849;791;791;Betriebsorganisationskonzept nicht gelöst;Risiko;281;E-CMZ Klinikum Klagenfurt;61;classic;PF003;3850;1761;classic;10.03.2025;1;22;;10.03.2025;;1;KUTEJA;1;;
19277336;9;3;2;24;6;-1;-1;3851;3852;3858;792;792;Unerfüllbare Erwartungshaltung an Auftragnehmer;Risiko;281;E-CMZ Klinikum Klagenfurt;74;classic;PF016;3851;1761;classic;10.03.2025;1;22;;10.03.2025;;1;KUTEJA;1;;
19277331;14;2;3;24;6;-1;-1;3852;3856;3851;793;793;Schulungs- und Einführungsaufwand groß (vor der Inbetriebnahme);Risiko;281;E-CMZ Klinikum Klagenfurt;73;classic;PF015;3852;1761;classic;10.03.2025;1;22;;10.03.2025;;1;KUTEJA;1;;
19277316;17;3;3;36;9;-1;-1;3853;3862;3854;794;794;Organisatorische Veränderungen einschneidend;Risiko;281;E-CMZ Klinikum Klagenfurt;70;classic;PF012;3853;1761;classic;10.03.2025;1;22;;10.03.2025;;1;KUTEJA;1;;
19277321;14;3;3;36;9;-1;-1;3854;3853;3856;795;795;Personelle Veränderungen groß;Risiko;281;E-CMZ Klinikum Klagenfurt;71;classic;PF013;3854;1761;classic;10.03.2025;1;22;;10.03.2025;;1;KUTEJA;1;;
19277291;25;3;1;12;3;-1;-1;3855;3863;3861;796;796;Imageschaden durch Qualitätsverlust;Risiko;281;E-CMZ Klinikum Klagenfurt;65;classic;PF007;3855;1761;classic;10.03.2025;1;22;;10.03.2025;;1;KUTEJA;1;;
19277326;14;4;2;32;8;-1;-1;3856;3854;3852;797;797;Raumplanung nicht am Betriebsbedarf ausgerichtet;Risiko;281;E-CMZ Klinikum Klagenfurt;72;classic;PF014;3856;1761;classic;10.03.2025;1;22;;10.03.2025;;1;KUTEJA;1;;
19277281;18;2;2;16;4;-1;-1;3857;3849;3863;798;798;Gefährdung bestehender Zertifizierungen (ISO, Onko-Zentrum, UEMS, EMAS);Risiko;281;E-CMZ Klinikum Klagenfurt;63;classic;PF005;3857;1761;classic;10.03.2025;1;22;;10.03.2025;;1;KUTEJA;1;;
19277341;15;2;2;16;4;-1;-1;3858;3851;3841;799;799;zusätzlicher Betrieb leer stehender Gebäude;Risiko;281;E-CMZ Klinikum Klagenfurt;75;classic;PF017;3858;1761;classic;10.03.2025;1;22;;10.03.2025;;1;KUTEJA;1;;
19277306;10;2;3;24;6;-1;-1;3859;3860;3862;800;800;keine Berücksichtung der Veränderung der medizinischen Standards von der Planung bis zur Fertigstellung (ca. 6 Jahre);Risiko;281;E-CMZ Klinikum Klagenfurt;68;classic;PF010;3859;1761;classic;10.03.2025;1;22;;10.03.2025;;1;KUTEJA;1;;
19277301;51;3;2;24;6;-1;-1;3860;3861;3859;801;801;keine ausreichende Berücksichtigung von Kapazitäten, Zeit, Kosten in der Planung der Übersiedelung;Risiko;281;E-CMZ Klinikum Klagenfurt;67;classic;PF009;3860;1761;classic;10.03.2025;1;22;;10.03.2025;;1;KUTEJA;1;;
19277296;18;4;3;48;12;-1;-1;3861;3855;3860;802;802;keine ausreichende Berücksichtigung der Schnittstellen zwischen Projekt und laufendem Betrieb (technisch);Risiko;281;E-CMZ Klinikum Klagenfurt;66;classic;PF008;3861;1761;classic;10.03.2025;1;22;;10.03.2025;;1;KUTEJA;1;;
19277311;14;2;4;32;8;-1;-1;3862;3859;3853;803;803;Neu-Bewilligungen werden notwendig;Risiko;281;E-CMZ Klinikum Klagenfurt;69;classic;PF011;3862;1761;classic;10.03.2025;1;22;;10.03.2025;;1;KUTEJA;1;;
19277711;12;4;3;48;12;-1;-1;3796;3772;3783;804;804;Unbefugte Personen im Baustellenbereich;Risiko;281;E-CMZ Klinikum Klagenfurt;149;classic;SI024;3796;1761;classic;10.03.2025;1;22;;10.03.2025;;1;KUTEJA;1;;
19277636;24;3;2;24;6;-1;-1;3797;3793;3785;805;805;Fehlender Check gegen interne Policies (Projektphasen …);Risiko;281;E-CMZ Klinikum Klagenfurt;134;classic;SI009;3797;1761;classic;10.03.2025;1;22;;10.03.2025;;1;KUTEJA;1;;
19277681;10;3;2;24;6;-1;-1;3773;3795;3784;806;806;Projektumfeld risikoreich (Projektphasen …);Risiko;281;E-CMZ Klinikum Klagenfurt;143;classic;SI018;3773;1761;classic;10.03.2025;1;22;;10.03.2025;;1;KUTEJA;1;;
19277621;16;3;2;24;6;-1;-1;3774;3779;3792;807;807;Erhöhte Gefährdung von Personen und Anlagen (Projektphasen …);Risiko;281;E-CMZ Klinikum Klagenfurt;131;classic;SI006;3774;1761;classic;10.03.2025;1;22;;10.03.2025;;1;KUTEJA;1;;
19277666;10;4;2;32;8;-1;-1;3775;3788;3780;808;808;Mangelnder Brandschutz (Projektphasen …);Risiko;281;E-CMZ Klinikum Klagenfurt;140;classic;SI015;3775;1761;classic;10.03.2025;1;22;;10.03.2025;;1;KUTEJA;1;;
19277646;30;1;4;16;4;-1;-1;3776;3785;3786;809;809;Heißarbeiten während der Bauphasen (Flämmarbeiten, Schweißarbeiten, Flexarbeiten usw.).;Risiko;281;E-CMZ Klinikum Klagenfurt;136;classic;SI011;3776;1761;classic;10.03.2025;1;22;;10.03.2025;;1;KUTEJA;1;;
19277611;12;4;2;32;8;-1;-1;3777;3789;3779;810;810;Eingriff in den Bestand (Abschaltung von Brandmeldelinien ) keine Überwachung während der Abschaltungen;Risiko;281;E-CMZ Klinikum Klagenfurt;129;classic;SI004;3777;1761;classic;10.03.2025;1;22;;10.03.2025;;1;KUTEJA;1;;
19277596;79;2;2;16;4;-1;-1;3778;3805;3787;811;811;Anbindung an den Bestand im 3.OG West (Abströmöffnungen der DBA Anlage müssen versetz werden), dadurch resultierend eine zeitliche Abschaltung der Anlage;Risiko;281;E-CMZ Klinikum Klagenfurt;126;classic;SI001;3778;1761;classic;10.03.2025;1;22;;10.03.2025;;1;KUTEJA;1;;
19277616;6;4;2;32;8;-1;-1;3779;3777;3774;812;812;Eingriff in die bestehenden Stiegenhäuser (Sperre des Fluchtweg / Notausgang);Risiko;281;E-CMZ Klinikum Klagenfurt;130;classic;SI005;3779;1761;classic;10.03.2025;1;22;;10.03.2025;;1;KUTEJA;1;;
19268981;7;3;2;24;6;-1;-1;3899;3898;3873;701;701;Verunreinigung des Grundwasser;Risiko;281;E-CMZ Klinikum Klagenfurt;33;classic;ÖU014;3899;1783;classic;13.03.2025;1;1102;;10.03.2025;;1;JARNIGH;1;;
19268979;7;3;2;24;6;-1;-1;3900;3903;3898;702;702;unkontrollierter Wassereintritt;Risiko;281;E-CMZ Klinikum Klagenfurt;31;classic;ÖU012;3900;1783;classic;13.03.2025;1;1102;;10.03.2025;;1;JARNIGH;1;;
19268975;5;2;2;16;4;-1;-1;3901;3893;3891;703;703;Umsetzen/Einhalten Klima-Aktiv-Gold Standard;Risiko;281;E-CMZ Klinikum Klagenfurt;27;classic;ÖU008;3901;1783;classic;10.03.2025;1;1102;;10.03.2025;;1;JARNIGH;1;;
19269072;11;4;3;48;12;-1;-1;3798;3806;3805;704;704;Verzögerungen in diversen Vergabeverfahren (Einsprüche) vor allem bei Schlüsselgewerken;Risiko;281;E-CMZ Klinikum Klagenfurt;124;classic;RA010;3798;1783;classic;13.03.2025;1;1102;;10.03.2025;;1;JARNIGH;1;;
19269066;6;2;4;32;8;-1;-1;3799;3801;3800;705;705;Einlangen einer Klage;Risiko;281;E-CMZ Klinikum Klagenfurt;118;classic;RA004;3799;1783;classic;13.03.2025;1;1102;;10.03.2025;;1;JARNIGH;1;;
19269067;10;5;1;20;5;-1;-1;3800;3799;3804;706;706;Errichtungsbewilligung kann nicht erteilt werden;Risiko;281;E-CMZ Klinikum Klagenfurt;119;classic;RA005;3800;1783;classic;13.03.2025;1;1102;;10.03.2025;;1;JARNIGH;1;;
19269065;10;4;1;16;4;-1;-1;3801;3808;3799;707;707;Betriebsbewilligung kann nicht erteilt werden;Risiko;281;E-CMZ Klinikum Klagenfurt;117;classic;RA003;3801;1783;classic;13.03.2025;1;1102;;10.03.2025;;1;JARNIGH;1;;
19269063;10;4;2;32;8;-1;-1;3802;3809;3808;708;708;Behördenauflagen sind nicht ausführbar (wurden davor nicht abgeklärt/erkundet/erfragt);Risiko;281;E-CMZ Klinikum Klagenfurt;115;classic;RA001;3802;1783;classic;13.03.2025;1;1102;;10.03.2025;;1;JARNIGH;1;;
19269064;55;4;2;32;8;-1;-1;3808;3802;3801;709;709;Bescheidauflagen können unter Einhaltung des Kostenrahmens nicht umgesetzt werden;Risiko;281;E-CMZ Klinikum Klagenfurt;116;classic;RA002;3808;1783;classic;13.03.2025;1;1102;;10.03.2025;;1;JARNIGH;1;;
19269068;8;4;2;32;8;-1;-1;3804;3800;3807;710;710;Gesetzliche Vorgaben können nicht eingehalten werden (bestehende Ausnahmeregelung, Betriebsvereinbarung …);Risiko;281;E-CMZ Klinikum Klagenfurt;120;classic;RA006;3804;1783;classic;13.03.2025;1;1102;;10.03.2025;;1;JARNIGH;1;;
19269073;12;4;3;48;12;-1;-1;3805;3798;3778;711;711;Vorabklärung mit der Behörde nicht durchgeführt (z.B. Landesrechnungshof);Risiko;281;E-CMZ Klinikum Klagenfurt;125;classic;RA011;3805;1783;classic;13.03.2025;1;1102;;10.03.2025;;1;JARNIGH;1;;
19269071;8;2;2;16;4;-1;-1;3806;3803;3798;712;712;Notwendige gutachterliche/fachplanerische Stellungnahme nicht vorhanden;Risiko;281;E-CMZ Klinikum Klagenfurt;123;classic;RA009;3806;1783;classic;13.03.2025;1;1102;;10.03.2025;;1;JARNIGH;1;;
19269069;10;2;2;16;4;-1;-1;3807;3804;3803;713;713;keine Berücksichtigung etwaiger gesetzlicher Vorgaben des Strahlenschutz im Rahmen von Bautätigkeiten;Risiko;281;E-CMZ Klinikum Klagenfurt;121;classic;RA007;3807;1783;classic;13.03.2025;1;1102;;10.03.2025;;1;JARNIGH;1;;
19269070;11;5;2;40;10;-1;-1;3803;3807;3806;714;714;negative Stellungnahme durch den L-RH;Risiko;281;E-CMZ Klinikum Klagenfurt;122;classic;RA008;3803;1783;classic;13.03.2025;1;1102;;10.03.2025;;1;JARNIGH;1;;
19269130;9;4;2;32;8;-1;-1;3741;3746;0;715;715;Politische Entscheide;Risiko;281;E-CMZ Klinikum Klagenfurt;182;classic;UV009;3741;1783;classic;13.03.2025;1;1102;;10.03.2025;;1;JARNIGH;1;;
19269127;5;3;3;36;9;-1;-1;3742;3747;3749;716;716;Marktentwicklung;Risiko;281;E-CMZ Klinikum Klagenfurt;179;classic;UV006;3742;1783;classic;13.03.2025;1;1102;;10.03.2025;;1;JARNIGH;1;;
19269124;9;2;1;8;2;-1;-1;3743;3745;3748;717;717;Beschaffenheit des Baugrunds nicht ausreichend bekannt;Risiko;281;E-CMZ Klinikum Klagenfurt;176;classic;UV003;3743;1783;classic;13.03.2025;1;1102;;10.03.2025;;1;JARNIGH;1;;
19269122;9;1;1;4;1;-1;-1;3744;3755;3745;718;718;Altbestand nicht ausreichend bekannt;Risiko;281;E-CMZ Klinikum Klagenfurt;174;classic;UV001;3744;1783;classic;13.03.2025;1;1102;;10.03.2025;;1;JARNIGH;1;;
19269128;9;4;3;48;12;-1;-1;3749;3742;3746;719;719;nicht einschätzbare Beschaffungsmarkt-  und -angebotspreisentwicklung;Risiko;281;E-CMZ Klinikum Klagenfurt;180;classic;UV007;3749;1783;classic;13.03.2025;1;1102;;10.03.2025;;1;JARNIGH;1;;
19269129;10;4;2;32;8;-1;-1;3746;3749;3741;720;720;nicht einschätzbare Verzögerungen, Unterbrechungen und Ausfälle von Lieferketten und Leistungen;Risiko;281;E-CMZ Klinikum Klagenfurt;181;classic;UV008;3746;1783;classic;13.03.2025;1;1102;;10.03.2025;;1;JARNIGH;1;;
19269126;6;3;3;36;9;-1;-1;3747;3748;3742;721;721;Konkurs von Auftragsnehmern;Risiko;281;E-CMZ Klinikum Klagenfurt;178;classic;UV005;3747;1783;classic;13.03.2025;1;1102;;10.03.2025;;1;JARNIGH;1;;
19269125;18;3;2;24;6;-1;-1;3748;3743;3747;722;722;fehlende Bieter im Vergabeverfahren (z. B. Planer und ausführende Gewerke);Risiko;281;E-CMZ Klinikum Klagenfurt;177;classic;UV004;3748;1783;classic;13.03.2025;1;1102;;10.03.2025;;1;JARNIGH;1;;
19269123;6;3;3;36;9;-1;-1;3745;3744;3743;723;723;Änderung/Reduktion der/des medizinischen Leistungsplanung/-spektrums/-angebotsplanung;Risiko;281;E-CMZ Klinikum Klagenfurt;175;classic;UV002;3745;1783;classic;13.03.2025;1;1102;;10.03.2025;;1;JARNIGH;1;;
19269062;8;4;2;32;8;-1;-1;3809;3815;3802;724;724;Projektziele zu wenig klar festgelegt oder nachträglich geändert;Risiko;281;E-CMZ Klinikum Klagenfurt;114;classic;PV016;3809;1783;classic;13.03.2025;1;1102;;10.03.2025;;1;JARNIGH;1;;
19269058;5;3;2;24;6;-1;-1;3810;3816;3818;725;725;Projektanforderungen ungenügend definiert/kommuniziert;Risiko;281;E-CMZ Klinikum Klagenfurt;110;classic;PV012;3810;1783;classic;13.03.2025;1;1102;;10.03.2025;;1;JARNIGH;1;;
19269055;6;2;3;24;6;-1;-1;3811;3812;3820;726;726;Nutzeranforderungen zu wenig klar bestimmt;Risiko;281;E-CMZ Klinikum Klagenfurt;107;classic;PV009;3811;1783;classic;13.03.2025;1;1102;;10.03.2025;;1;JARNIGH;1;;
19269054;6;2;2;16;4;-1;-1;3812;3821;3811;727;727;Nutzer-, Betreiber- und Herstellverantwortung ungenügend definiert;Risiko;281;E-CMZ Klinikum Klagenfurt;106;classic;PV008;3812;1783;classic;13.03.2025;1;1102;;10.03.2025;;1;JARNIGH;1;;
19269048;8;4;2;32;8;-1;-1;3813;3824;3814;728;728;Enger Kostenrahmen, keine vollständige finanzielle Deckung vorhanden;Risiko;281;E-CMZ Klinikum Klagenfurt;100;classic;PV002;3813;1783;classic;13.03.2025;1;1102;;10.03.2025;;1;JARNIGH;1;;
19269049;6;4;3;48;12;-1;-1;3814;3813;3822;729;729;Enger Terminplan;Risiko;281;E-CMZ Klinikum Klagenfurt;101;classic;PV003;3814;1783;classic;13.03.2025;1;1102;;10.03.2025;;1;JARNIGH;1;;
19269061;6;2;2;16;4;-1;-1;3815;3817;3809;730;730;Projektziele (Projektgrenzen …) mit Unternehmensziel nicht kompatibel;Risiko;281;E-CMZ Klinikum Klagenfurt;113;classic;PV015;3815;1783;classic;13.03.2025;1;1102;;10.03.2025;;1;JARNIGH;1;;
19269057;9;3;3;36;9;-1;-1;3816;3820;3810;731;731;Projektänderungen mit Unternehmensziel oder Projektziel nicht kompatibel;Risiko;281;E-CMZ Klinikum Klagenfurt;109;classic;PV011;3816;1783;classic;13.03.2025;1;1102;;10.03.2025;;1;JARNIGH;1;;
19473190;7;3;3;36;9;-1;-1;3797;3793;3785;805;805;Fehlender Check gegen interne Policies (Projektphasen …);Risiko;281;E-CMZ Klinikum Klagenfurt;134;classic;SI009;3797;1788;classic;02.04.2025;1;1121;;10.03.2025;;1;KAB_HOLZINGERD;1;;
19473316;4;3;3;36;9;-1;-1;3773;3795;3784;806;806;Projektumfeld risikoreich (Projektphasen …);Risiko;281;E-CMZ Klinikum Klagenfurt;143;classic;SI018;3773;1788;classic;02.04.2025;1;1121;;10.03.2025;;1;KAB_HOLZINGERD;1;;
19473148;7;3;3;36;9;-1;-1;3774;3779;3792;807;807;Erhöhte Gefährdung von Personen und Anlagen (Projektphasen …);Risiko;281;E-CMZ Klinikum Klagenfurt;131;classic;SI006;3774;1788;classic;02.04.2025;1;1121;;10.03.2025;;1;KAB_HOLZINGERD;1;;
19473274;11;3;2;24;6;-1;-1;3775;3788;3780;808;808;Mangelnder Brandschutz (Projektphasen …);Risiko;281;E-CMZ Klinikum Klagenfurt;140;classic;SI015;3775;1788;classic;02.04.2025;1;1121;;10.03.2025;;1;KAB_HOLZINGERD;1;;
19473218;11;3;3;36;9;-1;-1;3776;3785;3786;809;809;Heißarbeiten während der Bauphasen (Flämmarbeiten, Schweißarbeiten, Flexarbeiten usw.).;Risiko;281;E-CMZ Klinikum Klagenfurt;136;classic;SI011;3776;1788;classic;02.04.2025;1;1121;;10.03.2025;;1;KAB_HOLZINGERD;1;;
19473414;3;3;3;36;9;-1;-1;3783;3796;3790;816;816;Verstellte Fluchtwege;Risiko;281;E-CMZ Klinikum Klagenfurt;150;classic;SI025;3783;1788;classic;02.04.2025;1;1121;;10.03.2025;;1;KAB_HOLZINGERD;1;;
19473232;6;3;3;36;9;-1;-1;3786;3776;3791;819;819;keine ausreichende Baugrubenabsicherung zum angrenzenden Betrieb;Risiko;281;E-CMZ Klinikum Klagenfurt;137;classic;SI012;3786;1788;classic;02.04.2025;1;1121;;10.03.2025;;1;KAB_HOLZINGERD;1;;
19473092;5;3;3;36;9;-1;-1;3787;3778;3789;820;820;Ausfall kritischer Infrastruktur;Risiko;281;E-CMZ Klinikum Klagenfurt;127;classic;SI002;3787;1788;classic;02.04.2025;1;1121;;10.03.2025;;1;KAB_HOLZINGERD;1;;
19473260;6;4;2;32;8;-1;-1;3788;3791;3775;821;821;Kollektorgang nicht nutzbar;Risiko;281;E-CMZ Klinikum Klagenfurt;139;classic;SI014;3788;1788;classic;02.04.2025;1;1121;;10.03.2025;;1;KAB_HOLZINGERD;1;;
19473106;14;4;1;16;4;-1;-1;3789;3787;3777;822;822;Beeinträchtigung des Zugangs/Zufahrt der Notaufnahme;Risiko;281;E-CMZ Klinikum Klagenfurt;128;classic;SI003;3789;1788;classic;02.04.2025;1;1121;;10.03.2025;;1;KAB_HOLZINGERD;1;;
19473428;6;3;3;36;9;-1;-1;3790;3783;3771;823;823;Zeitgerechte Umsetzung/Überwachung vorhabensbezogener sicherheitstechnischer Vorgaben;Risiko;281;E-CMZ Klinikum Klagenfurt;151;classic;SI026;3790;1788;classic;02.04.2025;1;1121;;10.03.2025;;1;KAB_HOLZINGERD;1;;
19473246;5;3;3;36;9;-1;-1;3791;3786;3788;824;824;keine ausreichende Einbindung und Information der Sicherheitsbeauftragten über sicherheitsrelevante Faktoren;Risiko;281;E-CMZ Klinikum Klagenfurt;138;classic;SI013;3791;1788;classic;02.04.2025;1;1121;;10.03.2025;;1;KAB_HOLZINGERD;1;;
19473666;7;3;1;12;3;-1;-1;3750;3762;3753;825;825;Technologien neuartig und komplex (nicht ausgereifte Technologie im Einsatz?);Risiko;281;E-CMZ Klinikum Klagenfurt;168;classic;TE016;3750;1788;classic;02.04.2025;1;1121;;10.03.2025;;1;KAB_HOLZINGERD;1;;
19473708;5;3;1;12;3;-1;-1;3770;3766;3767;826;826;Verfahren neuartig oder komplex;Risiko;281;E-CMZ Klinikum Klagenfurt;171;classic;TE019;3770;1788;classic;02.04.2025;1;1121;;10.03.2025;;1;KAB_HOLZINGERD;1;;
19473624;6;3;1;12;3;-1;-1;3752;3756;3757;827;827;Materialien neuartig oder heikel;Risiko;281;E-CMZ Klinikum Klagenfurt;165;classic;TE013;3752;1788;classic;02.04.2025;1;1121;;10.03.2025;;1;KAB_HOLZINGERD;1;;
19473498;7;3;3;36;9;-1;-1;3754;3759;3764;829;829;Beeinträchtigung des Betriebes (Erschütterung, Lärm, Staub, Kapazitäten uvm.);Risiko;281;E-CMZ Klinikum Klagenfurt;156;classic;TE004;3754;1788;classic;02.04.2025;1;1121;;10.03.2025;;1;KAB_HOLZINGERD;1;;
19473610;12;3;3;36;9;-1;-1;3756;3769;3752;831;831;Laufender Betrieb lässt nur eingeschränkte Projektarbeitszeit zu;Risiko;281;E-CMZ Klinikum Klagenfurt;164;classic;TE012;3756;1788;classic;02.04.2025;1;1121;;10.03.2025;;1;KAB_HOLZINGERD;1;;
19473638;24;4;4;64;16;-1;-1;3757;3752;3762;832;832;Planungsgrundlagen - Anforderung des Bestellers (Raum- und Funktionsprogramm) - Änderung des Raumprogrammes nach Design Freeze;Risiko;281;E-CMZ Klinikum Klagenfurt;166;classic;TE014;3757;1788;classic;02.04.2025;1;1121;;10.03.2025;;1;KAB_HOLZINGERD;1;;
19473568;9;3;1;12;3;-1;-1;3758;3768;3765;833;833;Hygiene - Fehlplanungen, Anforderungsänderungen, Nicht zeitgerechte Ausarbeitung der beauftragten Personen;Risiko;281;E-CMZ Klinikum Klagenfurt;161;classic;TE009;3758;1788;classic;02.04.2025;1;1121;;10.03.2025;;1;KAB_HOLZINGERD;1;;
19314966;7;3;1;12;3;-1;-1;3743;3745;3748;717;717;Beschaffenheit des Baugrunds nicht ausreichend bekannt;Risiko;281;E-CMZ Klinikum Klagenfurt;176;classic;UV003;3743;1791;classic;21.03.2025;1;1105;;10.03.2025;;2;KAB_JANKCHR;1;;
19314948;4;2;2;16;4;-1;-1;3744;3755;3745;718;718;Altbestand nicht ausreichend bekannt;Risiko;281;E-CMZ Klinikum Klagenfurt;174;classic;UV001;3744;1791;classic;21.03.2025;1;1105;;10.03.2025;;2;KAB_JANKCHR;1;;
19315002;8;4;3;48;12;-1;-1;3749;3742;3746;719;719;nicht einschätzbare Beschaffungsmarkt-  und -angebotspreisentwicklung;Risiko;281;E-CMZ Klinikum Klagenfurt;180;classic;UV007;3749;1791;classic;21.03.2025;1;1105;;10.03.2025;;2;KAB_JANKCHR;1;;
19315011;3;4;3;48;12;-1;-1;3746;3749;3741;720;720;nicht einschätzbare Verzögerungen, Unterbrechungen und Ausfälle von Lieferketten und Leistungen;Risiko;281;E-CMZ Klinikum Klagenfurt;181;classic;UV008;3746;1791;classic;21.03.2025;1;1105;;10.03.2025;;2;KAB_JANKCHR;1;;
19314984;4;4;3;48;12;-1;-1;3747;3748;3742;721;721;Konkurs von Auftragsnehmern;Risiko;281;E-CMZ Klinikum Klagenfurt;178;classic;UV005;3747;1791;classic;21.03.2025;1;1105;;10.03.2025;;2;KAB_JANKCHR;1;;
19314975;6;4;2;32;8;-1;-1;3748;3743;3747;722;722;fehlende Bieter im Vergabeverfahren (z. B. Planer und ausführende Gewerke);Risiko;281;E-CMZ Klinikum Klagenfurt;177;classic;UV004;3748;1791;classic;21.03.2025;1;1105;;10.03.2025;;2;KAB_JANKCHR;1;;
19314957;5;3;3;36;9;-1;-1;3745;3744;3743;723;723;Änderung/Reduktion der/des medizinischen Leistungsplanung/-spektrums/-angebotsplanung;Risiko;281;E-CMZ Klinikum Klagenfurt;175;classic;UV002;3745;1791;classic;21.03.2025;1;1105;;10.03.2025;;2;KAB_JANKCHR;1;;
19314408;6;4;3;48;12;-1;-1;3809;3815;3802;724;724;Projektziele zu wenig klar festgelegt oder nachträglich geändert;Risiko;281;E-CMZ Klinikum Klagenfurt;114;classic;PV016;3809;1791;classic;21.03.2025;1;1105;;10.03.2025;;2;KAB_JANKCHR;1;;
19314372;6;4;3;48;12;-1;-1;3810;3816;3818;725;725;Projektanforderungen ungenügend definiert/kommuniziert;Risiko;281;E-CMZ Klinikum Klagenfurt;110;classic;PV012;3810;1791;classic;21.03.2025;1;1105;;10.03.2025;;2;KAB_JANKCHR;1;;
19314345;6;4;2;32;8;-1;-1;3811;3812;3820;726;726;Nutzeranforderungen zu wenig klar bestimmt;Risiko;281;E-CMZ Klinikum Klagenfurt;107;classic;PV009;3811;1791;classic;21.03.2025;1;1105;;10.03.2025;;2;KAB_JANKCHR;1;;
19314336;17;4;3;48;12;-1;-1;3812;3821;3811;727;727;Nutzer-, Betreiber- und Herstellverantwortung ungenügend definiert;Risiko;281;E-CMZ Klinikum Klagenfurt;106;classic;PV008;3812;1791;classic;21.03.2025;1;1105;;10.03.2025;;2;KAB_JANKCHR;1;;
19314282;11;3;4;48;12;-1;-1;3813;3824;3814;728;728;Enger Kostenrahmen, keine vollständige finanzielle Deckung vorhanden;Risiko;281;E-CMZ Klinikum Klagenfurt;100;classic;PV002;3813;1791;classic;21.03.2025;1;1105;;10.03.2025;;2;KAB_JANKCHR;1;;
19314291;3;4;4;64;16;-1;-1;3814;3813;3822;729;729;Enger Terminplan;Risiko;281;E-CMZ Klinikum Klagenfurt;101;classic;PV003;3814;1791;classic;21.03.2025;1;1105;;10.03.2025;;2;KAB_JANKCHR;1;;
19314399;3;3;3;36;9;-1;-1;3815;3817;3809;730;730;Projektziele (Projektgrenzen …) mit Unternehmensziel nicht kompatibel;Risiko;281;E-CMZ Klinikum Klagenfurt;113;classic;PV015;3815;1791;classic;21.03.2025;1;1105;;10.03.2025;;2;KAB_JANKCHR;1;;
19314363;7;3;3;36;9;-1;-1;3816;3820;3810;731;731;Projektänderungen mit Unternehmensziel oder Projektziel nicht kompatibel;Risiko;281;E-CMZ Klinikum Klagenfurt;109;classic;PV011;3816;1791;classic;21.03.2025;1;1105;;10.03.2025;;2;KAB_JANKCHR;1;;
19314390;8;3;3;36;9;-1;-1;3817;3818;3815;732;732;Projektvorgaben mit den besonderen Bestimmungen (z.B. Sozialversicherungsträger, Umweltbestimmungen uvm.) nicht kompatibel;Risiko;281;E-CMZ Klinikum Klagenfurt;112;classic;PV014;3817;1791;classic;21.03.2025;1;1105;;10.03.2025;;2;KAB_JANKCHR;1;;
19314381;4;4;2;32;8;-1;-1;3818;3810;3817;733;733;Projektinhalt nicht klar abgegrenzt;Risiko;281;E-CMZ Klinikum Klagenfurt;111;classic;PV013;3818;1791;classic;21.03.2025;1;1105;;10.03.2025;;2;KAB_JANKCHR;1;;
19314318;6;2;2;16;4;-1;-1;3819;3823;3821;734;734;keine Identifikation der Schlüsselpositionen mit dem Projekt und den damit in Verbindung stehenden Zielen;Risiko;281;E-CMZ Klinikum Klagenfurt;104;classic;PV006;3819;1791;classic;21.03.2025;1;1105;;10.03.2025;;2;KAB_JANKCHR;1;;
19314354;5;3;4;48;12;-1;-1;3820;3811;3816;735;735;Planungsfehler (z. B. Vorhabensbudget, Investitionsprogramm, Betriebsbudget, Folgekosten usw.);Risiko;281;E-CMZ Klinikum Klagenfurt;108;classic;PV010;3820;1791;classic;21.03.2025;1;1105;;10.03.2025;;2;KAB_JANKCHR;1;;
19314327;4;2;2;16;4;-1;-1;3821;3819;3812;736;736;keine Kompatibilität der Projektziele mit den Abteilungszielen/Nutzer;Risiko;281;E-CMZ Klinikum Klagenfurt;105;classic;PV007;3821;1791;classic;21.03.2025;1;1105;;10.03.2025;;2;KAB_JANKCHR;1;;
19314300;3;3;3;36;9;-1;-1;3822;3814;3823;737;737;keine ausreichend klare Formulierung der Projektziele;Risiko;281;E-CMZ Klinikum Klagenfurt;102;classic;PV004;3822;1791;classic;21.03.2025;1;1105;;10.03.2025;;2;KAB_JANKCHR;1;;
19314309;5;4;2;32;8;-1;-1;3823;3822;3819;738;738;keine ausreichende Berücksichtigung der Nutzeranforderungen in der Planung;Risiko;281;E-CMZ Klinikum Klagenfurt;103;classic;PV005;3823;1791;classic;21.03.2025;1;1105;;10.03.2025;;2;KAB_JANKCHR;1;;
19314273;4;4;4;64;16;-1;-1;3824;3829;3813;739;739;Baufeld im zentralen Krankenhausumfeld;Risiko;281;E-CMZ Klinikum Klagenfurt;99;classic;PV001;3824;1791;classic;21.03.2025;1;1105;;10.03.2025;;2;KAB_JANKCHR;1;;
19313445;12;4;2;32;8;-1;-1;3904;3914;3920;740;740;Kommunikationsfehler (bzw. unzureichend) mit Nutzer;Risiko;281;E-CMZ Klinikum Klagenfurt;7;classic;BB007;3904;1791;classic;17.03.2025;1;1105;;10.03.2025;;2;KAB_JANKCHR;1;;
19313553;14;4;3;48;12;-1;-1;3922;3916;3890;741;741;Widerstand von Nutzern;Risiko;281;E-CMZ Klinikum Klagenfurt;19;classic;BB019;3922;1791;classic;17.03.2025;1;1105;;10.03.2025;;2;KAB_JANKCHR;1;;
19313526;11;2;2;16;4;-1;-1;3906;3909;3919;742;742;Skepsis bzw. Ängste von Nutzern nicht mit Schulungen/Informationsveranstaltungen abwendbar;Risiko;281;E-CMZ Klinikum Klagenfurt;16;classic;BB016;3906;1791;classic;17.03.2025;1;1105;;10.03.2025;;2;KAB_JANKCHR;1;;
19313472;15;4;1;16;4;-1;-1;3907;3917;3921;743;743;Nutzer nicht oder zu wenig einbezogen;Risiko;281;E-CMZ Klinikum Klagenfurt;10;classic;BB010;3907;1791;classic;17.03.2025;1;1105;;10.03.2025;;2;KAB_JANKCHR;1;;
19313499;17;3;3;36;9;-1;-1;3908;3905;3913;744;744;Personalwechsel in Schlüsselpositionen;Risiko;281;E-CMZ Klinikum Klagenfurt;13;classic;BB013;3908;1791;classic;17.03.2025;1;1105;;10.03.2025;;2;KAB_JANKCHR;1;;
19313517;10;4;3;48;12;-1;-1;3909;3913;3906;745;745;Schnittstellenthematik (BIMM, Technik, MT…);Risiko;281;E-CMZ Klinikum Klagenfurt;15;classic;BB015;3909;1791;classic;17.03.2025;1;1105;;10.03.2025;;2;KAB_JANKCHR;1;;
19313418;12;3;3;36;9;-1;-1;3910;3911;3918;746;746;Dem Nutzer sind nicht alle Anforderungen (aus BO Planung …) bekannt;Risiko;281;E-CMZ Klinikum Klagenfurt;4;classic;BB004;3910;1791;classic;17.03.2025;1;1105;;10.03.2025;;2;KAB_JANKCHR;1;;
