"","scenario","type","method1","method2","distance","pValue"
"1","281","IMPACT","classic","area",24.272,0
"2","281","OCCURRENCE","classic","area",4.194,0.0071
"3","281","IMPACT","classic","center",28.095,0
"4","281","OCCURRENCE","classic","center",2.862,0.0314
"5","281","IMPACT","classic","centertogrid",4.4432,0.0051
"6","281","OCCURRENCE","classic","centertogrid",2.8415,0.0321
"7","281","IMPACT","classic","reachedgrid",4.4786,0.005
"8","281","OCCURRENCE","classic","reachedgrid",4.7448,0.0037
"9","281","IMPACT","classic","weighted",15.448,0
"10","281","OCCURRENCE","classic","weighted",2.7542,0.0355
"11","281","IMPACT","classic","pooling",Inf,0
"12","281","OCCURRENCE","classic","pooling",Inf,0
"13","281","IMPACT","area","center",1.4509,0.1887
"14","281","OCCURRENCE","area","center",0.2874,0.9467
"15","281","IMPACT","area","centertogrid",7.7278,2e-04
"16","281","OCCURRENCE","area","centertogrid",4.6094,0.0045
"17","281","IMPACT","area","reachedgrid",22.512,0
"18","281","OCCURRENCE","area","reachedgrid",9.4616,0
"19","281","IMPACT","area","weighted",1.1527,0.2861
"20","281","OCCURRENCE","area","weighted",2.0666,0.0847
"21","281","IMPACT","area","pooling",Inf,0
"22","281","OCCURRENCE","area","pooling",Inf,0
"23","281","IMPACT","center","centertogrid",10.851,0
"24","281","OCCURRENCE","center","centertogrid",4.3239,0.0058
"25","281","IMPACT","center","reachedgrid",19.548,0
"26","281","OCCURRENCE","center","reachedgrid",7.8987,1e-04
"27","281","IMPACT","center","weighted",1.7432,0.1259
"28","281","OCCURRENCE","center","weighted",1.3924,0.2027
"29","281","IMPACT","center","pooling",Inf,0
"30","281","OCCURRENCE","center","pooling",Inf,0
"31","281","IMPACT","centertogrid","reachedgrid",0.2162,0.9879
"32","281","OCCURRENCE","centertogrid","reachedgrid",0.242,0.9782
"33","281","IMPACT","centertogrid","weighted",4.3364,0.0057
"34","281","OCCURRENCE","centertogrid","weighted",2.4879,0.0491
"35","281","IMPACT","centertogrid","pooling",Inf,0
"36","281","OCCURRENCE","centertogrid","pooling",Inf,0
"37","281","IMPACT","reachedgrid","weighted",8.1826,1e-04
"38","281","OCCURRENCE","reachedgrid","weighted",4.0871,0.0077
"39","281","IMPACT","reachedgrid","pooling",Inf,0
"40","281","OCCURRENCE","reachedgrid","pooling",Inf,0
"41","281","IMPACT","weighted","pooling",Inf,0
"42","281","OCCURRENCE","weighted","pooling",Inf,0
"43","282","IMPACT","classic","area",5.0747,0.0026
"44","282","OCCURRENCE","classic","area",2.7845,0.0355
"45","282","IMPACT","classic","center",9.4807,0
"46","282","OCCURRENCE","classic","center",2.4757,0.05
"47","282","IMPACT","classic","centertogrid",0.5363,0.7152
"48","282","OCCURRENCE","classic","centertogrid",0.9085,0.4093
"49","282","IMPACT","classic","reachedgrid",0.8531,0.4447
"50","282","OCCURRENCE","classic","reachedgrid",1.3471,0.2164
"51","282","IMPACT","classic","weighted",3.7286,0.0113
"52","282","OCCURRENCE","classic","weighted",1.8822,0.1049
"53","282","IMPACT","classic","pooling",Inf,0
"54","282","OCCURRENCE","classic","pooling",Inf,0
"55","282","IMPACT","area","center",1.4509,0.1887
"56","282","OCCURRENCE","area","center",0.2874,0.9467
"57","282","IMPACT","area","centertogrid",3.2748,0.02
"58","282","OCCURRENCE","area","centertogrid",3.8031,0.011
"59","282","IMPACT","area","reachedgrid",10.903,0
"60","282","OCCURRENCE","area","reachedgrid",7.7184,2e-04
"61","282","IMPACT","area","weighted",3.5482,0.0146
"62","282","OCCURRENCE","area","weighted",1.3352,0.2213
"63","282","IMPACT","area","pooling",Inf,0
"64","282","OCCURRENCE","area","pooling",Inf,0
"65","282","IMPACT","center","centertogrid",6.2364,7e-04
"66","282","OCCURRENCE","center","centertogrid",4.1439,0.0072
"67","282","IMPACT","center","reachedgrid",12.503,0
"68","282","OCCURRENCE","center","reachedgrid",6.3624,6e-04
"69","282","IMPACT","center","weighted",2.7251,0.0368
"70","282","OCCURRENCE","center","weighted",1.1239,0.2973
"71","282","IMPACT","center","pooling",Inf,0
"72","282","OCCURRENCE","center","pooling",Inf,0
"73","282","IMPACT","centertogrid","reachedgrid",0.4677,0.7833
"74","282","OCCURRENCE","centertogrid","reachedgrid",0.1075,1
"75","282","IMPACT","centertogrid","weighted",2.2581,0.0651
"76","282","OCCURRENCE","centertogrid","weighted",2.4774,0.0497
"77","282","IMPACT","centertogrid","pooling",Inf,0
"78","282","OCCURRENCE","centertogrid","pooling",Inf,0
"79","282","IMPACT","reachedgrid","weighted",3.1709,0.022
"80","282","OCCURRENCE","reachedgrid","weighted",3.483,0.0152
"81","282","IMPACT","reachedgrid","pooling",Inf,0
"82","282","OCCURRENCE","reachedgrid","pooling",Inf,0
"83","282","IMPACT","weighted","pooling",Inf,0
"84","282","OCCURRENCE","weighted","pooling",Inf,0
"85","283","IMPACT","classic","area",5.3106,0.002
"86","283","OCCURRENCE","classic","area",6.01,9e-04
"87","283","IMPACT","classic","center",9.1938,0
"88","283","OCCURRENCE","classic","center",4.0253,0.0082
"89","283","IMPACT","classic","centertogrid",1.0971,0.3092
"90","283","OCCURRENCE","classic","centertogrid",3.9872,0.0085
"91","283","IMPACT","classic","reachedgrid",2.2152,0.0694
"92","283","OCCURRENCE","classic","reachedgrid",4.5,0.0048
"93","283","IMPACT","classic","weighted",5.4493,0.0016
"94","283","OCCURRENCE","classic","weighted",5.0153,0.0026
"95","283","IMPACT","classic","pooling",Inf,0
"96","283","OCCURRENCE","classic","pooling",Inf,0
"97","283","IMPACT","area","center",1.4509,0.1887
"98","283","OCCURRENCE","area","center",0.2874,0.9467
"99","283","IMPACT","area","centertogrid",4.1543,0.0074
"100","283","OCCURRENCE","area","centertogrid",3.9575,0.0092
"101","283","IMPACT","area","reachedgrid",10.031,0
"102","283","OCCURRENCE","area","reachedgrid",7.0377,3e-04
"103","283","IMPACT","area","weighted",1.3344,0.2216
"104","283","OCCURRENCE","area","weighted",4.4426,0.0054
"105","283","IMPACT","area","pooling",Inf,0
"106","283","OCCURRENCE","area","pooling",Inf,0
"107","283","IMPACT","center","centertogrid",7.855,1e-04
"108","283","OCCURRENCE","center","centertogrid",4.7077,0.0038
"109","283","IMPACT","center","reachedgrid",12.049,0
"110","283","OCCURRENCE","center","reachedgrid",6.8231,4e-04
"111","283","IMPACT","center","weighted",2.4472,0.0516
"112","283","OCCURRENCE","center","weighted",3.0931,0.0237
"113","283","IMPACT","center","pooling",Inf,0
"114","283","OCCURRENCE","center","pooling",Inf,0
"115","283","IMPACT","centertogrid","reachedgrid",0.5311,0.7181
"116","283","OCCURRENCE","centertogrid","reachedgrid",0.165,0.9982
"117","283","IMPACT","centertogrid","weighted",3.6096,0.013
"118","283","OCCURRENCE","centertogrid","weighted",1.6504,0.1424
"119","283","IMPACT","centertogrid","pooling",Inf,0
"120","283","OCCURRENCE","centertogrid","pooling",Inf,0
"121","283","IMPACT","reachedgrid","weighted",6.8463,3e-04
"122","283","OCCURRENCE","reachedgrid","weighted",1.6164,0.1495
"123","283","IMPACT","reachedgrid","pooling",Inf,0
"124","283","OCCURRENCE","reachedgrid","pooling",Inf,0
"125","283","IMPACT","weighted","pooling",Inf,0
"126","283","OCCURRENCE","weighted","pooling",Inf,0
"127","284","IMPACT","classic","area",4.5972,0.0045
"128","284","OCCURRENCE","classic","area",2.9657,0.0287
"129","284","IMPACT","classic","center",8.2617,1e-04
"130","284","OCCURRENCE","classic","center",2.8723,0.031
"131","284","IMPACT","classic","centertogrid",0.6951,0.5658
"132","284","OCCURRENCE","classic","centertogrid",2.315,0.0609
"133","284","IMPACT","classic","reachedgrid",1.4968,0.1762
"134","284","OCCURRENCE","classic","reachedgrid",2.9582,0.0282
"135","284","IMPACT","classic","weighted",4.2111,0.0066
"136","284","OCCURRENCE","classic","weighted",3.7224,0.0114
"137","284","IMPACT","classic","pooling",Inf,0
"138","284","OCCURRENCE","classic","pooling",Inf,0
"139","284","IMPACT","area","center",1.4509,0.1887
"140","284","OCCURRENCE","area","center",0.2874,0.9467
"141","284","IMPACT","area","centertogrid",3.5256,0.015
"142","284","OCCURRENCE","area","centertogrid",9.2845,0
"143","284","IMPACT","area","reachedgrid",9.7387,0
"144","284","OCCURRENCE","area","reachedgrid",14.545,0
"145","284","IMPACT","area","weighted",1.6875,0.1376
"146","284","OCCURRENCE","area","weighted",6.7865,4e-04
"147","284","IMPACT","area","pooling",Inf,0
"148","284","OCCURRENCE","area","pooling",Inf,0
"149","284","IMPACT","center","centertogrid",6.757,4e-04
"150","284","OCCURRENCE","center","centertogrid",7.0905,3e-04
"151","284","IMPACT","center","reachedgrid",11.9,0
"152","284","OCCURRENCE","center","reachedgrid",10.188,0
"153","284","IMPACT","center","weighted",2.6212,0.0418
"154","284","OCCURRENCE","center","weighted",4.014,0.0082
"155","284","IMPACT","center","pooling",Inf,0
"156","284","OCCURRENCE","center","pooling",Inf,0
"157","284","IMPACT","centertogrid","reachedgrid",0.3288,0.9195
"158","284","OCCURRENCE","centertogrid","reachedgrid",0.1718,0.9975
"159","284","IMPACT","centertogrid","weighted",2.5381,0.0461
"160","284","OCCURRENCE","centertogrid","weighted",2.4191,0.0534
"161","284","IMPACT","centertogrid","pooling",Inf,0
"162","284","OCCURRENCE","centertogrid","pooling",Inf,0
"163","284","IMPACT","reachedgrid","weighted",4.4563,0.0051
"164","284","OCCURRENCE","reachedgrid","weighted",3.7366,0.0114
"165","284","IMPACT","reachedgrid","pooling",Inf,0
"166","284","OCCURRENCE","reachedgrid","pooling",Inf,0
"167","284","IMPACT","weighted","pooling",Inf,0
"168","284","OCCURRENCE","weighted","pooling",Inf,0
"169","285","IMPACT","classic","area",6.3753,6e-04
"170","285","OCCURRENCE","classic","area",17.72,0
"171","285","IMPACT","classic","center",10.678,0
"172","285","OCCURRENCE","classic","center",7.2269,2e-04
"173","285","IMPACT","classic","centertogrid",2.6996,0.0381
"174","285","OCCURRENCE","classic","centertogrid",3.2553,0.0197
"175","285","IMPACT","classic","reachedgrid",3.5496,0.0142
"176","285","OCCURRENCE","classic","reachedgrid",4.1318,0.0073
"177","285","IMPACT","classic","weighted",6.0001,9e-04
"178","285","OCCURRENCE","classic","weighted",6.8883,3e-04
"179","285","IMPACT","classic","pooling",Inf,0
"180","285","OCCURRENCE","classic","pooling",Inf,0
"181","285","IMPACT","area","center",1.4509,0.1887
"182","285","OCCURRENCE","area","center",0.2874,0.9467
"183","285","IMPACT","area","centertogrid",5.7351,0.0013
"184","285","OCCURRENCE","area","centertogrid",3.7809,0.0112
"185","285","IMPACT","area","reachedgrid",18.792,0
"186","285","OCCURRENCE","area","reachedgrid",6.2529,7e-04
"187","285","IMPACT","area","weighted",0.9597,0.3786
"188","285","OCCURRENCE","area","weighted",7.1456,3e-04
"189","285","IMPACT","area","pooling",Inf,0
"190","285","OCCURRENCE","area","pooling",Inf,0
"191","285","IMPACT","center","centertogrid",9.0394,0
"192","285","OCCURRENCE","center","centertogrid",2.4217,0.0534
"193","285","IMPACT","center","reachedgrid",17.028,0
"194","285","OCCURRENCE","center","reachedgrid",2.8419,0.0324
"195","285","IMPACT","center","weighted",2.1951,0.0705
"196","285","OCCURRENCE","center","weighted",4.9334,0.0029
"197","285","IMPACT","center","pooling",Inf,0
"198","285","OCCURRENCE","center","pooling",Inf,0
"199","285","IMPACT","centertogrid","reachedgrid",0.854,0.4441
"200","285","OCCURRENCE","centertogrid","reachedgrid",0.0261,1
"201","285","IMPACT","centertogrid","weighted",3.4477,0.0156
"202","285","OCCURRENCE","centertogrid","weighted",6.5624,4e-04
"203","285","IMPACT","centertogrid","pooling",Inf,0
"204","285","OCCURRENCE","centertogrid","pooling",Inf,0
"205","285","IMPACT","reachedgrid","weighted",7.8294,1e-04
"206","285","OCCURRENCE","reachedgrid","weighted",8.7262,0
"207","285","IMPACT","reachedgrid","pooling",Inf,0
"208","285","OCCURRENCE","reachedgrid","pooling",Inf,0
"209","285","IMPACT","weighted","pooling",Inf,0
"210","285","OCCURRENCE","weighted","pooling",Inf,0
"211","286","IMPACT","classic","area",16.803,0
"212","286","OCCURRENCE","classic","area",13.275,0
"213","286","IMPACT","classic","center",21.328,0
"214","286","OCCURRENCE","classic","center",5.2658,0.002
"215","286","IMPACT","classic","centertogrid",1.7396,0.1265
"216","286","OCCURRENCE","classic","centertogrid",0.8204,0.468
"217","286","IMPACT","classic","reachedgrid",2.2956,0.0627
"218","286","OCCURRENCE","classic","reachedgrid",0.3833,0.8708
"219","286","IMPACT","classic","weighted",4.1946,0.0067
"220","286","OCCURRENCE","classic","weighted",3.7516,0.011
"221","286","IMPACT","classic","pooling",Inf,0
"222","286","OCCURRENCE","classic","pooling",Inf,0
"223","286","IMPACT","area","center",1.4509,0.1887
"224","286","OCCURRENCE","area","center",0.2874,0.9467
"225","286","IMPACT","area","centertogrid",20.056,0
"226","286","OCCURRENCE","area","centertogrid",11.925,0
"227","286","IMPACT","area","reachedgrid",37.997,0
"228","286","OCCURRENCE","area","reachedgrid",15.542,0
"229","286","IMPACT","area","weighted",17.822,0
"230","286","OCCURRENCE","area","weighted",10.343,0
"231","286","IMPACT","area","pooling",Inf,0
"232","286","OCCURRENCE","area","pooling",Inf,0
"233","286","IMPACT","center","centertogrid",20.475,0
"234","286","OCCURRENCE","center","centertogrid",4.2854,0.0061
"235","286","IMPACT","center","reachedgrid",24.934,0
"236","286","OCCURRENCE","center","reachedgrid",4.1462,0.0072
"237","286","IMPACT","center","weighted",12.033,0
"238","286","OCCURRENCE","center","weighted",6.5631,4e-04
"239","286","IMPACT","center","pooling",Inf,0
"240","286","OCCURRENCE","center","pooling",Inf,0
"241","286","IMPACT","centertogrid","reachedgrid",0.5966,0.6539
"242","286","OCCURRENCE","centertogrid","reachedgrid",0.261,0.9689
"243","286","IMPACT","centertogrid","weighted",2.3013,0.0616
"244","286","OCCURRENCE","centertogrid","weighted",3.7273,0.0113
"245","286","IMPACT","centertogrid","pooling",Inf,0
"246","286","OCCURRENCE","centertogrid","pooling",Inf,0
"247","286","IMPACT","reachedgrid","weighted",2.3365,0.0596
"248","286","OCCURRENCE","reachedgrid","weighted",5.5898,0.0014
"249","286","IMPACT","reachedgrid","pooling",Inf,0
"250","286","OCCURRENCE","reachedgrid","pooling",Inf,0
"251","286","IMPACT","weighted","pooling",Inf,0
"252","286","OCCURRENCE","weighted","pooling",Inf,0
"253","289","IMPACT","classic","area",4.2895,0.0064
"254","289","OCCURRENCE","classic","area",4.914,0.0032
"255","289","IMPACT","classic","center",3.3018,0.0187
"256","289","OCCURRENCE","classic","center",5.7327,0.0012
"257","289","IMPACT","classic","centertogrid",0.2954,0.9485
"258","289","OCCURRENCE","classic","centertogrid",2.4215,0.0534
"259","289","IMPACT","classic","reachedgrid",0.525,0.7245
"260","289","OCCURRENCE","classic","reachedgrid",2.7911,0.0344
"261","289","IMPACT","classic","weighted",5.1383,0.0023
"262","289","OCCURRENCE","classic","weighted",2.2761,0.0636
"263","289","IMPACT","classic","pooling",Inf,0
"264","289","OCCURRENCE","classic","pooling",Inf,0
"265","289","IMPACT","area","center",1.4509,0.1887
"266","289","OCCURRENCE","area","center",0.2874,0.9467
"267","289","IMPACT","area","centertogrid",5.1775,0.0024
"268","289","OCCURRENCE","area","centertogrid",17.459,0
"269","289","IMPACT","area","reachedgrid",7.5562,2e-04
"270","289","OCCURRENCE","area","reachedgrid",27.647,0
"271","289","IMPACT","area","weighted",2.1286,0.0785
"272","289","OCCURRENCE","area","weighted",4.8591,0.0034
"273","289","IMPACT","area","pooling",Inf,0
"274","289","OCCURRENCE","area","pooling",Inf,0
"275","289","IMPACT","center","centertogrid",3.4895,0.015
"276","289","OCCURRENCE","center","centertogrid",13.016,0
"277","289","IMPACT","center","reachedgrid",6.3902,6e-04
"278","289","OCCURRENCE","center","reachedgrid",16.321,0
"279","289","IMPACT","center","weighted",0.9826,0.3662
"280","289","OCCURRENCE","center","weighted",3.2175,0.0205
"281","289","IMPACT","center","pooling",Inf,0
"282","289","OCCURRENCE","center","pooling",Inf,0
"283","289","IMPACT","centertogrid","reachedgrid",0.5752,0.6742
"284","289","OCCURRENCE","centertogrid","reachedgrid",0.1188,0.9999
"285","289","IMPACT","centertogrid","weighted",4.6042,0.0042
"286","289","OCCURRENCE","centertogrid","weighted",5.5803,0.0014
"287","289","IMPACT","centertogrid","pooling",Inf,0
"288","289","OCCURRENCE","centertogrid","pooling",Inf,0
"289","289","IMPACT","reachedgrid","weighted",10.275,0
"290","289","OCCURRENCE","reachedgrid","weighted",6.3541,6e-04
"291","289","IMPACT","reachedgrid","pooling",Inf,0
"292","289","OCCURRENCE","reachedgrid","pooling",Inf,0
"293","289","IMPACT","weighted","pooling",Inf,0
"294","289","OCCURRENCE","weighted","pooling",Inf,0
"295","295","IMPACT","classic","area",6.7662,4e-04
"296","295","OCCURRENCE","classic","area",17.463,0
"297","295","IMPACT","classic","center",9.5251,0
"298","295","OCCURRENCE","classic","center",8.3972,1e-04
"299","295","IMPACT","classic","centertogrid",2.7884,0.0343
"300","295","OCCURRENCE","classic","centertogrid",2.6693,0.0396
"301","295","IMPACT","classic","reachedgrid",3.1168,0.0235
"302","295","OCCURRENCE","classic","reachedgrid",2.7945,0.0343
"303","295","IMPACT","classic","weighted",5.5317,0.0015
"304","295","OCCURRENCE","classic","weighted",5.3907,0.0017
"305","295","IMPACT","classic","pooling",Inf,0
"306","295","OCCURRENCE","classic","pooling",Inf,0
"307","295","IMPACT","area","center",1.4509,0.1887
"308","295","OCCURRENCE","area","center",0.2874,0.9467
"309","295","IMPACT","area","centertogrid",4.9892,0.0029
"310","295","OCCURRENCE","area","centertogrid",7.6949,2e-04
"311","295","IMPACT","area","reachedgrid",7.3366,2e-04
"312","295","OCCURRENCE","area","reachedgrid",16.147,0
"313","295","IMPACT","area","weighted",3.2136,0.0215
"314","295","OCCURRENCE","area","weighted",2.439,0.0537
"315","295","IMPACT","area","pooling",Inf,0
"316","295","OCCURRENCE","area","pooling",Inf,0
"317","295","IMPACT","center","centertogrid",3.87,0.0097
"318","295","OCCURRENCE","center","centertogrid",2.9645,0.0278
"319","295","IMPACT","center","reachedgrid",7.1875,3e-04
"320","295","OCCURRENCE","center","reachedgrid",3.9737,0.0087
"321","295","IMPACT","center","weighted",4.2159,0.0065
"322","295","OCCURRENCE","center","weighted",1.5221,0.1694
"323","295","IMPACT","center","pooling",Inf,0
"324","295","OCCURRENCE","center","pooling",Inf,0
"325","295","IMPACT","centertogrid","reachedgrid",0.5839,0.6655
"326","295","OCCURRENCE","centertogrid","reachedgrid",0.3014,0.942
"327","295","IMPACT","centertogrid","weighted",3.4335,0.0159
"328","295","OCCURRENCE","centertogrid","weighted",1.8346,0.1116
"329","295","IMPACT","centertogrid","pooling",Inf,0
"330","295","OCCURRENCE","centertogrid","pooling",Inf,0
"331","295","IMPACT","reachedgrid","weighted",3.45,0.0159
"332","295","OCCURRENCE","reachedgrid","weighted",2.1317,0.0768
"333","295","IMPACT","reachedgrid","pooling",Inf,0
"334","295","OCCURRENCE","reachedgrid","pooling",Inf,0
"335","295","IMPACT","weighted","pooling",Inf,0
"336","295","OCCURRENCE","weighted","pooling",Inf,0
"337","296","IMPACT","classic","area",7.0811,3e-04
"338","296","OCCURRENCE","classic","area",5.9735,0.001
"339","296","IMPACT","classic","center",12.262,0
"340","296","OCCURRENCE","classic","center",3.9343,0.009
"341","296","IMPACT","classic","centertogrid",3.0993,0.0237
"342","296","OCCURRENCE","classic","centertogrid",3.2097,0.0208
"343","296","IMPACT","classic","reachedgrid",2.2261,0.0685
"344","296","OCCURRENCE","classic","reachedgrid",3.4943,0.0151
"345","296","IMPACT","classic","weighted",6.2121,7e-04
"346","296","OCCURRENCE","classic","weighted",5.2199,0.0021
"347","296","IMPACT","classic","pooling",Inf,0
"348","296","OCCURRENCE","classic","pooling",Inf,0
"349","296","IMPACT","area","center",1.4509,0.1887
"350","296","OCCURRENCE","area","center",0.2874,0.9467
"351","296","IMPACT","area","centertogrid",5.3067,0.002
"352","296","OCCURRENCE","area","centertogrid",4.8805,0.0033
"353","296","IMPACT","area","reachedgrid",7.9045,1e-04
"354","296","OCCURRENCE","area","reachedgrid",6.8704,4e-04
"355","296","IMPACT","area","weighted",0.4522,0.7937
"356","296","OCCURRENCE","area","weighted",0.7082,0.551
"357","296","IMPACT","area","pooling",Inf,0
"358","296","OCCURRENCE","area","pooling",Inf,0
"359","296","IMPACT","center","centertogrid",6.8054,4e-04
"360","296","OCCURRENCE","center","centertogrid",4.2544,0.0063
"361","296","IMPACT","center","reachedgrid",10.395,0
"362","296","OCCURRENCE","center","reachedgrid",5.3993,0.0018
"363","296","IMPACT","center","weighted",1.1602,0.282
"364","296","OCCURRENCE","center","weighted",0.8206,0.4679
"365","296","IMPACT","center","pooling",Inf,0
"366","296","OCCURRENCE","center","pooling",Inf,0
"367","296","IMPACT","centertogrid","reachedgrid",1.5456,0.1649
"368","296","OCCURRENCE","centertogrid","reachedgrid",0.145,0.9994
"369","296","IMPACT","centertogrid","weighted",4.0512,0.0079
"370","296","OCCURRENCE","centertogrid","weighted",3.7494,0.011
"371","296","IMPACT","centertogrid","pooling",Inf,0
"372","296","OCCURRENCE","centertogrid","pooling",Inf,0
"373","296","IMPACT","reachedgrid","weighted",6.438,5e-04
"374","296","OCCURRENCE","reachedgrid","weighted",5.0462,0.0026
"375","296","IMPACT","reachedgrid","pooling",Inf,0
"376","296","OCCURRENCE","reachedgrid","pooling",Inf,0
"377","296","IMPACT","weighted","pooling",Inf,0
"378","296","OCCURRENCE","weighted","pooling",Inf,0
"379","298","IMPACT","classic","area",23.255,0
"380","298","OCCURRENCE","classic","area",12.348,0
"381","298","IMPACT","classic","center",24.751,0
"382","298","OCCURRENCE","classic","center",11.421,0
"383","298","IMPACT","classic","centertogrid",2.5728,0.0444
"384","298","OCCURRENCE","classic","centertogrid",7.5287,2e-04
"385","298","IMPACT","classic","reachedgrid",2.4422,0.0525
"386","298","OCCURRENCE","classic","reachedgrid",6.7229,4e-04
"387","298","IMPACT","classic","weighted",4.6943,0.0038
"388","298","OCCURRENCE","classic","weighted",6.1569,7e-04
"389","298","IMPACT","classic","pooling",Inf,0
"390","298","OCCURRENCE","classic","pooling",Inf,0
"391","298","IMPACT","area","center",1.4509,0.1887
"392","298","OCCURRENCE","area","center",0.2874,0.9467
"393","298","IMPACT","area","centertogrid",16.162,0
"394","298","OCCURRENCE","area","centertogrid",50.957,0
"395","298","IMPACT","area","reachedgrid",33.943,0
"396","298","OCCURRENCE","area","reachedgrid",66.336,0
"397","298","IMPACT","area","weighted",12.985,0
"398","298","OCCURRENCE","area","weighted",47.817,0
"399","298","IMPACT","area","pooling",Inf,0
"400","298","OCCURRENCE","area","pooling",Inf,0
"401","298","IMPACT","center","centertogrid",14.406,0
"402","298","OCCURRENCE","center","centertogrid",29.542,0
"403","298","IMPACT","center","reachedgrid",21.728,0
"404","298","OCCURRENCE","center","reachedgrid",33.888,0
"405","298","IMPACT","center","weighted",9.5013,0
"406","298","OCCURRENCE","center","weighted",25.044,0
"407","298","IMPACT","center","pooling",Inf,0
"408","298","OCCURRENCE","center","pooling",Inf,0
"409","298","IMPACT","centertogrid","reachedgrid",0.5907,0.6594
"410","298","OCCURRENCE","centertogrid","reachedgrid",0.6658,0.5906
"411","298","IMPACT","centertogrid","weighted",2.0204,0.0877
"412","298","OCCURRENCE","centertogrid","weighted",4.6629,0.0039
"413","298","IMPACT","centertogrid","pooling",Inf,0
"414","298","OCCURRENCE","centertogrid","pooling",Inf,0
"415","298","IMPACT","reachedgrid","weighted",2.9222,0.0295
"416","298","OCCURRENCE","reachedgrid","weighted",3.6492,0.0125
"417","298","IMPACT","reachedgrid","pooling",Inf,0
"418","298","OCCURRENCE","reachedgrid","pooling",Inf,0
"419","298","IMPACT","weighted","pooling",Inf,0
"420","298","OCCURRENCE","weighted","pooling",Inf,0
"421","299","IMPACT","classic","area",7.3265,2e-04
"422","299","OCCURRENCE","classic","area",7.8854,1e-04
"423","299","IMPACT","classic","center",12.563,0
"424","299","OCCURRENCE","classic","center",8.4922,1e-04
"425","299","IMPACT","classic","centertogrid",2.2241,0.0681
"426","299","OCCURRENCE","classic","centertogrid",1.5516,0.1629
"427","299","IMPACT","classic","reachedgrid",2.1561,0.0747
"428","299","OCCURRENCE","classic","reachedgrid",1.6888,0.1359
"429","299","IMPACT","classic","weighted",10.315,0
"430","299","OCCURRENCE","classic","weighted",6.7432,4e-04
"431","299","IMPACT","classic","pooling",Inf,0
"432","299","OCCURRENCE","classic","pooling",Inf,0
"433","299","IMPACT","area","center",1.4509,0.1887
"434","299","OCCURRENCE","area","center",0.2874,0.9467
"435","299","IMPACT","area","centertogrid",3.6529,0.013
"436","299","OCCURRENCE","area","centertogrid",15.017,0
"437","299","IMPACT","area","reachedgrid",7.9311,1e-04
"438","299","OCCURRENCE","area","reachedgrid",18.868,0
"439","299","IMPACT","area","weighted",0.6156,0.6317
"440","299","OCCURRENCE","area","weighted",3.8546,0.0104
"441","299","IMPACT","area","pooling",Inf,0
"442","299","OCCURRENCE","area","pooling",Inf,0
"443","299","IMPACT","center","centertogrid",6.1248,8e-04
"444","299","OCCURRENCE","center","centertogrid",11.223,0
"445","299","IMPACT","center","reachedgrid",10.376,0
"446","299","OCCURRENCE","center","reachedgrid",12.651,0
"447","299","IMPACT","center","weighted",0.7761,0.5008
"448","299","OCCURRENCE","center","weighted",2.58,0.0439
"449","299","IMPACT","center","pooling",Inf,0
"450","299","OCCURRENCE","center","pooling",Inf,0
"451","299","IMPACT","centertogrid","reachedgrid",0.5983,0.6517
"452","299","OCCURRENCE","centertogrid","reachedgrid",0.1563,0.9988
"453","299","IMPACT","centertogrid","weighted",4.5442,0.0045
"454","299","OCCURRENCE","centertogrid","weighted",5.8938,0.001
"455","299","IMPACT","centertogrid","pooling",Inf,0
"456","299","OCCURRENCE","centertogrid","pooling",Inf,0
"457","299","IMPACT","reachedgrid","weighted",9.0064,0
"458","299","OCCURRENCE","reachedgrid","weighted",6.202,7e-04
"459","299","IMPACT","reachedgrid","pooling",Inf,0
"460","299","OCCURRENCE","reachedgrid","pooling",Inf,0
"461","299","IMPACT","weighted","pooling",Inf,0
"462","299","OCCURRENCE","weighted","pooling",Inf,0
"463","300","IMPACT","classic","area",7.0124,3e-04
"464","300","OCCURRENCE","classic","area",3.5582,0.0144
"465","300","IMPACT","classic","center",10.581,0
"466","300","OCCURRENCE","classic","center",3.7857,0.0107
"467","300","IMPACT","classic","centertogrid",3.4698,0.0154
"468","300","OCCURRENCE","classic","centertogrid",1.0761,0.3189
"469","300","IMPACT","classic","reachedgrid",3.4296,0.0163
"470","300","OCCURRENCE","classic","reachedgrid",2.0317,0.0872
"471","300","IMPACT","classic","weighted",11.642,0
"472","300","OCCURRENCE","classic","weighted",2.5103,0.0478
"473","300","IMPACT","classic","pooling",Inf,0
"474","300","OCCURRENCE","classic","pooling",Inf,0
"475","300","IMPACT","area","center",1.4509,0.1887
"476","300","OCCURRENCE","area","center",0.2874,0.9467
"477","300","IMPACT","area","centertogrid",3.7755,0.0113
"478","300","OCCURRENCE","area","centertogrid",5.3553,0.0019
"479","300","IMPACT","area","reachedgrid",7.5973,2e-04
"480","300","OCCURRENCE","area","reachedgrid",11.537,0
"481","300","IMPACT","area","weighted",0.7294,0.5338
"482","300","OCCURRENCE","area","weighted",2.9903,0.0279
"483","300","IMPACT","area","pooling",Inf,0
"484","300","OCCURRENCE","area","pooling",Inf,0
"485","300","IMPACT","center","centertogrid",4.8046,0.0034
"486","300","OCCURRENCE","center","centertogrid",5.8881,0.001
"487","300","IMPACT","center","reachedgrid",9.1585,0
"488","300","OCCURRENCE","center","reachedgrid",9.7791,0
"489","300","IMPACT","center","weighted",1.1587,0.2826
"490","300","OCCURRENCE","center","weighted",2.0576,0.0838
"491","300","IMPACT","center","pooling",Inf,0
"492","300","OCCURRENCE","center","pooling",Inf,0
"493","300","IMPACT","centertogrid","reachedgrid",0.6818,0.5758
"494","300","OCCURRENCE","centertogrid","reachedgrid",0.1714,0.9975
"495","300","IMPACT","centertogrid","weighted",3.9645,0.0087
"496","300","OCCURRENCE","centertogrid","weighted",2.3885,0.0554
"497","300","IMPACT","centertogrid","pooling",Inf,0
"498","300","OCCURRENCE","centertogrid","pooling",Inf,0
"499","300","IMPACT","reachedgrid","weighted",8.3808,1e-04
"500","300","OCCURRENCE","reachedgrid","weighted",3.4414,0.016
"501","300","IMPACT","reachedgrid","pooling",Inf,0
"502","300","OCCURRENCE","reachedgrid","pooling",Inf,0
"503","300","IMPACT","weighted","pooling",Inf,0
"504","300","OCCURRENCE","weighted","pooling",Inf,0
"505","301","IMPACT","classic","area",6.8363,4e-04
"506","301","OCCURRENCE","classic","area",4.4925,0.0051
"507","301","IMPACT","classic","center",12.01,0
"508","301","OCCURRENCE","classic","center",5.285,0.002
"509","301","IMPACT","classic","centertogrid",0.944,0.388
"510","301","OCCURRENCE","classic","centertogrid",1.369,0.2096
"511","301","IMPACT","classic","reachedgrid",1.6201,0.1492
"512","301","OCCURRENCE","classic","reachedgrid",0.6852,0.5733
"513","301","IMPACT","classic","weighted",5.9375,9e-04
"514","301","OCCURRENCE","classic","weighted",1.584,0.1557
"515","301","IMPACT","classic","pooling",Inf,0
"516","301","OCCURRENCE","classic","pooling",Inf,0
"517","301","IMPACT","area","center",1.4509,0.1887
"518","301","OCCURRENCE","area","center",0.2874,0.9467
"519","301","IMPACT","area","centertogrid",5.6593,0.0014
"520","301","OCCURRENCE","area","centertogrid",7.7946,1e-04
"521","301","IMPACT","area","reachedgrid",15.299,0
"522","301","OCCURRENCE","area","reachedgrid",12.473,0
"523","301","IMPACT","area","weighted",1.7055,0.1344
"524","301","OCCURRENCE","area","weighted",3.7782,0.0113
"525","301","IMPACT","area","pooling",Inf,0
"526","301","OCCURRENCE","area","pooling",Inf,0
"527","301","IMPACT","center","centertogrid",9.9033,0
"528","301","OCCURRENCE","center","centertogrid",8.6386,0
"529","301","IMPACT","center","reachedgrid",16.547,0
"530","301","OCCURRENCE","center","reachedgrid",10.703,0
"531","301","IMPACT","center","weighted",2.7295,0.0367
"532","301","OCCURRENCE","center","weighted",2.7321,0.0365
"533","301","IMPACT","center","pooling",Inf,0
"534","301","OCCURRENCE","center","pooling",Inf,0
"535","301","IMPACT","centertogrid","reachedgrid",0.4696,0.7814
"536","301","OCCURRENCE","centertogrid","reachedgrid",0.5651,0.6848
"537","301","IMPACT","centertogrid","weighted",3.7503,0.011
"538","301","OCCURRENCE","centertogrid","weighted",3.1516,0.0221
"539","301","IMPACT","centertogrid","pooling",Inf,0
"540","301","OCCURRENCE","centertogrid","pooling",Inf,0
"541","301","IMPACT","reachedgrid","weighted",6.3333,6e-04
"542","301","OCCURRENCE","reachedgrid","weighted",2.869,0.0313
"543","301","IMPACT","reachedgrid","pooling",Inf,0
"544","301","OCCURRENCE","reachedgrid","pooling",Inf,0
"545","301","IMPACT","weighted","pooling",Inf,0
"546","301","OCCURRENCE","weighted","pooling",Inf,0
"547","302","IMPACT","classic","area",5.5605,0.0015
"548","302","OCCURRENCE","classic","area",10.13,0
"549","302","IMPACT","classic","center",10.256,0
"550","302","OCCURRENCE","classic","center",9.1641,0
"551","302","IMPACT","classic","centertogrid",1.5728,0.1583
"552","302","OCCURRENCE","classic","centertogrid",2.1827,0.0717
"553","302","IMPACT","classic","reachedgrid",2.0492,0.0854
"554","302","OCCURRENCE","classic","reachedgrid",1.6504,0.143
"555","302","IMPACT","classic","weighted",2.844,0.0319
"556","302","OCCURRENCE","classic","weighted",2.51,0.0478
"557","302","IMPACT","classic","pooling",Inf,0
"558","302","OCCURRENCE","classic","pooling",Inf,0
"559","302","IMPACT","area","center",1.4509,0.1887
"560","302","OCCURRENCE","area","center",0.2874,0.9467
"561","302","IMPACT","area","centertogrid",3.4993,0.0155
"562","302","OCCURRENCE","area","centertogrid",23.219,0
"563","302","IMPACT","area","reachedgrid",10.283,0
"564","302","OCCURRENCE","area","reachedgrid",29.409,0
"565","302","IMPACT","area","weighted",3.6905,0.0125
"566","302","OCCURRENCE","area","weighted",9.5366,0
"567","302","IMPACT","area","pooling",Inf,0
"568","302","OCCURRENCE","area","pooling",Inf,0
"569","302","IMPACT","center","centertogrid",6.2019,7e-04
"570","302","OCCURRENCE","center","centertogrid",14.638,0
"571","302","IMPACT","center","reachedgrid",11.263,0
"572","302","OCCURRENCE","center","reachedgrid",16.818,0
"573","302","IMPACT","center","weighted",4.3169,0.0058
"574","302","OCCURRENCE","center","weighted",6.0416,8e-04
"575","302","IMPACT","center","pooling",Inf,0
"576","302","OCCURRENCE","center","pooling",Inf,0
"577","302","IMPACT","centertogrid","reachedgrid",0.2275,0.9839
"578","302","OCCURRENCE","centertogrid","reachedgrid",0.3025,0.9414
"579","302","IMPACT","centertogrid","weighted",1.4717,0.1815
"580","302","OCCURRENCE","centertogrid","weighted",3.8922,0.0094
"581","302","IMPACT","centertogrid","pooling",Inf,0
"582","302","OCCURRENCE","centertogrid","pooling",Inf,0
"583","302","IMPACT","reachedgrid","weighted",2.1379,0.0764
"584","302","OCCURRENCE","reachedgrid","weighted",3.6563,0.0125
"585","302","IMPACT","reachedgrid","pooling",Inf,0
"586","302","OCCURRENCE","reachedgrid","pooling",Inf,0
"587","302","IMPACT","weighted","pooling",Inf,0
"588","302","OCCURRENCE","weighted","pooling",Inf,0
"589","303","IMPACT","classic","area",7.2272,3e-04
"590","303","OCCURRENCE","classic","area",2.6853,0.0399
"591","303","IMPACT","classic","center",3.4686,0.0154
"592","303","OCCURRENCE","classic","center",2.6416,0.0409
"593","303","IMPACT","classic","centertogrid",0.2113,0.9904
"594","303","OCCURRENCE","classic","centertogrid",1.1081,0.3043
"595","303","IMPACT","classic","reachedgrid",1.0214,0.3457
"596","303","OCCURRENCE","classic","reachedgrid",0.864,0.4375
"597","303","IMPACT","classic","weighted",4.2598,0.0062
"598","303","OCCURRENCE","classic","weighted",4.2748,0.0061
"599","303","IMPACT","classic","pooling",Inf,0
"600","303","OCCURRENCE","classic","pooling",Inf,0
"601","303","IMPACT","area","center",1.4509,0.1887
"602","303","OCCURRENCE","area","center",0.2874,0.9467
"603","303","IMPACT","area","centertogrid",8.1442,1e-04
"604","303","OCCURRENCE","area","centertogrid",3.995,0.0088
"605","303","IMPACT","area","reachedgrid",8.9645,0
"606","303","OCCURRENCE","area","reachedgrid",5.0403,0.0027
"607","303","IMPACT","area","weighted",0.8114,0.4723
"608","303","OCCURRENCE","area","weighted",1.1745,0.2773
"609","303","IMPACT","area","pooling",Inf,0
"610","303","OCCURRENCE","area","pooling",Inf,0
"611","303","IMPACT","center","centertogrid",3.2152,0.0207
"612","303","OCCURRENCE","center","centertogrid",2.7442,0.0362
"613","303","IMPACT","center","reachedgrid",5.5756,0.0014
"614","303","OCCURRENCE","center","reachedgrid",3.3855,0.0171
"615","303","IMPACT","center","weighted",0.5119,0.7412
"616","303","OCCURRENCE","center","weighted",0.8441,0.4515
"617","303","IMPACT","center","pooling",Inf,0
"618","303","OCCURRENCE","center","pooling",Inf,0
"619","303","IMPACT","centertogrid","reachedgrid",0.9404,0.39
"620","303","OCCURRENCE","centertogrid","reachedgrid",0.2221,0.9861
"621","303","IMPACT","centertogrid","weighted",3.6612,0.0122
"622","303","OCCURRENCE","centertogrid","weighted",3.4287,0.016
"623","303","IMPACT","centertogrid","pooling",Inf,0
"624","303","OCCURRENCE","centertogrid","pooling",Inf,0
"625","303","IMPACT","reachedgrid","weighted",7.3893,2e-04
"626","303","OCCURRENCE","reachedgrid","weighted",5.2238,0.0021
"627","303","IMPACT","reachedgrid","pooling",Inf,0
"628","303","OCCURRENCE","reachedgrid","pooling",Inf,0
"629","303","IMPACT","weighted","pooling",Inf,0
"630","303","OCCURRENCE","weighted","pooling",Inf,0
"631","304","IMPACT","classic","area",8.5467,1e-04
"632","304","OCCURRENCE","classic","area",12.041,0
"633","304","IMPACT","classic","center",14.37,0
"634","304","OCCURRENCE","classic","center",4.5805,0.0044
"635","304","IMPACT","classic","centertogrid",2.73,0.0368
"636","304","OCCURRENCE","classic","centertogrid",2.0434,0.0855
"637","304","IMPACT","classic","reachedgrid",2.8217,0.0333
"638","304","OCCURRENCE","classic","reachedgrid",3.2525,0.02
"639","304","IMPACT","classic","weighted",6.1012,8e-04
"640","304","OCCURRENCE","classic","weighted",4.4796,0.0048
"641","304","IMPACT","classic","pooling",Inf,0
"642","304","OCCURRENCE","classic","pooling",Inf,0
"643","304","IMPACT","area","center",1.4509,0.1887
"644","304","OCCURRENCE","area","center",0.2874,0.9467
"645","304","IMPACT","area","centertogrid",4.4856,0.0051
"646","304","OCCURRENCE","area","centertogrid",4.1459,0.0075
"647","304","IMPACT","area","reachedgrid",11.459,0
"648","304","OCCURRENCE","area","reachedgrid",6.0942,8e-04
"649","304","IMPACT","area","weighted",1.0797,0.3177
"650","304","OCCURRENCE","area","weighted",2.1318,0.0781
"651","304","IMPACT","area","pooling",Inf,0
"652","304","OCCURRENCE","area","pooling",Inf,0
"653","304","IMPACT","center","centertogrid",7.8852,1e-04
"654","304","OCCURRENCE","center","centertogrid",2.431,0.0528
"655","304","IMPACT","center","reachedgrid",13.391,0
"656","304","OCCURRENCE","center","reachedgrid",3.2965,0.019
"657","304","IMPACT","center","weighted",2.2828,0.0632
"658","304","OCCURRENCE","center","weighted",1.5863,0.1552
"659","304","IMPACT","center","pooling",Inf,0
"660","304","OCCURRENCE","center","pooling",Inf,0
"661","304","IMPACT","centertogrid","reachedgrid",0.6339,0.6186
"662","304","OCCURRENCE","centertogrid","reachedgrid",0.0583,1
"663","304","IMPACT","centertogrid","weighted",2.7406,0.0361
"664","304","OCCURRENCE","centertogrid","weighted",1.2874,0.2348
"665","304","IMPACT","centertogrid","pooling",Inf,0
"666","304","OCCURRENCE","centertogrid","pooling",Inf,0
"667","304","IMPACT","reachedgrid","weighted",4.8573,0.0032
"668","304","OCCURRENCE","reachedgrid","weighted",1.2616,0.2441
"669","304","IMPACT","reachedgrid","pooling",Inf,0
"670","304","OCCURRENCE","reachedgrid","pooling",Inf,0
"671","304","IMPACT","weighted","pooling",Inf,0
"672","304","OCCURRENCE","weighted","pooling",Inf,0
"673","305","IMPACT","classic","area",4.7989,0.0036
"674","305","OCCURRENCE","classic","area",11.627,0
"675","305","IMPACT","classic","center",4.579,0.0044
"676","305","OCCURRENCE","classic","center",10.314,0
"677","305","IMPACT","classic","centertogrid",1.2876,0.235
"678","305","OCCURRENCE","classic","centertogrid",6.5611,5e-04
"679","305","IMPACT","classic","reachedgrid",1.7332,0.1284
"680","305","OCCURRENCE","classic","reachedgrid",4.8614,0.0032
"681","305","IMPACT","classic","weighted",4.0222,0.0081
"682","305","OCCURRENCE","classic","weighted",2.6107,0.0423
"683","305","IMPACT","classic","pooling",Inf,0
"684","305","OCCURRENCE","classic","pooling",Inf,0
"685","305","IMPACT","area","center",1.4509,0.1887
"686","305","OCCURRENCE","area","center",0.2874,0.9467
"687","305","IMPACT","area","centertogrid",4.5865,0.0046
"688","305","OCCURRENCE","area","centertogrid",49.965,0
"689","305","IMPACT","area","reachedgrid",8.2412,1e-04
"690","305","OCCURRENCE","area","reachedgrid",54.743,0
"691","305","IMPACT","area","weighted",1.1246,0.2979
"692","305","OCCURRENCE","area","weighted",25.091,0
"693","305","IMPACT","area","pooling",Inf,0
"694","305","OCCURRENCE","area","pooling",Inf,0
"695","305","IMPACT","center","centertogrid",3.871,0.0097
"696","305","OCCURRENCE","center","centertogrid",27.629,0
"697","305","IMPACT","center","reachedgrid",7.4977,2e-04
"698","305","OCCURRENCE","center","reachedgrid",29.969,0
"699","305","IMPACT","center","weighted",1.9729,0.0934
"700","305","OCCURRENCE","center","weighted",12.383,0
"701","305","IMPACT","center","pooling",Inf,0
"702","305","OCCURRENCE","center","pooling",Inf,0
"703","305","IMPACT","centertogrid","reachedgrid",0.5352,0.7141
"704","305","OCCURRENCE","centertogrid","reachedgrid",0.9613,0.378
"705","305","IMPACT","centertogrid","weighted",2.8742,0.0308
"706","305","OCCURRENCE","centertogrid","weighted",4.5497,0.0045
"707","305","IMPACT","centertogrid","pooling",Inf,0
"708","305","OCCURRENCE","centertogrid","pooling",Inf,0
"709","305","IMPACT","reachedgrid","weighted",5.7475,0.0012
"710","305","OCCURRENCE","reachedgrid","weighted",3.0113,0.0264
"711","305","IMPACT","reachedgrid","pooling",Inf,0
"712","305","OCCURRENCE","reachedgrid","pooling",Inf,0
"713","305","IMPACT","weighted","pooling",Inf,0
"714","305","OCCURRENCE","weighted","pooling",Inf,0
"715","306","IMPACT","classic","area",5.9915,0.001
"716","306","OCCURRENCE","classic","area",8.0005,1e-04
"717","306","IMPACT","classic","center",4.4588,0.005
"718","306","OCCURRENCE","classic","center",7.9242,1e-04
"719","306","IMPACT","classic","centertogrid",2.1706,0.0728
"720","306","OCCURRENCE","classic","centertogrid",2.8863,0.0304
"721","306","IMPACT","classic","reachedgrid",2.3866,0.0562
"722","306","OCCURRENCE","classic","reachedgrid",4.1393,0.0073
"723","306","IMPACT","classic","weighted",7.7062,1e-04
"724","306","OCCURRENCE","classic","weighted",3.2393,0.0199
"725","306","IMPACT","classic","pooling",Inf,0
"726","306","OCCURRENCE","classic","pooling",Inf,0
"727","306","IMPACT","area","center",1.4509,0.1887
"728","306","OCCURRENCE","area","center",0.2874,0.9467
"729","306","IMPACT","area","centertogrid",6.633,5e-04
"730","306","OCCURRENCE","area","centertogrid",23.058,0
"731","306","IMPACT","area","reachedgrid",8.2267,1e-04
"732","306","OCCURRENCE","area","reachedgrid",43.366,0
"733","306","IMPACT","area","weighted",2.1497,0.0764
"734","306","OCCURRENCE","area","weighted",20.2,0
"735","306","IMPACT","area","pooling",Inf,0
"736","306","OCCURRENCE","area","pooling",Inf,0
"737","306","IMPACT","center","centertogrid",3.6228,0.0129
"738","306","OCCURRENCE","center","centertogrid",17.986,0
"739","306","IMPACT","center","reachedgrid",6.5139,5e-04
"740","306","OCCURRENCE","center","reachedgrid",26.481,0
"741","306","IMPACT","center","weighted",1.0014,0.3561
"742","306","OCCURRENCE","center","weighted",12.503,0
"743","306","IMPACT","center","pooling",Inf,0
"744","306","OCCURRENCE","center","pooling",Inf,0
"745","306","IMPACT","centertogrid","reachedgrid",0.9558,0.3811
"746","306","OCCURRENCE","centertogrid","reachedgrid",0.0777,1
"747","306","IMPACT","centertogrid","weighted",4.1011,0.0074
"748","306","OCCURRENCE","centertogrid","weighted",2.3927,0.0551
"749","306","IMPACT","centertogrid","pooling",Inf,0
"750","306","OCCURRENCE","centertogrid","pooling",Inf,0
"751","306","IMPACT","reachedgrid","weighted",9.6453,0
"752","306","OCCURRENCE","reachedgrid","weighted",3.5534,0.014
"753","306","IMPACT","reachedgrid","pooling",Inf,0
"754","306","OCCURRENCE","reachedgrid","pooling",Inf,0
"755","306","IMPACT","weighted","pooling",Inf,0
"756","306","OCCURRENCE","weighted","pooling",Inf,0
"757","307","IMPACT","classic","area",7.3939,2e-04
"758","307","OCCURRENCE","classic","area",3.8866,0.01
"759","307","IMPACT","classic","center",12.178,0
"760","307","OCCURRENCE","classic","center",3.7809,0.0107
"761","307","IMPACT","classic","centertogrid",2.8708,0.0311
"762","307","OCCURRENCE","classic","centertogrid",0.7067,0.556
"763","307","IMPACT","classic","reachedgrid",2.7747,0.0352
"764","307","OCCURRENCE","classic","reachedgrid",0.7254,0.5396
"765","307","IMPACT","classic","weighted",8.3442,1e-04
"766","307","OCCURRENCE","classic","weighted",2.0501,0.0846
"767","307","IMPACT","classic","pooling",Inf,0
"768","307","OCCURRENCE","classic","pooling",Inf,0
"769","307","IMPACT","area","center",1.4509,0.1887
"770","307","OCCURRENCE","area","center",0.2874,0.9467
"771","307","IMPACT","area","centertogrid",3.9672,0.0091
"772","307","OCCURRENCE","area","centertogrid",3.6396,0.0132
"773","307","IMPACT","area","reachedgrid",6.4399,6e-04
"774","307","OCCURRENCE","area","reachedgrid",5.1637,0.0024
"775","307","IMPACT","area","weighted",0.3192,0.9217
"776","307","OCCURRENCE","area","weighted",1.1357,0.2931
"777","307","IMPACT","area","pooling",Inf,0
"778","307","OCCURRENCE","area","pooling",Inf,0
"779","307","IMPACT","center","centertogrid",4.7245,0.0037
"780","307","OCCURRENCE","center","centertogrid",3.963,0.0088
"781","307","IMPACT","center","reachedgrid",8.7932,0
"782","307","OCCURRENCE","center","reachedgrid",5.4194,0.0017
"783","307","IMPACT","center","weighted",0.6138,0.6395
"784","307","OCCURRENCE","center","weighted",0.9644,0.3764
"785","307","IMPACT","center","pooling",Inf,0
"786","307","OCCURRENCE","center","pooling",Inf,0
"787","307","IMPACT","centertogrid","reachedgrid",0.5002,0.7498
"788","307","OCCURRENCE","centertogrid","reachedgrid",0.1633,0.9983
"789","307","IMPACT","centertogrid","weighted",3.0104,0.0262
"790","307","OCCURRENCE","centertogrid","weighted",2.4325,0.0525
"791","307","IMPACT","centertogrid","pooling",Inf,0
"792","307","OCCURRENCE","centertogrid","pooling",Inf,0
"793","307","IMPACT","reachedgrid","weighted",5.3229,0.0019
"794","307","OCCURRENCE","reachedgrid","weighted",2.505,0.0485
"795","307","IMPACT","reachedgrid","pooling",Inf,0
"796","307","OCCURRENCE","reachedgrid","pooling",Inf,0
"797","307","IMPACT","weighted","pooling",Inf,0
"798","307","OCCURRENCE","weighted","pooling",Inf,0
"799","308","IMPACT","classic","area",5.7061,0.0013
"800","308","OCCURRENCE","classic","area",9.5185,0
"801","308","IMPACT","classic","center",10.412,0
"802","308","OCCURRENCE","classic","center",8.1082,1e-04
"803","308","IMPACT","classic","centertogrid",2.6926,0.0384
"804","308","OCCURRENCE","classic","centertogrid",1.5094,0.1725
"805","308","IMPACT","classic","reachedgrid",2.6081,0.043
"806","308","OCCURRENCE","classic","reachedgrid",0.5553,0.6948
"807","308","IMPACT","classic","weighted",3.6404,0.0125
"808","308","OCCURRENCE","classic","weighted",1.954,0.0955
"809","308","IMPACT","classic","pooling",Inf,0
"810","308","OCCURRENCE","classic","pooling",Inf,0
"811","308","IMPACT","area","center",1.4509,0.1887
"812","308","OCCURRENCE","area","center",0.2874,0.9467
"813","308","IMPACT","area","centertogrid",5.6671,0.0014
"814","308","OCCURRENCE","area","centertogrid",22.495,0
"815","308","IMPACT","area","reachedgrid",17.459,0
"816","308","OCCURRENCE","area","reachedgrid",23.799,0
"817","308","IMPACT","area","weighted",3.1199,0.024
"818","308","OCCURRENCE","area","weighted",18.109,0
"819","308","IMPACT","area","pooling",Inf,0
"820","308","OCCURRENCE","area","pooling",Inf,0
"821","308","IMPACT","center","centertogrid",7.6216,2e-04
"822","308","OCCURRENCE","center","centertogrid",13.963,0
"823","308","IMPACT","center","reachedgrid",14.84,0
"824","308","OCCURRENCE","center","reachedgrid",14.448,0
"825","308","IMPACT","center","weighted",4.1954,0.0067
"826","308","OCCURRENCE","center","weighted",9.4625,0
"827","308","IMPACT","center","pooling",Inf,0
"828","308","OCCURRENCE","center","pooling",Inf,0
"829","308","IMPACT","centertogrid","reachedgrid",0.8114,0.4737
"830","308","OCCURRENCE","centertogrid","reachedgrid",0.8497,0.4472
"831","308","IMPACT","centertogrid","weighted",2.6242,0.0415
"832","308","OCCURRENCE","centertogrid","weighted",3.2028,0.0208
"833","308","IMPACT","centertogrid","pooling",Inf,0
"834","308","OCCURRENCE","centertogrid","pooling",Inf,0
"835","308","IMPACT","reachedgrid","weighted",4.9422,0.0029
"836","308","OCCURRENCE","reachedgrid","weighted",2.1145,0.0784
"837","308","IMPACT","reachedgrid","pooling",Inf,0
"838","308","OCCURRENCE","reachedgrid","pooling",Inf,0
"839","308","IMPACT","weighted","pooling",Inf,0
"840","308","OCCURRENCE","weighted","pooling",Inf,0
"841","310","IMPACT","classic","area",4.1565,0.0074
"842","310","OCCURRENCE","classic","area",48.502,0
"843","310","IMPACT","classic","center",3.6038,0.0131
"844","310","OCCURRENCE","classic","center",30.147,0
"845","310","IMPACT","classic","centertogrid",0.6098,0.643
"846","310","OCCURRENCE","classic","centertogrid",4.6,0.0042
"847","310","IMPACT","classic","reachedgrid",0.8002,0.4818
"848","310","OCCURRENCE","classic","reachedgrid",1.0734,0.3202
"849","310","IMPACT","classic","weighted",4.4397,0.0051
"850","310","OCCURRENCE","classic","weighted",2.6468,0.0404
"851","310","IMPACT","classic","pooling",Inf,0
"852","310","OCCURRENCE","classic","pooling",Inf,0
"853","310","IMPACT","area","center",1.4509,0.1887
"854","310","OCCURRENCE","area","center",0.2874,0.9467
"855","310","IMPACT","area","centertogrid",5.5973,0.0015
"856","310","OCCURRENCE","area","centertogrid",88.461,0
"857","310","IMPACT","area","reachedgrid",8.7561,0
"858","310","OCCURRENCE","area","reachedgrid",98.148,0
"859","310","IMPACT","area","weighted",3.5362,0.0148
"860","310","OCCURRENCE","area","weighted",51.905,0
"861","310","IMPACT","area","pooling",Inf,0
"862","310","OCCURRENCE","area","pooling",Inf,0
"863","310","IMPACT","center","centertogrid",4.3322,0.0058
"864","310","OCCURRENCE","center","centertogrid",45.862,0
"865","310","IMPACT","center","reachedgrid",7.6973,1e-04
"866","310","OCCURRENCE","center","reachedgrid",46.972,0
"867","310","IMPACT","center","weighted",2.7786,0.0346
"868","310","OCCURRENCE","center","weighted",24.626,0
"869","310","IMPACT","center","pooling",Inf,0
"870","310","OCCURRENCE","center","pooling",Inf,0
"871","310","IMPACT","centertogrid","reachedgrid",0.5349,0.7147
"872","310","OCCURRENCE","centertogrid","reachedgrid",2.0492,0.0851
"873","310","IMPACT","centertogrid","weighted",4.023,0.0081
"874","310","OCCURRENCE","centertogrid","weighted",8.4026,1e-04
"875","310","IMPACT","centertogrid","pooling",Inf,0
"876","310","OCCURRENCE","centertogrid","pooling",Inf,0
"877","310","IMPACT","reachedgrid","weighted",8.1477,1e-04
"878","310","OCCURRENCE","reachedgrid","weighted",4.645,0.0041
"879","310","IMPACT","reachedgrid","pooling",Inf,0
"880","310","OCCURRENCE","reachedgrid","pooling",Inf,0
"881","310","IMPACT","weighted","pooling",Inf,0
"882","310","OCCURRENCE","weighted","pooling",Inf,0
"883","311","IMPACT","classic","area",17.826,0
"884","311","OCCURRENCE","classic","area",18.11,0
"885","311","IMPACT","classic","center",5.2264,0.0021
"886","311","OCCURRENCE","classic","center",13.942,0
"887","311","IMPACT","classic","centertogrid",0.343,0.9103
"888","311","OCCURRENCE","classic","centertogrid",1.1816,0.2735
"889","311","IMPACT","classic","reachedgrid",2.7519,0.0361
"890","311","OCCURRENCE","classic","reachedgrid",0.4355,0.8178
"891","311","IMPACT","classic","weighted",5.9443,9e-04
"892","311","OCCURRENCE","classic","weighted",1.5502,0.1629
"893","311","IMPACT","classic","pooling",Inf,0
"894","311","OCCURRENCE","classic","pooling",Inf,0
"895","311","IMPACT","area","center",1.4509,0.1887
"896","311","OCCURRENCE","area","center",0.2874,0.9467
"897","311","IMPACT","area","centertogrid",21.279,0
"898","311","OCCURRENCE","area","centertogrid",30.349,0
"899","311","IMPACT","area","reachedgrid",12.215,0
"900","311","OCCURRENCE","area","reachedgrid",40.107,0
"901","311","IMPACT","area","weighted",2.3331,0.061
"902","311","OCCURRENCE","area","weighted",23.556,0
"903","311","IMPACT","area","pooling",Inf,0
"904","311","OCCURRENCE","area","pooling",Inf,0
"905","311","IMPACT","center","centertogrid",6.3299,6e-04
"906","311","OCCURRENCE","center","centertogrid",21.091,0
"907","311","IMPACT","center","reachedgrid",4.9261,0.003
"908","311","OCCURRENCE","center","reachedgrid",25.387,0
"909","311","IMPACT","center","weighted",1.4298,0.1924
"910","311","OCCURRENCE","center","weighted",12.783,0
"911","311","IMPACT","center","pooling",Inf,0
"912","311","OCCURRENCE","center","pooling",Inf,0
"913","311","IMPACT","centertogrid","reachedgrid",2.9552,0.0284
"914","311","OCCURRENCE","centertogrid","reachedgrid",0.555,0.695
"915","311","IMPACT","centertogrid","weighted",6.4298,5e-04
"916","311","OCCURRENCE","centertogrid","weighted",3.2145,0.0205
"917","311","IMPACT","centertogrid","pooling",Inf,0
"918","311","OCCURRENCE","centertogrid","pooling",Inf,0
"919","311","IMPACT","reachedgrid","weighted",10.15,0
"920","311","OCCURRENCE","reachedgrid","weighted",2.588,0.0438
"921","311","IMPACT","reachedgrid","pooling",Inf,0
"922","311","OCCURRENCE","reachedgrid","pooling",Inf,0
"923","311","IMPACT","weighted","pooling",Inf,0
"924","311","OCCURRENCE","weighted","pooling",Inf,0
"925","312","IMPACT","classic","area",5.8108,0.0012
"926","312","OCCURRENCE","classic","area",5.719,0.0013
"927","312","IMPACT","classic","center",9.9976,0
"928","312","OCCURRENCE","classic","center",6.4825,5e-04
"929","312","IMPACT","classic","centertogrid",2.3216,0.0601
"930","312","OCCURRENCE","classic","centertogrid",2.1016,0.0792
"931","312","IMPACT","classic","reachedgrid",2.3977,0.0553
"932","312","OCCURRENCE","classic","reachedgrid",1.7263,0.1291
"933","312","IMPACT","classic","weighted",2.9678,0.0274
"934","312","OCCURRENCE","classic","weighted",1.8475,0.1096
"935","312","IMPACT","classic","pooling",Inf,0
"936","312","OCCURRENCE","classic","pooling",Inf,0
"937","312","IMPACT","area","center",1.4509,0.1887
"938","312","OCCURRENCE","area","center",0.2874,0.9467
"939","312","IMPACT","area","centertogrid",4.8368,0.0035
"940","312","OCCURRENCE","area","centertogrid",17.328,0
"941","312","IMPACT","area","reachedgrid",12.884,0
"942","312","OCCURRENCE","area","reachedgrid",22.08,0
"943","312","IMPACT","area","weighted",5.476,0.0017
"944","312","OCCURRENCE","area","weighted",11.88,0
"945","312","IMPACT","area","pooling",Inf,0
"946","312","OCCURRENCE","area","pooling",Inf,0
"947","312","IMPACT","center","centertogrid",7.1047,3e-04
"948","312","OCCURRENCE","center","centertogrid",13,0
"949","312","IMPACT","center","reachedgrid",12.543,0
"950","312","OCCURRENCE","center","reachedgrid",14.951,0
"951","312","IMPACT","center","weighted",6.2256,7e-04
"952","312","OCCURRENCE","center","weighted",7.2427,2e-04
"953","312","IMPACT","center","pooling",Inf,0
"954","312","OCCURRENCE","center","pooling",Inf,0
"955","312","IMPACT","centertogrid","reachedgrid",0.8962,0.4168
"956","312","OCCURRENCE","centertogrid","reachedgrid",0.2908,0.9506
"957","312","IMPACT","centertogrid","weighted",2.1852,0.0711
"958","312","OCCURRENCE","centertogrid","weighted",3.1911,0.021
"959","312","IMPACT","centertogrid","pooling",Inf,0
"960","312","OCCURRENCE","centertogrid","pooling",Inf,0
"961","312","IMPACT","reachedgrid","weighted",3.335,0.0181
"962","312","OCCURRENCE","reachedgrid","weighted",2.7761,0.0349
"963","312","IMPACT","reachedgrid","pooling",Inf,0
"964","312","OCCURRENCE","reachedgrid","pooling",Inf,0
"965","312","IMPACT","weighted","pooling",Inf,0
"966","312","OCCURRENCE","weighted","pooling",Inf,0
"967","313","IMPACT","classic","area",8.4262,1e-04
"968","313","OCCURRENCE","classic","area",3.9059,0.0098
"969","313","IMPACT","classic","center",3.6692,0.0122
"970","313","OCCURRENCE","classic","center",3.9298,0.0091
"971","313","IMPACT","classic","centertogrid",0.483,0.7706
"972","313","OCCURRENCE","classic","centertogrid",3.3873,0.0169
"973","313","IMPACT","classic","reachedgrid",1.9746,0.0939
"974","313","OCCURRENCE","classic","reachedgrid",2.9325,0.0291
"975","313","IMPACT","classic","weighted",5.4643,0.0016
"976","313","OCCURRENCE","classic","weighted",5.9497,9e-04
"977","313","IMPACT","classic","pooling",Inf,0
"978","313","OCCURRENCE","classic","pooling",Inf,0
"979","313","IMPACT","area","center",1.4509,0.1887
"980","313","OCCURRENCE","area","center",0.2874,0.9467
"981","313","IMPACT","area","centertogrid",5.0327,0.0028
"982","313","OCCURRENCE","area","centertogrid",8.8359,0
"983","313","IMPACT","area","reachedgrid",7.0452,3e-04
"984","313","OCCURRENCE","area","reachedgrid",11.972,0
"985","313","IMPACT","area","weighted",0.8748,0.4295
"986","313","OCCURRENCE","area","weighted",5.2733,0.0021
"987","313","IMPACT","area","pooling",Inf,0
"988","313","OCCURRENCE","area","pooling",Inf,0
"989","313","IMPACT","center","centertogrid",3.1937,0.0212
"990","313","OCCURRENCE","center","centertogrid",6.81,3e-04
"991","313","IMPACT","center","reachedgrid",6.2558,7e-04
"992","313","OCCURRENCE","center","reachedgrid",8.3458,1e-04
"993","313","IMPACT","center","weighted",1.0585,0.3272
"994","313","OCCURRENCE","center","weighted",3.1273,0.0228
"995","313","IMPACT","center","pooling",Inf,0
"996","313","OCCURRENCE","center","pooling",Inf,0
"997","313","IMPACT","centertogrid","reachedgrid",0.5522,0.697
"998","313","OCCURRENCE","centertogrid","reachedgrid",0.34,0.9107
"999","313","IMPACT","centertogrid","weighted",4.267,0.0062
"1000","313","OCCURRENCE","centertogrid","weighted",3.1083,0.0233
"1001","313","IMPACT","centertogrid","pooling",Inf,0
"1002","313","OCCURRENCE","centertogrid","pooling",Inf,0
"1003","313","IMPACT","reachedgrid","weighted",8.8093,0
"1004","313","OCCURRENCE","reachedgrid","weighted",4.4271,0.0052
"1005","313","IMPACT","reachedgrid","pooling",Inf,0
"1006","313","OCCURRENCE","reachedgrid","pooling",Inf,0
"1007","313","IMPACT","weighted","pooling",Inf,0
"1008","313","OCCURRENCE","weighted","pooling",Inf,0
"1009","314","IMPACT","classic","area",11.759,0
"1010","314","OCCURRENCE","classic","area",5.4156,0.0018
"1011","314","IMPACT","classic","center",17.668,0
"1012","314","OCCURRENCE","classic","center",6.1324,7e-04
"1013","314","IMPACT","classic","centertogrid",2.2277,0.0676
"1014","314","OCCURRENCE","classic","centertogrid",1.0354,0.3385
"1015","314","IMPACT","classic","reachedgrid",2.5861,0.0441
"1016","314","OCCURRENCE","classic","reachedgrid",1.6346,0.1459
"1017","314","IMPACT","classic","weighted",4.9079,0.0029
"1018","314","OCCURRENCE","classic","weighted",3.7756,0.0107
"1019","314","IMPACT","classic","pooling",Inf,0
"1020","314","OCCURRENCE","classic","pooling",Inf,0
"1021","314","IMPACT","area","center",1.4509,0.1887
"1022","314","OCCURRENCE","area","center",0.2874,0.9467
"1023","314","IMPACT","area","centertogrid",4.2746,0.0065
"1024","314","OCCURRENCE","area","centertogrid",7.5571,2e-04
"1025","314","IMPACT","area","reachedgrid",12.214,0
"1026","314","OCCURRENCE","area","reachedgrid",8.987,0
"1027","314","IMPACT","area","weighted",5.2274,0.0022
"1028","314","OCCURRENCE","area","weighted",2.2104,0.0709
"1029","314","IMPACT","area","pooling",Inf,0
"1030","314","OCCURRENCE","area","pooling",Inf,0
"1031","314","IMPACT","center","centertogrid",8.1527,1e-04
"1032","314","OCCURRENCE","center","centertogrid",7.6053,2e-04
"1033","314","IMPACT","center","reachedgrid",14.744,0
"1034","314","OCCURRENCE","center","reachedgrid",7.867,1e-04
"1035","314","IMPACT","center","weighted",5.4753,0.0016
"1036","314","OCCURRENCE","center","weighted",1.6944,0.1343
"1037","314","IMPACT","center","pooling",Inf,0
"1038","314","OCCURRENCE","center","pooling",Inf,0
"1039","314","IMPACT","centertogrid","reachedgrid",0.2769,0.9587
"1040","314","OCCURRENCE","centertogrid","reachedgrid",0.5323,0.7183
"1041","314","IMPACT","centertogrid","weighted",1.8177,0.1139
"1042","314","OCCURRENCE","centertogrid","weighted",4.4792,0.0048
"1043","314","IMPACT","centertogrid","pooling",Inf,0
"1044","314","OCCURRENCE","centertogrid","pooling",Inf,0
"1045","314","IMPACT","reachedgrid","weighted",2.5571,0.0456
"1046","314","OCCURRENCE","reachedgrid","weighted",3.8302,0.0102
"1047","314","IMPACT","reachedgrid","pooling",Inf,0
"1048","314","OCCURRENCE","reachedgrid","pooling",Inf,0
"1049","314","IMPACT","weighted","pooling",Inf,0
"1050","314","OCCURRENCE","weighted","pooling",Inf,0
"1051","315","IMPACT","classic","area",9.9662,0
"1052","315","OCCURRENCE","classic","area",18.276,0
"1053","315","IMPACT","classic","center",15.765,0
"1054","315","OCCURRENCE","classic","center",15.924,0
"1055","315","IMPACT","classic","centertogrid",1.0257,0.3434
"1056","315","OCCURRENCE","classic","centertogrid",2.0094,0.0892
"1057","315","IMPACT","classic","reachedgrid",1.9571,0.0961
"1058","315","OCCURRENCE","classic","reachedgrid",0.7254,0.5398
"1059","315","IMPACT","classic","weighted",7.3882,2e-04
"1060","315","OCCURRENCE","classic","weighted",2.8306,0.0324
"1061","315","IMPACT","classic","pooling",Inf,0
"1062","315","OCCURRENCE","classic","pooling",Inf,0
"1063","315","IMPACT","area","center",1.4509,0.1887
"1064","315","OCCURRENCE","area","center",0.2874,0.9467
"1065","315","IMPACT","area","centertogrid",5.3704,0.0019
"1066","315","OCCURRENCE","area","centertogrid",35.951,0
"1067","315","IMPACT","area","reachedgrid",11.553,0
"1068","315","OCCURRENCE","area","reachedgrid",44.15,0
"1069","315","IMPACT","area","weighted",1.3582,0.2144
"1070","315","OCCURRENCE","area","weighted",14.057,0
"1071","315","IMPACT","area","pooling",Inf,0
"1072","315","OCCURRENCE","area","pooling",Inf,0
"1073","315","IMPACT","center","centertogrid",9.8467,0
"1074","315","OCCURRENCE","center","centertogrid",23.678,0
"1075","315","IMPACT","center","reachedgrid",15.169,0
"1076","315","OCCURRENCE","center","reachedgrid",26.977,0
"1077","315","IMPACT","center","weighted",2.281,0.0633
"1078","315","OCCURRENCE","center","weighted",8.2251,1e-04
"1079","315","IMPACT","center","pooling",Inf,0
"1080","315","OCCURRENCE","center","pooling",Inf,0
"1081","315","IMPACT","centertogrid","reachedgrid",0.5138,0.7359
"1082","315","OCCURRENCE","centertogrid","reachedgrid",1.0423,0.3352
"1083","315","IMPACT","centertogrid","weighted",4.0122,0.0082
"1084","315","OCCURRENCE","centertogrid","weighted",6.7775,4e-04
"1085","315","IMPACT","centertogrid","pooling",Inf,0
"1086","315","OCCURRENCE","centertogrid","pooling",Inf,0
"1087","315","IMPACT","reachedgrid","weighted",5.9467,0.001
"1088","315","OCCURRENCE","reachedgrid","weighted",5.0432,0.0026
"1089","315","IMPACT","reachedgrid","pooling",Inf,0
"1090","315","OCCURRENCE","reachedgrid","pooling",Inf,0
"1091","315","IMPACT","weighted","pooling",Inf,0
"1092","315","OCCURRENCE","weighted","pooling",Inf,0
"1093","316","IMPACT","classic","area",14.535,0
"1094","316","OCCURRENCE","classic","area",5.4421,0.0018
"1095","316","IMPACT","classic","center",4.9964,0.0027
"1096","316","OCCURRENCE","classic","center",6.3987,5e-04
"1097","316","IMPACT","classic","centertogrid",0.9581,0.3799
"1098","316","OCCURRENCE","classic","centertogrid",2.1204,0.0774
"1099","316","IMPACT","classic","reachedgrid",2.6757,0.0395
"1100","316","OCCURRENCE","classic","reachedgrid",1.7892,0.1189
"1101","316","IMPACT","classic","weighted",4.9967,0.0027
"1102","316","OCCURRENCE","classic","weighted",4.0278,0.008
"1103","316","IMPACT","classic","pooling",Inf,0
"1104","316","OCCURRENCE","classic","pooling",Inf,0
"1105","316","IMPACT","area","center",1.4509,0.1887
"1106","316","OCCURRENCE","area","center",0.2874,0.9467
"1107","316","IMPACT","area","centertogrid",10.869,0
"1108","316","OCCURRENCE","area","centertogrid",15.825,0
"1109","316","IMPACT","area","reachedgrid",9.0738,0
"1110","316","OCCURRENCE","area","reachedgrid",21.64,0
"1111","316","IMPACT","area","weighted",2.344,0.0602
"1112","316","OCCURRENCE","area","weighted",18.821,0
"1113","316","IMPACT","area","pooling",Inf,0
"1114","316","OCCURRENCE","area","pooling",Inf,0
"1115","316","IMPACT","center","centertogrid",3.8612,0.0098
"1116","316","OCCURRENCE","center","centertogrid",11.983,0
"1117","316","IMPACT","center","reachedgrid",4.6537,0.0041
"1118","316","OCCURRENCE","center","reachedgrid",14.301,0
"1119","316","IMPACT","center","weighted",1.2401,0.2513
"1120","316","OCCURRENCE","center","weighted",10.875,0
"1121","316","IMPACT","center","pooling",Inf,0
"1122","316","OCCURRENCE","center","pooling",Inf,0
"1123","316","IMPACT","centertogrid","reachedgrid",1.1635,0.281
"1124","316","OCCURRENCE","centertogrid","reachedgrid",0.1109,1
"1125","316","IMPACT","centertogrid","weighted",3.8859,0.0094
"1126","316","OCCURRENCE","centertogrid","weighted",1.958,0.095
"1127","316","IMPACT","centertogrid","pooling",Inf,0
"1128","316","OCCURRENCE","centertogrid","pooling",Inf,0
"1129","316","IMPACT","reachedgrid","weighted",7.2791,2e-04
"1130","316","OCCURRENCE","reachedgrid","weighted",2.0888,0.0809
"1131","316","IMPACT","reachedgrid","pooling",Inf,0
"1132","316","OCCURRENCE","reachedgrid","pooling",Inf,0
"1133","316","IMPACT","weighted","pooling",Inf,0
"1134","316","OCCURRENCE","weighted","pooling",Inf,0
"1135","318","IMPACT","classic","area",8.3628,1e-04
"1136","318","OCCURRENCE","classic","area",3.5668,0.0143
"1137","318","IMPACT","classic","center",6.0207,9e-04
"1138","318","OCCURRENCE","classic","center",2.7021,0.038
"1139","318","IMPACT","classic","centertogrid",2.8735,0.0308
"1140","318","OCCURRENCE","classic","centertogrid",3.1398,0.0225
"1141","318","IMPACT","classic","reachedgrid",3.0943,0.024
"1142","318","OCCURRENCE","classic","reachedgrid",3.32,0.0184
"1143","318","IMPACT","classic","weighted",9.4014,0
"1144","318","OCCURRENCE","classic","weighted",3.2876,0.0188
"1145","318","IMPACT","classic","pooling",Inf,0
"1146","318","OCCURRENCE","classic","pooling",Inf,0
"1147","318","IMPACT","area","center",1.4509,0.1887
"1148","318","OCCURRENCE","area","center",0.2874,0.9467
"1149","318","IMPACT","area","centertogrid",9.0748,0
"1150","318","OCCURRENCE","area","centertogrid",6.339,6e-04
"1151","318","IMPACT","area","reachedgrid",8.1476,1e-04
"1152","318","OCCURRENCE","area","reachedgrid",9.4897,0
"1153","318","IMPACT","area","weighted",4.9045,0.0032
"1154","318","OCCURRENCE","area","weighted",4.5133,0.005
"1155","318","IMPACT","area","pooling",Inf,0
"1156","318","OCCURRENCE","area","pooling",Inf,0
"1157","318","IMPACT","center","centertogrid",3.3131,0.0184
"1158","318","OCCURRENCE","center","centertogrid",6.0162,9e-04
"1159","318","IMPACT","center","reachedgrid",4.9853,0.0028
"1160","318","OCCURRENCE","center","reachedgrid",7.637,2e-04
"1161","318","IMPACT","center","weighted",1.5146,0.1712
"1162","318","OCCURRENCE","center","weighted",3.1384,0.0225
"1163","318","IMPACT","center","pooling",Inf,0
"1164","318","OCCURRENCE","center","pooling",Inf,0
"1165","318","IMPACT","centertogrid","reachedgrid",1.2358,0.2533
"1166","318","OCCURRENCE","centertogrid","reachedgrid",0.098,1
"1167","318","IMPACT","centertogrid","weighted",4.1993,0.0066
"1168","318","OCCURRENCE","centertogrid","weighted",1.6841,0.1359
"1169","318","IMPACT","centertogrid","pooling",Inf,0
"1170","318","OCCURRENCE","centertogrid","pooling",Inf,0
"1171","318","IMPACT","reachedgrid","weighted",10.061,0
"1172","318","OCCURRENCE","reachedgrid","weighted",1.9569,0.0957
"1173","318","IMPACT","reachedgrid","pooling",Inf,0
"1174","318","OCCURRENCE","reachedgrid","pooling",Inf,0
"1175","318","IMPACT","weighted","pooling",Inf,0
"1176","318","OCCURRENCE","weighted","pooling",Inf,0
"1177","320","IMPACT","classic","area",10.366,0
"1178","320","OCCURRENCE","classic","area",3.9414,0.0094
"1179","320","IMPACT","classic","center",3.4315,0.016
"1180","320","OCCURRENCE","classic","center",2.8038,0.0337
"1181","320","IMPACT","classic","centertogrid",0.162,0.9986
"1182","320","OCCURRENCE","classic","centertogrid",1.2343,0.2535
"1183","320","IMPACT","classic","reachedgrid",0.9522,0.3831
"1184","320","OCCURRENCE","classic","reachedgrid",1.2628,0.2438
"1185","320","IMPACT","classic","weighted",5.402,0.0017
"1186","320","OCCURRENCE","classic","weighted",3.1676,0.0217
"1187","320","IMPACT","classic","pooling",Inf,0
"1188","320","OCCURRENCE","classic","pooling",Inf,0
"1189","320","IMPACT","area","center",1.4509,0.1887
"1190","320","OCCURRENCE","area","center",0.2874,0.9467
"1191","320","IMPACT","area","centertogrid",10.281,0
"1192","320","OCCURRENCE","area","centertogrid",2.8707,0.0321
"1193","320","IMPACT","area","reachedgrid",10.51,0
"1194","320","OCCURRENCE","area","reachedgrid",4.4846,0.0051
"1195","320","IMPACT","area","weighted",5.5882,0.0015
"1196","320","OCCURRENCE","area","weighted",3.9185,0.0096
"1197","320","IMPACT","area","pooling",Inf,0
"1198","320","OCCURRENCE","area","pooling",Inf,0
"1199","320","IMPACT","center","centertogrid",3.6376,0.0126
"1200","320","OCCURRENCE","center","centertogrid",2.6988,0.0382
"1201","320","IMPACT","center","reachedgrid",4.7981,0.0035
"1202","320","OCCURRENCE","center","reachedgrid",3.6526,0.0126
"1203","320","IMPACT","center","weighted",2.4656,0.0505
"1204","320","OCCURRENCE","center","weighted",2.5624,0.0449
"1205","320","IMPACT","center","pooling",Inf,0
"1206","320","OCCURRENCE","center","pooling",Inf,0
"1207","320","IMPACT","centertogrid","reachedgrid",0.8542,0.444
"1208","320","OCCURRENCE","centertogrid","reachedgrid",0.0276,1
"1209","320","IMPACT","centertogrid","weighted",5.4154,0.0017
"1210","320","OCCURRENCE","centertogrid","weighted",1.3927,0.2025
"1211","320","IMPACT","centertogrid","pooling",Inf,0
"1212","320","OCCURRENCE","centertogrid","pooling",Inf,0
"1213","320","IMPACT","reachedgrid","weighted",11.697,0
"1214","320","OCCURRENCE","reachedgrid","weighted",1.7468,0.1258
"1215","320","IMPACT","reachedgrid","pooling",Inf,0
"1216","320","OCCURRENCE","reachedgrid","pooling",Inf,0
"1217","320","IMPACT","weighted","pooling",Inf,0
"1218","320","OCCURRENCE","weighted","pooling",Inf,0
"1219","321","IMPACT","classic","area",6.6291,5e-04
"1220","321","OCCURRENCE","classic","area",6.6359,5e-04
"1221","321","IMPACT","classic","center",11.882,0
"1222","321","OCCURRENCE","classic","center",3.4949,0.0149
"1223","321","IMPACT","classic","centertogrid",4.1097,0.0074
"1224","321","OCCURRENCE","classic","centertogrid",2.0731,0.0823
"1225","321","IMPACT","classic","reachedgrid",2.0573,0.0845
"1226","321","OCCURRENCE","classic","reachedgrid",1.1544,0.2847
"1227","321","IMPACT","classic","weighted",9.2601,0
"1228","321","OCCURRENCE","classic","weighted",5.1656,0.0022
"1229","321","IMPACT","classic","pooling",Inf,0
"1230","321","OCCURRENCE","classic","pooling",Inf,0
"1231","321","IMPACT","area","center",1.4509,0.1887
"1232","321","OCCURRENCE","area","center",0.2874,0.9467
"1233","321","IMPACT","area","centertogrid",4.0186,0.0086
"1234","321","OCCURRENCE","area","centertogrid",5.6487,0.0014
"1235","321","IMPACT","area","reachedgrid",6.6677,4e-04
"1236","321","OCCURRENCE","area","reachedgrid",5.9109,0.001
"1237","321","IMPACT","area","weighted",0.5548,0.6898
"1238","321","OCCURRENCE","area","weighted",2.2428,0.0681
"1239","321","IMPACT","area","pooling",Inf,0
"1240","321","OCCURRENCE","area","pooling",Inf,0
"1241","321","IMPACT","center","centertogrid",4.6703,0.0039
"1242","321","OCCURRENCE","center","centertogrid",2.3953,0.0552
"1243","321","IMPACT","center","reachedgrid",10.104,0
"1244","321","OCCURRENCE","center","reachedgrid",2.4963,0.0491
"1245","321","IMPACT","center","weighted",0.9186,0.4032
"1246","321","OCCURRENCE","center","weighted",1.7335,0.1275
"1247","321","IMPACT","center","pooling",Inf,0
"1248","321","OCCURRENCE","center","pooling",Inf,0
"1249","321","IMPACT","centertogrid","reachedgrid",1.1354,0.2927
"1250","321","OCCURRENCE","centertogrid","reachedgrid",0.5457,0.7042
"1251","321","IMPACT","centertogrid","weighted",4.275,0.0061
"1252","321","OCCURRENCE","centertogrid","weighted",3.5025,0.0147
"1253","321","IMPACT","centertogrid","pooling",Inf,0
"1254","321","OCCURRENCE","centertogrid","pooling",Inf,0
"1255","321","IMPACT","reachedgrid","weighted",8.6064,1e-04
"1256","321","OCCURRENCE","reachedgrid","weighted",5.4091,0.0017
"1257","321","IMPACT","reachedgrid","pooling",Inf,0
"1258","321","OCCURRENCE","reachedgrid","pooling",Inf,0
"1259","321","IMPACT","weighted","pooling",Inf,0
"1260","321","OCCURRENCE","weighted","pooling",Inf,0
"1261","324","IMPACT","classic","area",8.7883,0
"1262","324","OCCURRENCE","classic","area",2.9548,0.0291
"1263","324","IMPACT","classic","center",6.2633,6e-04
"1264","324","OCCURRENCE","classic","center",3.8303,0.0101
"1265","324","IMPACT","classic","centertogrid",1.3755,0.2072
"1266","324","OCCURRENCE","classic","centertogrid",0.7505,0.5211
"1267","324","IMPACT","classic","reachedgrid",3.5976,0.0133
"1268","324","OCCURRENCE","classic","reachedgrid",1.2786,0.238
"1269","324","IMPACT","classic","weighted",5.5431,0.0014
"1270","324","OCCURRENCE","classic","weighted",1.9468,0.0962
"1271","324","IMPACT","classic","pooling",Inf,0
"1272","324","OCCURRENCE","classic","pooling",Inf,0
"1273","324","IMPACT","area","center",1.4509,0.1887
"1274","324","OCCURRENCE","area","center",0.2874,0.9467
"1275","324","IMPACT","area","centertogrid",3.0475,0.0261
"1276","324","OCCURRENCE","area","centertogrid",5.0929,0.0026
"1277","324","IMPACT","area","reachedgrid",5.6275,0.0014
"1278","324","OCCURRENCE","area","reachedgrid",8.6348,1e-04
"1279","324","IMPACT","area","weighted",2.5473,0.0472
"1280","324","OCCURRENCE","area","weighted",3.4028,0.0173
"1281","324","IMPACT","area","pooling",Inf,0
"1282","324","OCCURRENCE","area","pooling",Inf,0
"1283","324","IMPACT","center","centertogrid",3.1233,0.0229
"1284","324","OCCURRENCE","center","centertogrid",5.3129,0.0019
"1285","324","IMPACT","center","reachedgrid",6.4653,5e-04
"1286","324","OCCURRENCE","center","reachedgrid",7.9209,1e-04
"1287","324","IMPACT","center","weighted",1.4802,0.1794
"1288","324","OCCURRENCE","center","weighted",2.1572,0.0739
"1289","324","IMPACT","center","pooling",Inf,0
"1290","324","OCCURRENCE","center","pooling",Inf,0
"1291","324","IMPACT","centertogrid","reachedgrid",0.6064,0.6449
"1292","324","OCCURRENCE","centertogrid","reachedgrid",0.0798,1
"1293","324","IMPACT","centertogrid","weighted",3.6523,0.0122
"1294","324","OCCURRENCE","centertogrid","weighted",1.6891,0.1348
"1295","324","IMPACT","centertogrid","pooling",Inf,0
"1296","324","OCCURRENCE","centertogrid","pooling",Inf,0
"1297","324","IMPACT","reachedgrid","weighted",8.23,1e-04
"1298","324","OCCURRENCE","reachedgrid","weighted",2.271,0.0643
"1299","324","IMPACT","reachedgrid","pooling",Inf,0
"1300","324","OCCURRENCE","reachedgrid","pooling",Inf,0
"1301","324","IMPACT","weighted","pooling",Inf,0
"1302","324","OCCURRENCE","weighted","pooling",Inf,0
"1303","326","IMPACT","classic","area",7.8604,1e-04
"1304","326","OCCURRENCE","classic","area",13.319,0
"1305","326","IMPACT","classic","center",12.503,0
"1306","326","OCCURRENCE","classic","center",5.9095,0.001
"1307","326","IMPACT","classic","centertogrid",1.4235,0.1942
"1308","326","OCCURRENCE","classic","centertogrid",1.2498,0.2479
"1309","326","IMPACT","classic","reachedgrid",2.7375,0.0368
"1310","326","OCCURRENCE","classic","reachedgrid",1.9624,0.0953
"1311","326","IMPACT","classic","weighted",3.9725,0.0086
"1312","326","OCCURRENCE","classic","weighted",5.0309,0.0026
"1313","326","IMPACT","classic","pooling",Inf,0
"1314","326","OCCURRENCE","classic","pooling",Inf,0
"1315","326","IMPACT","area","center",1.4509,0.1887
"1316","326","OCCURRENCE","area","center",0.2874,0.9467
"1317","326","IMPACT","area","centertogrid",3.9747,0.0091
"1318","326","OCCURRENCE","area","centertogrid",9.0915,0
"1319","326","IMPACT","area","reachedgrid",10.229,0
"1320","326","OCCURRENCE","area","reachedgrid",8.5053,1e-04
"1321","326","IMPACT","area","weighted",4.0618,0.0082
"1322","326","OCCURRENCE","area","weighted",4.9953,0.0029
"1323","326","IMPACT","area","pooling",Inf,0
"1324","326","OCCURRENCE","area","pooling",Inf,0
"1325","326","IMPACT","center","centertogrid",7.5823,2e-04
"1326","326","OCCURRENCE","center","centertogrid",3.3,0.0187
"1327","326","IMPACT","center","reachedgrid",13.274,0
"1328","326","OCCURRENCE","center","reachedgrid",2.5531,0.0458
"1329","326","IMPACT","center","weighted",5.0902,0.0024
"1330","326","OCCURRENCE","center","weighted",3.1687,0.0217
"1331","326","IMPACT","center","pooling",Inf,0
"1332","326","OCCURRENCE","center","pooling",Inf,0
"1333","326","IMPACT","centertogrid","reachedgrid",0.4852,0.7655
"1334","326","OCCURRENCE","centertogrid","reachedgrid",0.5364,0.7134
"1335","326","IMPACT","centertogrid","weighted",1.7588,0.1232
"1336","326","OCCURRENCE","centertogrid","weighted",2.8114,0.0332
"1337","326","IMPACT","centertogrid","pooling",Inf,0
"1338","326","OCCURRENCE","centertogrid","pooling",Inf,0
"1339","326","IMPACT","reachedgrid","weighted",2.067,0.0835
"1340","326","OCCURRENCE","reachedgrid","weighted",6.0102,9e-04
"1341","326","IMPACT","reachedgrid","pooling",Inf,0
"1342","326","OCCURRENCE","reachedgrid","pooling",Inf,0
"1343","326","IMPACT","weighted","pooling",Inf,0
"1344","326","OCCURRENCE","weighted","pooling",Inf,0
"1345","327","IMPACT","classic","area",14.126,0
"1346","327","OCCURRENCE","classic","area",5.7172,0.0013
"1347","327","IMPACT","classic","center",21.679,0
"1348","327","OCCURRENCE","classic","center",5.0108,0.0027
"1349","327","IMPACT","classic","centertogrid",1.9732,0.0933
"1350","327","OCCURRENCE","classic","centertogrid",3.4208,0.0162
"1351","327","IMPACT","classic","reachedgrid",5.7242,0.0012
"1352","327","OCCURRENCE","classic","reachedgrid",4.7714,0.0035
"1353","327","IMPACT","classic","weighted",8.4015,1e-04
"1354","327","OCCURRENCE","classic","weighted",5.0276,0.0026
"1355","327","IMPACT","classic","pooling",Inf,0
"1356","327","OCCURRENCE","classic","pooling",Inf,0
"1357","327","IMPACT","area","center",1.4509,0.1887
"1358","327","OCCURRENCE","area","center",0.2874,0.9467
"1359","327","IMPACT","area","centertogrid",8.6574,1e-04
"1360","327","OCCURRENCE","area","centertogrid",7.4734,2e-04
"1361","327","IMPACT","area","reachedgrid",10.355,0
"1362","327","OCCURRENCE","area","reachedgrid",13.833,0
"1363","327","IMPACT","area","weighted",3.5401,0.0148
"1364","327","OCCURRENCE","area","weighted",8.0463,1e-04
"1365","327","IMPACT","area","pooling",Inf,0
"1366","327","OCCURRENCE","area","pooling",Inf,0
"1367","327","IMPACT","center","centertogrid",14.517,0
"1368","327","OCCURRENCE","center","centertogrid",8.6879,0
"1369","327","IMPACT","center","reachedgrid",13.099,0
"1370","327","OCCURRENCE","center","reachedgrid",12.202,0
"1371","327","IMPACT","center","weighted",4.6482,0.004
"1372","327","OCCURRENCE","center","weighted",5.4627,0.0016
"1373","327","IMPACT","center","pooling",Inf,0
"1374","327","OCCURRENCE","center","pooling",Inf,0
"1375","327","IMPACT","centertogrid","reachedgrid",2.6017,0.0433
"1376","327","OCCURRENCE","centertogrid","reachedgrid",1.1957,0.2682
"1377","327","IMPACT","centertogrid","weighted",4.6107,0.0042
"1378","327","OCCURRENCE","centertogrid","weighted",2.9493,0.0281
"1379","327","IMPACT","centertogrid","pooling",Inf,0
"1380","327","OCCURRENCE","centertogrid","pooling",Inf,0
"1381","327","IMPACT","reachedgrid","weighted",2.5031,0.0487
"1382","327","OCCURRENCE","reachedgrid","weighted",1.9585,0.0956
"1383","327","IMPACT","reachedgrid","pooling",Inf,0
"1384","327","OCCURRENCE","reachedgrid","pooling",Inf,0
"1385","327","IMPACT","weighted","pooling",Inf,0
"1386","327","OCCURRENCE","weighted","pooling",Inf,0
"1387","328","IMPACT","classic","area",8.4565,1e-04
"1388","328","OCCURRENCE","classic","area",3.4718,0.0159
"1389","328","IMPACT","classic","center",14.342,0
"1390","328","OCCURRENCE","classic","center",2.9037,0.0298
"1391","328","IMPACT","classic","centertogrid",3.7334,0.0113
"1392","328","OCCURRENCE","classic","centertogrid",3.0334,0.0255
"1393","328","IMPACT","classic","reachedgrid",4.1835,0.0069
"1394","328","OCCURRENCE","classic","reachedgrid",2.0275,0.0876
"1395","328","IMPACT","classic","weighted",10.24,0
"1396","328","OCCURRENCE","classic","weighted",3.389,0.0167
"1397","328","IMPACT","classic","pooling",Inf,0
"1398","328","OCCURRENCE","classic","pooling",Inf,0
"1399","328","IMPACT","area","center",1.4509,0.1887
"1400","328","OCCURRENCE","area","center",0.2874,0.9467
"1401","328","IMPACT","area","centertogrid",3.4407,0.0165
"1402","328","OCCURRENCE","area","centertogrid",4.401,0.0057
"1403","328","IMPACT","area","reachedgrid",7.4431,2e-04
"1404","328","OCCURRENCE","area","reachedgrid",6.5908,5e-04
"1405","328","IMPACT","area","weighted",0.3059,0.9324
"1406","328","OCCURRENCE","area","weighted",0.9204,0.4014
"1407","328","IMPACT","area","pooling",Inf,0
"1408","328","OCCURRENCE","area","pooling",Inf,0
"1409","328","IMPACT","center","centertogrid",5.2686,0.002
"1410","328","OCCURRENCE","center","centertogrid",5.2846,0.0019
"1411","328","IMPACT","center","reachedgrid",9.9677,0
"1412","328","OCCURRENCE","center","reachedgrid",6.9945,3e-04
"1413","328","IMPACT","center","weighted",0.6973,0.5643
"1414","328","OCCURRENCE","center","weighted",0.581,0.6713
"1415","328","IMPACT","center","pooling",Inf,0
"1416","328","OCCURRENCE","center","pooling",Inf,0
"1417","328","IMPACT","centertogrid","reachedgrid",0.8842,0.4243
"1418","328","OCCURRENCE","centertogrid","reachedgrid",1.0931,0.3112
"1419","328","IMPACT","centertogrid","weighted",3.3527,0.0174
"1420","328","OCCURRENCE","centertogrid","weighted",4.9818,0.0027
"1421","328","IMPACT","centertogrid","pooling",Inf,0
"1422","328","OCCURRENCE","centertogrid","pooling",Inf,0
"1423","328","IMPACT","reachedgrid","weighted",5.5623,0.0015
"1424","328","OCCURRENCE","reachedgrid","weighted",7.0575,3e-04
"1425","328","IMPACT","reachedgrid","pooling",Inf,0
"1426","328","OCCURRENCE","reachedgrid","pooling",Inf,0
"1427","328","IMPACT","weighted","pooling",Inf,0
"1428","328","OCCURRENCE","weighted","pooling",Inf,0
"1429","329","IMPACT","classic","area",4.7911,0.0036
"1430","329","OCCURRENCE","classic","area",4.1608,0.0074
"1431","329","IMPACT","classic","center",7.5989,2e-04
"1432","329","OCCURRENCE","classic","center",4.6569,0.004
"1433","329","IMPACT","classic","centertogrid",0.3878,0.8687
"1434","329","OCCURRENCE","classic","centertogrid",1.0071,0.3531
"1435","329","IMPACT","classic","reachedgrid",1.2787,0.2384
"1436","329","OCCURRENCE","classic","reachedgrid",1.0648,0.3243
"1437","329","IMPACT","classic","weighted",4.416,0.0052
"1438","329","OCCURRENCE","classic","weighted",2.7483,0.0357
"1439","329","IMPACT","classic","pooling",Inf,0
"1440","329","OCCURRENCE","classic","pooling",Inf,0
"1441","329","IMPACT","area","center",1.4509,0.1887
"1442","329","OCCURRENCE","area","center",0.2874,0.9467
"1443","329","IMPACT","area","centertogrid",3.4064,0.0172
"1444","329","OCCURRENCE","area","centertogrid",7.6104,2e-04
"1445","329","IMPACT","area","reachedgrid",8.381,1e-04
"1446","329","OCCURRENCE","area","reachedgrid",10.185,0
"1447","329","IMPACT","area","weighted",7.6334,2e-04
"1448","329","OCCURRENCE","area","weighted",4.2754,0.0065
"1449","329","IMPACT","area","pooling",Inf,0
"1450","329","OCCURRENCE","area","pooling",Inf,0
"1451","329","IMPACT","center","centertogrid",6.7176,4e-04
"1452","329","OCCURRENCE","center","centertogrid",7.328,2e-04
"1453","329","IMPACT","center","reachedgrid",12.006,0
"1454","329","OCCURRENCE","center","reachedgrid",9.2388,0
"1455","329","IMPACT","center","weighted",8.2858,1e-04
"1456","329","OCCURRENCE","center","weighted",2.7716,0.0348
"1457","329","IMPACT","center","pooling",Inf,0
"1458","329","OCCURRENCE","center","pooling",Inf,0
"1459","329","IMPACT","centertogrid","reachedgrid",0.161,0.9984
"1460","329","OCCURRENCE","centertogrid","reachedgrid",0.1618,0.9985
"1461","329","IMPACT","centertogrid","weighted",2.1729,0.0723
"1462","329","OCCURRENCE","centertogrid","weighted",2.3426,0.0585
"1463","329","IMPACT","centertogrid","pooling",Inf,0
"1464","329","OCCURRENCE","centertogrid","pooling",Inf,0
"1465","329","IMPACT","reachedgrid","weighted",1.5255,0.1693
"1466","329","OCCURRENCE","reachedgrid","weighted",2.9212,0.0294
"1467","329","IMPACT","reachedgrid","pooling",Inf,0
"1468","329","OCCURRENCE","reachedgrid","pooling",Inf,0
"1469","329","IMPACT","weighted","pooling",Inf,0
"1470","329","OCCURRENCE","weighted","pooling",Inf,0
"1471","330","IMPACT","classic","area",16.274,0
"1472","330","OCCURRENCE","classic","area",3.5352,0.0148
"1473","330","IMPACT","classic","center",5.1112,0.0024
"1474","330","OCCURRENCE","classic","center",4.0699,0.0077
"1475","330","IMPACT","classic","centertogrid",0.3196,0.9306
"1476","330","OCCURRENCE","classic","centertogrid",2.8142,0.0331
"1477","330","IMPACT","classic","reachedgrid",1.4629,0.1844
"1478","330","OCCURRENCE","classic","reachedgrid",4.4063,0.0054
"1479","330","IMPACT","classic","weighted",7.892,1e-04
"1480","330","OCCURRENCE","classic","weighted",1.7688,0.1215
"1481","330","IMPACT","classic","pooling",Inf,0
"1482","330","OCCURRENCE","classic","pooling",Inf,0
"1483","330","IMPACT","area","center",1.4509,0.1887
"1484","330","OCCURRENCE","area","center",0.2874,0.9467
"1485","330","IMPACT","area","centertogrid",17.255,0
"1486","330","OCCURRENCE","area","centertogrid",14.431,0
"1487","330","IMPACT","area","reachedgrid",13.765,0
"1488","330","OCCURRENCE","area","reachedgrid",28.462,0
"1489","330","IMPACT","area","weighted",14.746,0
"1490","330","OCCURRENCE","area","weighted",8.2652,1e-04
"1491","330","IMPACT","area","pooling",Inf,0
"1492","330","OCCURRENCE","area","pooling",Inf,0
"1493","330","IMPACT","center","centertogrid",5.2826,0.002
"1494","330","OCCURRENCE","center","centertogrid",11.355,0
"1495","330","IMPACT","center","reachedgrid",4.164,0.0071
"1496","330","OCCURRENCE","center","reachedgrid",17.64,0
"1497","330","IMPACT","center","weighted",6.861,3e-04
"1498","330","OCCURRENCE","center","weighted",5.6039,0.0014
"1499","330","IMPACT","center","pooling",Inf,0
"1500","330","OCCURRENCE","center","pooling",Inf,0
"1501","330","IMPACT","centertogrid","reachedgrid",1.3487,0.216
"1502","330","OCCURRENCE","centertogrid","reachedgrid",0.0773,1
"1503","330","IMPACT","centertogrid","weighted",7.6125,2e-04
"1504","330","OCCURRENCE","centertogrid","weighted",2.8826,0.0304
"1505","330","IMPACT","centertogrid","pooling",Inf,0
"1506","330","OCCURRENCE","centertogrid","pooling",Inf,0
"1507","330","IMPACT","reachedgrid","weighted",16.564,0
"1508","330","OCCURRENCE","reachedgrid","weighted",4.2042,0.0067
"1509","330","IMPACT","reachedgrid","pooling",Inf,0
"1510","330","OCCURRENCE","reachedgrid","pooling",Inf,0
"1511","330","IMPACT","weighted","pooling",Inf,0
"1512","330","OCCURRENCE","weighted","pooling",Inf,0
"1513","331","IMPACT","classic","area",6.0739,9e-04
"1514","331","OCCURRENCE","classic","area",7.3396,2e-04
"1515","331","IMPACT","classic","center",3.8885,0.0095
"1516","331","OCCURRENCE","classic","center",8.4326,1e-04
"1517","331","IMPACT","classic","centertogrid",0.6522,0.6038
"1518","331","OCCURRENCE","classic","centertogrid",2.8539,0.0316
"1519","331","IMPACT","classic","reachedgrid",0.9265,0.3982
"1520","331","OCCURRENCE","classic","reachedgrid",3.2747,0.0194
"1521","331","IMPACT","classic","weighted",4.7845,0.0034
"1522","331","OCCURRENCE","classic","weighted",2.7053,0.0376
"1523","331","IMPACT","classic","pooling",Inf,0
"1524","331","OCCURRENCE","classic","pooling",Inf,0
"1525","331","IMPACT","area","center",1.4509,0.1887
"1526","331","OCCURRENCE","area","center",0.2874,0.9467
"1527","331","IMPACT","area","centertogrid",4.8242,0.0035
"1528","331","OCCURRENCE","area","centertogrid",17.536,0
"1529","331","IMPACT","area","reachedgrid",6.9852,3e-04
"1530","331","OCCURRENCE","area","reachedgrid",31.975,0
"1531","331","IMPACT","area","weighted",1.5085,0.1746
"1532","331","OCCURRENCE","area","weighted",8.9635,0
"1533","331","IMPACT","area","pooling",Inf,0
"1534","331","OCCURRENCE","area","pooling",Inf,0
"1535","331","IMPACT","center","centertogrid",3.0153,0.0261
"1536","331","OCCURRENCE","center","centertogrid",14.35,0
"1537","331","IMPACT","center","reachedgrid",6.0985,8e-04
"1538","331","OCCURRENCE","center","reachedgrid",21.576,0
"1539","331","IMPACT","center","weighted",0.4936,0.7602
"1540","331","OCCURRENCE","center","weighted",5.5494,0.0014
"1541","331","IMPACT","center","pooling",Inf,0
"1542","331","OCCURRENCE","center","pooling",Inf,0
"1543","331","IMPACT","centertogrid","reachedgrid",0.4074,0.8455
"1544","331","OCCURRENCE","centertogrid","reachedgrid",0.0477,1
"1545","331","IMPACT","centertogrid","weighted",3.7629,0.0108
"1546","331","OCCURRENCE","centertogrid","weighted",3.6221,0.0128
"1547","331","IMPACT","centertogrid","pooling",Inf,0
"1548","331","OCCURRENCE","centertogrid","pooling",Inf,0
"1549","331","IMPACT","reachedgrid","weighted",8.986,0
"1550","331","OCCURRENCE","reachedgrid","weighted",4.9286,0.003
"1551","331","IMPACT","reachedgrid","pooling",Inf,0
"1552","331","OCCURRENCE","reachedgrid","pooling",Inf,0
"1553","331","IMPACT","weighted","pooling",Inf,0
"1554","331","OCCURRENCE","weighted","pooling",Inf,0
"1555","333","IMPACT","classic","area",4.3666,0.0059
"1556","333","OCCURRENCE","classic","area",6.9874,3e-04
"1557","333","IMPACT","classic","center",6.7831,4e-04
"1558","333","OCCURRENCE","classic","center",7.7744,1e-04
"1559","333","IMPACT","classic","centertogrid",1.4692,0.1822
"1560","333","OCCURRENCE","classic","centertogrid",4.4027,0.0053
"1561","333","IMPACT","classic","reachedgrid",1.5544,0.1628
"1562","333","OCCURRENCE","classic","reachedgrid",4.282,0.0062
"1563","333","IMPACT","classic","weighted",6.9612,3e-04
"1564","333","OCCURRENCE","classic","weighted",3.6197,0.0128
"1565","333","IMPACT","classic","pooling",Inf,0
"1566","333","OCCURRENCE","classic","pooling",Inf,0
"1567","333","IMPACT","area","center",1.4509,0.1887
"1568","333","OCCURRENCE","area","center",0.2874,0.9467
"1569","333","IMPACT","area","centertogrid",3.5808,0.0141
"1570","333","OCCURRENCE","area","centertogrid",19.327,0
"1571","333","IMPACT","area","reachedgrid",6.0564,9e-04
"1572","333","OCCURRENCE","area","reachedgrid",29.091,0
"1573","333","IMPACT","area","weighted",0.6781,0.5762
"1574","333","OCCURRENCE","area","weighted",9.1511,0
"1575","333","IMPACT","area","pooling",Inf,0
"1576","333","OCCURRENCE","area","pooling",Inf,0
"1577","333","IMPACT","center","centertogrid",3.3467,0.0177
"1578","333","OCCURRENCE","center","centertogrid",16.874,0
"1579","333","IMPACT","center","reachedgrid",6.798,4e-04
"1580","333","OCCURRENCE","center","reachedgrid",20.698,0
"1581","333","IMPACT","center","weighted",0.2803,0.9591
"1582","333","OCCURRENCE","center","weighted",6.2162,7e-04
"1583","333","IMPACT","center","pooling",Inf,0
"1584","333","OCCURRENCE","center","pooling",Inf,0
"1585","333","IMPACT","centertogrid","reachedgrid",0.2756,0.9594
"1586","333","OCCURRENCE","centertogrid","reachedgrid",0.6649,0.5912
"1587","333","IMPACT","centertogrid","weighted",3.0908,0.0237
"1588","333","OCCURRENCE","centertogrid","weighted",3.4287,0.0159
"1589","333","IMPACT","centertogrid","pooling",Inf,0
"1590","333","OCCURRENCE","centertogrid","pooling",Inf,0
"1591","333","IMPACT","reachedgrid","weighted",5.9288,0.001
"1592","333","OCCURRENCE","reachedgrid","weighted",3.1604,0.0222
"1593","333","IMPACT","reachedgrid","pooling",Inf,0
"1594","333","OCCURRENCE","reachedgrid","pooling",Inf,0
"1595","333","IMPACT","weighted","pooling",Inf,0
"1596","333","OCCURRENCE","weighted","pooling",Inf,0
"1597","334","IMPACT","classic","area",8.3106,1e-04
"1598","334","OCCURRENCE","classic","area",7.1797,3e-04
"1599","334","IMPACT","classic","center",14.644,0
"1600","334","OCCURRENCE","classic","center",8.0707,1e-04
"1601","334","IMPACT","classic","centertogrid",2.8586,0.0314
"1602","334","OCCURRENCE","classic","centertogrid",2.5084,0.048
"1603","334","IMPACT","classic","reachedgrid",3.7282,0.0116
"1604","334","OCCURRENCE","classic","reachedgrid",3.3,0.0189
"1605","334","IMPACT","classic","weighted",8.6774,0
"1606","334","OCCURRENCE","classic","weighted",2.0533,0.0842
"1607","334","IMPACT","classic","pooling",Inf,0
"1608","334","OCCURRENCE","classic","pooling",Inf,0
"1609","334","IMPACT","area","center",1.4509,0.1887
"1610","334","OCCURRENCE","area","center",0.2874,0.9467
"1611","334","IMPACT","area","centertogrid",3.8361,0.0106
"1612","334","OCCURRENCE","area","centertogrid",19.293,0
"1613","334","IMPACT","area","reachedgrid",9.2898,0
"1614","334","OCCURRENCE","area","reachedgrid",33.435,0
"1615","334","IMPACT","area","weighted",0.8797,0.4264
"1616","334","OCCURRENCE","area","weighted",9.5403,0
"1617","334","IMPACT","area","pooling",Inf,0
"1618","334","OCCURRENCE","area","pooling",Inf,0
"1619","334","IMPACT","center","centertogrid",7.3255,2e-04
"1620","334","OCCURRENCE","center","centertogrid",15.365,0
"1621","334","IMPACT","center","reachedgrid",12.256,0
"1622","334","OCCURRENCE","center","reachedgrid",21.321,0
"1623","334","IMPACT","center","weighted",1.446,0.1881
"1624","334","OCCURRENCE","center","weighted",5.9804,9e-04
"1625","334","IMPACT","center","pooling",Inf,0
"1626","334","OCCURRENCE","center","pooling",Inf,0
"1627","334","IMPACT","centertogrid","reachedgrid",0.5144,0.7354
"1628","334","OCCURRENCE","centertogrid","reachedgrid",0.4834,0.7681
"1629","334","IMPACT","centertogrid","weighted",3.4419,0.0157
"1630","334","OCCURRENCE","centertogrid","weighted",4.4695,0.0049
"1631","334","IMPACT","centertogrid","pooling",Inf,0
"1632","334","OCCURRENCE","centertogrid","pooling",Inf,0
"1633","334","IMPACT","reachedgrid","weighted",5.883,0.001
"1634","334","OCCURRENCE","reachedgrid","weighted",4.9679,0.0028
"1635","334","IMPACT","reachedgrid","pooling",Inf,0
"1636","334","OCCURRENCE","reachedgrid","pooling",Inf,0
"1637","334","IMPACT","weighted","pooling",Inf,0
"1638","334","OCCURRENCE","weighted","pooling",Inf,0
"1639","335","IMPACT","classic","area",8.4123,1e-04
"1640","335","OCCURRENCE","classic","area",21.748,0
"1641","335","IMPACT","classic","center",12.808,0
"1642","335","OCCURRENCE","classic","center",8.3532,1e-04
"1643","335","IMPACT","classic","centertogrid",4.7616,0.0035
"1644","335","OCCURRENCE","classic","centertogrid",3.1132,0.0233
"1645","335","IMPACT","classic","reachedgrid",4.3713,0.0056
"1646","335","OCCURRENCE","classic","reachedgrid",2.8495,0.0321
"1647","335","IMPACT","classic","weighted",6.8323,3e-04
"1648","335","OCCURRENCE","classic","weighted",5.1184,0.0023
"1649","335","IMPACT","classic","pooling",Inf,0
"1650","335","OCCURRENCE","classic","pooling",Inf,0
"1651","335","IMPACT","area","center",1.4509,0.1887
"1652","335","OCCURRENCE","area","center",0.2874,0.9467
"1653","335","IMPACT","area","centertogrid",4.0027,0.0088
"1654","335","OCCURRENCE","area","centertogrid",15.831,0
"1655","335","IMPACT","area","reachedgrid",5.9587,0.001
"1656","335","OCCURRENCE","area","reachedgrid",13.714,0
"1657","335","IMPACT","area","weighted",1.1708,0.2788
"1658","335","OCCURRENCE","area","weighted",3.606,0.0137
"1659","335","IMPACT","area","pooling",Inf,0
"1660","335","OCCURRENCE","area","pooling",Inf,0
"1661","335","IMPACT","center","centertogrid",4.5713,0.0044
"1662","335","OCCURRENCE","center","centertogrid",4.9303,0.0029
"1663","335","IMPACT","center","reachedgrid",7.8896,1e-04
"1664","335","OCCURRENCE","center","reachedgrid",3.4627,0.0156
"1665","335","IMPACT","center","weighted",2.5238,0.047
"1666","335","OCCURRENCE","center","weighted",2.3548,0.0578
"1667","335","IMPACT","center","pooling",Inf,0
"1668","335","OCCURRENCE","center","pooling",Inf,0
"1669","335","IMPACT","centertogrid","reachedgrid",0.5071,0.743
"1670","335","OCCURRENCE","centertogrid","reachedgrid",0.9321,0.3949
"1671","335","IMPACT","centertogrid","weighted",2.5594,0.045
"1672","335","OCCURRENCE","centertogrid","weighted",2.6566,0.04
"1673","335","IMPACT","centertogrid","pooling",Inf,0
"1674","335","OCCURRENCE","centertogrid","pooling",Inf,0
"1675","335","IMPACT","reachedgrid","weighted",3.4025,0.0168
"1676","335","OCCURRENCE","reachedgrid","weighted",4.1589,0.0071
"1677","335","IMPACT","reachedgrid","pooling",Inf,0
"1678","335","OCCURRENCE","reachedgrid","pooling",Inf,0
"1679","335","IMPACT","weighted","pooling",Inf,0
"1680","335","OCCURRENCE","weighted","pooling",Inf,0
"1681","336","IMPACT","classic","area",11.173,0
"1682","336","OCCURRENCE","classic","area",23.064,0
"1683","336","IMPACT","classic","center",18.232,0
"1684","336","OCCURRENCE","classic","center",9.8063,0
"1685","336","IMPACT","classic","centertogrid",9.4349,0
"1686","336","OCCURRENCE","classic","centertogrid",2.7478,0.0359
"1687","336","IMPACT","classic","reachedgrid",8.634,0
"1688","336","OCCURRENCE","classic","reachedgrid",3.1659,0.0221
"1689","336","IMPACT","classic","weighted",15.51,0
"1690","336","OCCURRENCE","classic","weighted",9.0256,0
"1691","336","IMPACT","classic","pooling",Inf,0
"1692","336","OCCURRENCE","classic","pooling",Inf,0
"1693","336","IMPACT","area","center",1.4509,0.1887
"1694","336","OCCURRENCE","area","center",0.2874,0.9467
"1695","336","IMPACT","area","centertogrid",4.8482,0.0034
"1696","336","OCCURRENCE","area","centertogrid",9.7149,0
"1697","336","IMPACT","area","reachedgrid",7.0583,3e-04
"1698","336","OCCURRENCE","area","reachedgrid",18.477,0
"1699","336","IMPACT","area","weighted",1.0482,0.3326
"1700","336","OCCURRENCE","area","weighted",7.1627,3e-04
"1701","336","IMPACT","area","pooling",Inf,0
"1702","336","OCCURRENCE","area","pooling",Inf,0
"1703","336","IMPACT","center","centertogrid",3.8805,0.0096
"1704","336","OCCURRENCE","center","centertogrid",3.6125,0.013
"1705","336","IMPACT","center","reachedgrid",7.2785,2e-04
"1706","336","OCCURRENCE","center","reachedgrid",4.3595,0.0057
"1707","336","IMPACT","center","weighted",0.6426,0.6127
"1708","336","OCCURRENCE","center","weighted",4.4967,0.0048
"1709","336","IMPACT","center","pooling",Inf,0
"1710","336","OCCURRENCE","center","pooling",Inf,0
"1711","336","IMPACT","centertogrid","reachedgrid",0.4145,0.838
"1712","336","OCCURRENCE","centertogrid","reachedgrid",0.0445,1
"1713","336","IMPACT","centertogrid","weighted",2.812,0.0331
"1714","336","OCCURRENCE","centertogrid","weighted",4.0185,0.0081
"1715","336","IMPACT","centertogrid","pooling",Inf,0
"1716","336","OCCURRENCE","centertogrid","pooling",Inf,0
"1717","336","IMPACT","reachedgrid","weighted",5.2731,0.002
"1718","336","OCCURRENCE","reachedgrid","weighted",6.7941,4e-04
"1719","336","IMPACT","reachedgrid","pooling",Inf,0
"1720","336","OCCURRENCE","reachedgrid","pooling",Inf,0
"1721","336","IMPACT","weighted","pooling",Inf,0
"1722","336","OCCURRENCE","weighted","pooling",Inf,0
"1723","337","IMPACT","classic","area",9.107,0
"1724","337","OCCURRENCE","classic","area",8.0427,1e-04
"1725","337","IMPACT","classic","center",14.658,0
"1726","337","OCCURRENCE","classic","center",4.2571,0.0063
"1727","337","IMPACT","classic","centertogrid",4.5205,0.0046
"1728","337","OCCURRENCE","classic","centertogrid",4.3532,0.0056
"1729","337","IMPACT","classic","reachedgrid",4.72,0.0038
"1730","337","OCCURRENCE","classic","reachedgrid",5.7263,0.0012
"1731","337","IMPACT","classic","weighted",9.5307,0
"1732","337","OCCURRENCE","classic","weighted",4.3386,0.0057
"1733","337","IMPACT","classic","pooling",Inf,0
"1734","337","OCCURRENCE","classic","pooling",Inf,0
"1735","337","IMPACT","area","center",1.4509,0.1887
"1736","337","OCCURRENCE","area","center",0.2874,0.9467
"1737","337","IMPACT","area","centertogrid",3.5748,0.0142
"1738","337","OCCURRENCE","area","centertogrid",2.6352,0.0424
"1739","337","IMPACT","area","reachedgrid",6.1312,8e-04
"1740","337","OCCURRENCE","area","reachedgrid",5.1663,0.0024
"1741","337","IMPACT","area","weighted",2.0108,0.0909
"1742","337","OCCURRENCE","area","weighted",1.3924,0.2045
"1743","337","IMPACT","area","pooling",Inf,0
"1744","337","OCCURRENCE","area","pooling",Inf,0
"1745","337","IMPACT","center","centertogrid",4.579,0.0044
"1746","337","OCCURRENCE","center","centertogrid",3.2135,0.0207
"1747","337","IMPACT","center","reachedgrid",8.5878,1e-04
"1748","337","OCCURRENCE","center","reachedgrid",5.6526,0.0013
"1749","337","IMPACT","center","weighted",1.6817,0.1366
"1750","337","OCCURRENCE","center","weighted",1.1724,0.277
"1751","337","IMPACT","center","pooling",Inf,0
"1752","337","OCCURRENCE","center","pooling",Inf,0
"1753","337","IMPACT","centertogrid","reachedgrid",0.3765,0.8763
"1754","337","OCCURRENCE","centertogrid","reachedgrid",0.2331,0.9823
"1755","337","IMPACT","centertogrid","weighted",3.3457,0.0175
"1756","337","OCCURRENCE","centertogrid","weighted",1.6707,0.1384
"1757","337","IMPACT","centertogrid","pooling",Inf,0
"1758","337","OCCURRENCE","centertogrid","pooling",Inf,0
"1759","337","IMPACT","reachedgrid","weighted",5.8957,0.001
"1760","337","OCCURRENCE","reachedgrid","weighted",2.224,0.0683
"1761","337","IMPACT","reachedgrid","pooling",Inf,0
"1762","337","OCCURRENCE","reachedgrid","pooling",Inf,0
"1763","337","IMPACT","weighted","pooling",Inf,0
"1764","337","OCCURRENCE","weighted","pooling",Inf,0
"1765","338","IMPACT","classic","area",8.5677,1e-04
"1766","338","OCCURRENCE","classic","area",3.0369,0.0264
"1767","338","IMPACT","classic","center",14.389,0
"1768","338","OCCURRENCE","classic","center",3.0694,0.0245
"1769","338","IMPACT","classic","centertogrid",3.5632,0.0137
"1770","338","OCCURRENCE","classic","centertogrid",3.1575,0.022
"1771","338","IMPACT","classic","reachedgrid",4.555,0.0046
"1772","338","OCCURRENCE","classic","reachedgrid",2.1127,0.0787
"1773","338","IMPACT","classic","weighted",10.891,0
"1774","338","OCCURRENCE","classic","weighted",2.7389,0.0361
"1775","338","IMPACT","classic","pooling",Inf,0
"1776","338","OCCURRENCE","classic","pooling",Inf,0
"1777","338","IMPACT","area","center",1.4509,0.1887
"1778","338","OCCURRENCE","area","center",0.2874,0.9467
"1779","338","IMPACT","area","centertogrid",3.3508,0.0183
"1780","338","OCCURRENCE","area","centertogrid",7.6944,2e-04
"1781","338","IMPACT","area","reachedgrid",6.6112,5e-04
"1782","338","OCCURRENCE","area","reachedgrid",9.3255,0
"1783","338","IMPACT","area","weighted",0.4118,0.8347
"1784","338","OCCURRENCE","area","weighted",3.5937,0.0139
"1785","338","IMPACT","area","pooling",Inf,0
"1786","338","OCCURRENCE","area","pooling",Inf,0
"1787","338","IMPACT","center","centertogrid",5.4521,0.0016
"1788","338","OCCURRENCE","center","centertogrid",7.6442,2e-04
"1789","338","IMPACT","center","reachedgrid",9.3143,0
"1790","338","OCCURRENCE","center","reachedgrid",8.7161,0
"1791","338","IMPACT","center","weighted",0.9834,0.3658
"1792","338","OCCURRENCE","center","weighted",2.5245,0.047
"1793","338","IMPACT","center","pooling",Inf,0
"1794","338","OCCURRENCE","center","pooling",Inf,0
"1795","338","IMPACT","centertogrid","reachedgrid",0.6897,0.5692
"1796","338","OCCURRENCE","centertogrid","reachedgrid",0.5842,0.6662
"1797","338","IMPACT","centertogrid","weighted",3.7558,0.0109
"1798","338","OCCURRENCE","centertogrid","weighted",1.9445,0.0967
"1799","338","IMPACT","centertogrid","pooling",Inf,0
"1800","338","OCCURRENCE","centertogrid","pooling",Inf,0
"1801","338","IMPACT","reachedgrid","weighted",6.7251,4e-04
"1802","338","OCCURRENCE","reachedgrid","weighted",1.487,0.1782
"1803","338","IMPACT","reachedgrid","pooling",Inf,0
"1804","338","OCCURRENCE","reachedgrid","pooling",Inf,0
"1805","338","IMPACT","weighted","pooling",Inf,0
"1806","338","OCCURRENCE","weighted","pooling",Inf,0
"1807","339","IMPACT","classic","area",4.684,0.0041
"1808","339","OCCURRENCE","classic","area",4.7562,0.0038
"1809","339","IMPACT","classic","center",8.5267,1e-04
"1810","339","OCCURRENCE","classic","center",4.1745,0.0069
"1811","339","IMPACT","classic","centertogrid",1.2889,0.2342
"1812","339","OCCURRENCE","classic","centertogrid",3.7875,0.0105
"1813","339","IMPACT","classic","reachedgrid",1.3676,0.2103
"1814","339","OCCURRENCE","classic","reachedgrid",4.804,0.0034
"1815","339","IMPACT","classic","weighted",3.112,0.0231
"1816","339","OCCURRENCE","classic","weighted",4.3395,0.0056
"1817","339","IMPACT","classic","pooling",Inf,0
"1818","339","OCCURRENCE","classic","pooling",Inf,0
"1819","339","IMPACT","area","center",1.4509,0.1887
"1820","339","OCCURRENCE","area","center",0.2874,0.9467
"1821","339","IMPACT","area","centertogrid",2.705,0.0391
"1822","339","OCCURRENCE","area","centertogrid",7.8521,1e-04
"1823","339","IMPACT","area","reachedgrid",6.0624,9e-04
"1824","339","OCCURRENCE","area","reachedgrid",13.337,0
"1825","339","IMPACT","area","weighted",1.6332,0.1478
"1826","339","OCCURRENCE","area","weighted",6.6609,4e-04
"1827","339","IMPACT","area","pooling",Inf,0
"1828","339","OCCURRENCE","area","pooling",Inf,0
"1829","339","IMPACT","center","centertogrid",4.6013,0.0042
"1830","339","OCCURRENCE","center","centertogrid",7.9593,1e-04
"1831","339","IMPACT","center","reachedgrid",8.8004,0
"1832","339","OCCURRENCE","center","reachedgrid",11.013,0
"1833","339","IMPACT","center","weighted",2.987,0.0269
"1834","339","OCCURRENCE","center","weighted",4.4022,0.0053
"1835","339","IMPACT","center","pooling",Inf,0
"1836","339","OCCURRENCE","center","pooling",Inf,0
"1837","339","IMPACT","centertogrid","reachedgrid",0.3694,0.884
"1838","339","OCCURRENCE","centertogrid","reachedgrid",0.2016,0.9927
"1839","339","IMPACT","centertogrid","weighted",1.8783,0.1052
"1840","339","OCCURRENCE","centertogrid","weighted",1.5149,0.1708
"1841","339","IMPACT","centertogrid","pooling",Inf,0
"1842","339","OCCURRENCE","centertogrid","pooling",Inf,0
"1843","339","IMPACT","reachedgrid","weighted",2.9724,0.0277
"1844","339","OCCURRENCE","reachedgrid","weighted",1.6601,0.1409
"1845","339","IMPACT","reachedgrid","pooling",Inf,0
"1846","339","OCCURRENCE","reachedgrid","pooling",Inf,0
"1847","339","IMPACT","weighted","pooling",Inf,0
"1848","339","OCCURRENCE","weighted","pooling",Inf,0
"1849","340","IMPACT","classic","area",6.4999,5e-04
"1850","340","OCCURRENCE","classic","area",4.4249,0.0055
"1851","340","IMPACT","classic","center",11.336,0
"1852","340","OCCURRENCE","classic","center",5.2068,0.0021
"1853","340","IMPACT","classic","centertogrid",1.8916,0.1037
"1854","340","OCCURRENCE","classic","centertogrid",0.763,0.5108
"1855","340","IMPACT","classic","reachedgrid",2.895,0.0305
"1856","340","OCCURRENCE","classic","reachedgrid",1.4821,0.1794
"1857","340","IMPACT","classic","weighted",22.414,0
"1858","340","OCCURRENCE","classic","weighted",2.4536,0.0511
"1859","340","IMPACT","classic","pooling",Inf,0
"1860","340","OCCURRENCE","classic","pooling",Inf,0
"1861","340","IMPACT","area","center",1.4509,0.1887
"1862","340","OCCURRENCE","area","center",0.2874,0.9467
"1863","340","IMPACT","area","centertogrid",3.6469,0.0131
"1864","340","OCCURRENCE","area","centertogrid",3.6505,0.013
"1865","340","IMPACT","area","reachedgrid",6.6608,4e-04
"1866","340","OCCURRENCE","area","reachedgrid",4.8113,0.0036
"1867","340","IMPACT","area","weighted",5.5777,0.0015
"1868","340","OCCURRENCE","area","weighted",1.9526,0.0978
"1869","340","IMPACT","area","pooling",Inf,0
"1870","340","OCCURRENCE","area","pooling",Inf,0
"1871","340","IMPACT","center","centertogrid",5.6777,0.0013
"1872","340","OCCURRENCE","center","centertogrid",4.3065,0.0059
"1873","340","IMPACT","center","reachedgrid",9.3375,0
"1874","340","OCCURRENCE","center","reachedgrid",5.4163,0.0017
"1875","340","IMPACT","center","weighted",2.4442,0.0518
"1876","340","OCCURRENCE","center","weighted",1.4436,0.1887
"1877","340","IMPACT","center","pooling",Inf,0
"1878","340","OCCURRENCE","center","pooling",Inf,0
"1879","340","IMPACT","centertogrid","reachedgrid",0.6815,0.5762
"1880","340","OCCURRENCE","centertogrid","reachedgrid",0.257,0.9711
"1881","340","IMPACT","centertogrid","weighted",13.034,0
"1882","340","OCCURRENCE","centertogrid","weighted",1.7595,0.123
"1883","340","IMPACT","centertogrid","pooling",Inf,0
"1884","340","OCCURRENCE","centertogrid","pooling",Inf,0
"1885","340","IMPACT","reachedgrid","weighted",20.565,0
"1886","340","OCCURRENCE","reachedgrid","weighted",1.8791,0.1058
"1887","340","IMPACT","reachedgrid","pooling",Inf,0
"1888","340","OCCURRENCE","reachedgrid","pooling",Inf,0
"1889","340","IMPACT","weighted","pooling",Inf,0
"1890","340","OCCURRENCE","weighted","pooling",Inf,0
"1891","341","IMPACT","classic","area",6.3402,6e-04
"1892","341","OCCURRENCE","classic","area",2.8294,0.0337
"1893","341","IMPACT","classic","center",2.9367,0.0287
"1894","341","OCCURRENCE","classic","center",3.477,0.0152
"1895","341","IMPACT","classic","centertogrid",0.2104,0.9912
"1896","341","OCCURRENCE","classic","centertogrid",1.8215,0.1135
"1897","341","IMPACT","classic","reachedgrid",1.6679,0.1398
"1898","341","OCCURRENCE","classic","reachedgrid",1.1528,0.2852
"1899","341","IMPACT","classic","weighted",3.7639,0.0108
"1900","341","OCCURRENCE","classic","weighted",2.2409,0.0664
"1901","341","IMPACT","classic","pooling",Inf,0
"1902","341","OCCURRENCE","classic","pooling",Inf,0
"1903","341","IMPACT","area","center",1.4509,0.1887
"1904","341","OCCURRENCE","area","center",0.2874,0.9467
"1905","341","IMPACT","area","centertogrid",4.16,0.0074
"1906","341","OCCURRENCE","area","centertogrid",9.7411,0
"1907","341","IMPACT","area","reachedgrid",5.7389,0.0013
"1908","341","OCCURRENCE","area","reachedgrid",11.443,0
"1909","341","IMPACT","area","weighted",1.3461,0.218
"1910","341","OCCURRENCE","area","weighted",8.6619,1e-04
"1911","341","IMPACT","area","pooling",Inf,0
"1912","341","OCCURRENCE","area","pooling",Inf,0
"1913","341","IMPACT","center","centertogrid",3.0423,0.0253
"1914","341","OCCURRENCE","center","centertogrid",8.2295,1e-04
"1915","341","IMPACT","center","reachedgrid",6.8264,4e-04
"1916","341","OCCURRENCE","center","reachedgrid",9.1966,0
"1917","341","IMPACT","center","weighted",2.3824,0.0559
"1918","341","OCCURRENCE","center","weighted",5.1166,0.0023
"1919","341","IMPACT","center","pooling",Inf,0
"1920","341","OCCURRENCE","center","pooling",Inf,0
"1921","341","IMPACT","centertogrid","reachedgrid",0.6728,0.584
"1922","341","OCCURRENCE","centertogrid","reachedgrid",0.348,0.9044
"1923","341","IMPACT","centertogrid","weighted",3.1318,0.0226
"1924","341","OCCURRENCE","centertogrid","weighted",1.7306,0.1277
"1925","341","IMPACT","centertogrid","pooling",Inf,0
"1926","341","OCCURRENCE","centertogrid","pooling",Inf,0
"1927","341","IMPACT","reachedgrid","weighted",4.4141,0.0053
"1928","341","OCCURRENCE","reachedgrid","weighted",1.6957,0.1344
"1929","341","IMPACT","reachedgrid","pooling",Inf,0
"1930","341","OCCURRENCE","reachedgrid","pooling",Inf,0
"1931","341","IMPACT","weighted","pooling",Inf,0
"1932","341","OCCURRENCE","weighted","pooling",Inf,0
"1933","342","IMPACT","classic","area",6.481,5e-04
"1934","342","OCCURRENCE","classic","area",3.1472,0.0232
"1935","342","IMPACT","classic","center",5.7877,0.0011
"1936","342","OCCURRENCE","classic","center",2.9272,0.029
"1937","342","IMPACT","classic","centertogrid",2.7243,0.0368
"1938","342","OCCURRENCE","classic","centertogrid",0.869,0.4348
"1939","342","IMPACT","classic","reachedgrid",2.485,0.0497
"1940","342","OCCURRENCE","classic","reachedgrid",1.4017,0.2005
"1941","342","IMPACT","classic","weighted",8.8534,0
"1942","342","OCCURRENCE","classic","weighted",3.5203,0.0143
"1943","342","IMPACT","classic","pooling",Inf,0
"1944","342","OCCURRENCE","classic","pooling",Inf,0
"1945","342","IMPACT","area","center",1.4509,0.1887
"1946","342","OCCURRENCE","area","center",0.2874,0.9467
"1947","342","IMPACT","area","centertogrid",5.783,0.0012
"1948","342","OCCURRENCE","area","centertogrid",2.5637,0.0462
"1949","342","IMPACT","area","reachedgrid",6.33,6e-04
"1950","342","OCCURRENCE","area","reachedgrid",4.9394,0.0031
"1951","342","IMPACT","area","weighted",3.69,0.0125
"1952","342","OCCURRENCE","area","weighted",0.5624,0.6824
"1953","342","IMPACT","area","pooling",Inf,0
"1954","342","OCCURRENCE","area","pooling",Inf,0
"1955","342","IMPACT","center","centertogrid",2.9402,0.0285
"1956","342","OCCURRENCE","center","centertogrid",2.8911,0.0303
"1957","342","IMPACT","center","reachedgrid",5.5857,0.0014
"1958","342","OCCURRENCE","center","reachedgrid",5.2332,0.0021
"1959","342","IMPACT","center","weighted",1.8305,0.1123
"1960","342","OCCURRENCE","center","weighted",0.557,0.6952
"1961","342","IMPACT","center","pooling",Inf,0
"1962","342","OCCURRENCE","center","pooling",Inf,0
"1963","342","IMPACT","centertogrid","reachedgrid",0.7625,0.5103
"1964","342","OCCURRENCE","centertogrid","reachedgrid",0.145,0.9995
"1965","342","IMPACT","centertogrid","weighted",4.586,0.0043
"1966","342","OCCURRENCE","centertogrid","weighted",3.3783,0.0169
"1967","342","IMPACT","centertogrid","pooling",Inf,0
"1968","342","OCCURRENCE","centertogrid","pooling",Inf,0
"1969","342","IMPACT","reachedgrid","weighted",11.367,0
"1970","342","OCCURRENCE","reachedgrid","weighted",5.2821,0.002
"1971","342","IMPACT","reachedgrid","pooling",Inf,0
"1972","342","OCCURRENCE","reachedgrid","pooling",Inf,0
"1973","342","IMPACT","weighted","pooling",Inf,0
"1974","342","OCCURRENCE","weighted","pooling",Inf,0
"1975","343","IMPACT","classic","area",14.678,0
"1976","343","OCCURRENCE","classic","area",18.061,0
"1977","343","IMPACT","classic","center",22.283,0
"1978","343","OCCURRENCE","classic","center",7.9195,1e-04
"1979","343","IMPACT","classic","centertogrid",3.2464,0.0199
"1980","343","OCCURRENCE","classic","centertogrid",1.5657,0.1598
"1981","343","IMPACT","classic","reachedgrid",4.3878,0.0055
"1982","343","OCCURRENCE","classic","reachedgrid",2.9571,0.0283
"1983","343","IMPACT","classic","weighted",8.5167,1e-04
"1984","343","OCCURRENCE","classic","weighted",7.6761,1e-04
"1985","343","IMPACT","classic","pooling",Inf,0
"1986","343","OCCURRENCE","classic","pooling",Inf,0
"1987","343","IMPACT","area","center",1.4509,0.1887
"1988","343","OCCURRENCE","area","center",0.2874,0.9467
"1989","343","IMPACT","area","centertogrid",8.0529,1e-04
"1990","343","OCCURRENCE","area","centertogrid",7.9456,1e-04
"1991","343","IMPACT","area","reachedgrid",17.19,0
"1992","343","OCCURRENCE","area","reachedgrid",11.967,0
"1993","343","IMPACT","area","weighted",4.5003,0.0051
"1994","343","OCCURRENCE","area","weighted",8.8967,0
"1995","343","IMPACT","area","pooling",Inf,0
"1996","343","OCCURRENCE","area","pooling",Inf,0
"1997","343","IMPACT","center","centertogrid",12.454,0
"1998","343","OCCURRENCE","center","centertogrid",3.2344,0.0202
"1999","343","IMPACT","center","reachedgrid",18.622,0
"2000","343","OCCURRENCE","center","reachedgrid",2.9798,0.0276
"2001","343","IMPACT","center","weighted",5.0317,0.0026
"2002","343","OCCURRENCE","center","weighted",5.4185,0.0017
"2003","343","IMPACT","center","pooling",Inf,0
"2004","343","OCCURRENCE","center","pooling",Inf,0
"2005","343","IMPACT","centertogrid","reachedgrid",0.336,0.9133
"2006","343","OCCURRENCE","centertogrid","reachedgrid",0.2181,0.9874
"2007","343","IMPACT","centertogrid","weighted",3.0102,0.0262
"2008","343","OCCURRENCE","centertogrid","weighted",5.409,0.0017
"2009","343","IMPACT","centertogrid","pooling",Inf,0
"2010","343","OCCURRENCE","centertogrid","pooling",Inf,0
"2011","343","IMPACT","reachedgrid","weighted",4.6534,0.0041
"2012","343","OCCURRENCE","reachedgrid","weighted",8.2579,1e-04
"2013","343","IMPACT","reachedgrid","pooling",Inf,0
"2014","343","OCCURRENCE","reachedgrid","pooling",Inf,0
"2015","343","IMPACT","weighted","pooling",Inf,0
"2016","343","OCCURRENCE","weighted","pooling",Inf,0
"2017","344","IMPACT","classic","area",8.3563,1e-04
"2018","344","OCCURRENCE","classic","area",6.6833,4e-04
"2019","344","IMPACT","classic","center",13.764,0
"2020","344","OCCURRENCE","classic","center",3.6969,0.0118
"2021","344","IMPACT","classic","centertogrid",1.0385,0.337
"2022","344","OCCURRENCE","classic","centertogrid",1.2244,0.2571
"2023","344","IMPACT","classic","reachedgrid",1.9051,0.1027
"2024","344","OCCURRENCE","classic","reachedgrid",2.1963,0.0709
"2025","344","IMPACT","classic","weighted",3.9329,0.009
"2026","344","OCCURRENCE","classic","weighted",3.3859,0.0168
"2027","344","IMPACT","classic","pooling",Inf,0
"2028","344","OCCURRENCE","classic","pooling",Inf,0
"2029","344","IMPACT","area","center",1.4509,0.1887
"2030","344","OCCURRENCE","area","center",0.2874,0.9467
"2031","344","IMPACT","area","centertogrid",4.2331,0.0068
"2032","344","OCCURRENCE","area","centertogrid",2.4463,0.0532
"2033","344","IMPACT","area","reachedgrid",12.956,0
"2034","344","OCCURRENCE","area","reachedgrid",4.2852,0.0064
"2035","344","IMPACT","area","weighted",3.8528,0.0104
"2036","344","OCCURRENCE","area","weighted",0.6818,0.5731
"2037","344","IMPACT","area","pooling",Inf,0
"2038","344","OCCURRENCE","area","pooling",Inf,0
"2039","344","IMPACT","center","centertogrid",8.1305,1e-04
"2040","344","OCCURRENCE","center","centertogrid",2.473,0.0502
"2041","344","IMPACT","center","reachedgrid",15.375,0
"2042","344","OCCURRENCE","center","reachedgrid",3.4038,0.0167
"2043","344","IMPACT","center","weighted",4.2055,0.0066
"2044","344","OCCURRENCE","center","weighted",0.738,0.5306
"2045","344","IMPACT","center","pooling",Inf,0
"2046","344","OCCURRENCE","center","pooling",Inf,0
"2047","344","IMPACT","centertogrid","reachedgrid",0.5397,0.7097
"2048","344","OCCURRENCE","centertogrid","reachedgrid",0.1201,0.9999
"2049","344","IMPACT","centertogrid","weighted",2.3916,0.0552
"2050","344","OCCURRENCE","centertogrid","weighted",1.7511,0.1245
"2051","344","IMPACT","centertogrid","pooling",Inf,0
"2052","344","OCCURRENCE","centertogrid","pooling",Inf,0
"2053","344","IMPACT","reachedgrid","weighted",4.6039,0.0043
"2054","344","OCCURRENCE","reachedgrid","weighted",1.8869,0.1048
"2055","344","IMPACT","reachedgrid","pooling",Inf,0
"2056","344","OCCURRENCE","reachedgrid","pooling",Inf,0
"2057","344","IMPACT","weighted","pooling",Inf,0
"2058","344","OCCURRENCE","weighted","pooling",Inf,0
"2059","345","IMPACT","classic","area",13.119,0
"2060","345","OCCURRENCE","classic","area",13.066,0
"2061","345","IMPACT","classic","center",19.749,0
"2062","345","OCCURRENCE","classic","center",6.8798,3e-04
"2063","345","IMPACT","classic","centertogrid",1.4343,0.1914
"2064","345","OCCURRENCE","classic","centertogrid",2.5368,0.0465
"2065","345","IMPACT","classic","reachedgrid",3.1329,0.023
"2066","345","OCCURRENCE","classic","reachedgrid",4.1096,0.0075
"2067","345","IMPACT","classic","weighted",6.0165,8e-04
"2068","345","OCCURRENCE","classic","weighted",5.984,9e-04
"2069","345","IMPACT","classic","pooling",Inf,0
"2070","345","OCCURRENCE","classic","pooling",Inf,0
"2071","345","IMPACT","area","center",1.4509,0.1887
"2072","345","OCCURRENCE","area","center",0.2874,0.9467
"2073","345","IMPACT","area","centertogrid",8.9041,0
"2074","345","OCCURRENCE","area","centertogrid",4.0018,0.0088
"2075","345","IMPACT","area","reachedgrid",16.731,0
"2076","345","OCCURRENCE","area","reachedgrid",5.7925,0.0012
"2077","345","IMPACT","area","weighted",4.1138,0.0078
"2078","345","OCCURRENCE","area","weighted",0.9747,0.3704
"2079","345","IMPACT","area","pooling",Inf,0
"2080","345","OCCURRENCE","area","pooling",Inf,0
"2081","345","IMPACT","center","centertogrid",13.525,0
"2082","345","OCCURRENCE","center","centertogrid",2.1604,0.0738
"2083","345","IMPACT","center","reachedgrid",17.628,0
"2084","345","OCCURRENCE","center","reachedgrid",2.635,0.0415
"2085","345","IMPACT","center","weighted",5.2752,0.002
"2086","345","OCCURRENCE","center","weighted",0.837,0.4564
"2087","345","IMPACT","center","pooling",Inf,0
"2088","345","OCCURRENCE","center","pooling",Inf,0
"2089","345","IMPACT","centertogrid","reachedgrid",0.4305,0.8217
"2090","345","OCCURRENCE","centertogrid","reachedgrid",0.1246,0.9999
"2091","345","IMPACT","centertogrid","weighted",2.8098,0.0333
"2092","345","OCCURRENCE","centertogrid","weighted",2.2126,0.0689
"2093","345","IMPACT","centertogrid","pooling",Inf,0
"2094","345","OCCURRENCE","centertogrid","pooling",Inf,0
"2095","345","IMPACT","reachedgrid","weighted",4.1804,0.007
"2096","345","OCCURRENCE","reachedgrid","weighted",3.2365,0.0203
"2097","345","IMPACT","reachedgrid","pooling",Inf,0
"2098","345","OCCURRENCE","reachedgrid","pooling",Inf,0
"2099","345","IMPACT","weighted","pooling",Inf,0
"2100","345","OCCURRENCE","weighted","pooling",Inf,0
"2101","347","IMPACT","classic","area",12.963,0
"2102","347","OCCURRENCE","classic","area",5.7945,0.0012
"2103","347","IMPACT","classic","center",19.602,0
"2104","347","OCCURRENCE","classic","center",3.842,0.01
"2105","347","IMPACT","classic","centertogrid",2.4634,0.0508
"2106","347","OCCURRENCE","classic","centertogrid",1.3643,0.211
"2107","347","IMPACT","classic","reachedgrid",2.6767,0.0396
"2108","347","OCCURRENCE","classic","reachedgrid",1.31,0.2281
"2109","347","IMPACT","classic","weighted",11.601,0
"2110","347","OCCURRENCE","classic","weighted",3.8206,0.0102
"2111","347","IMPACT","classic","pooling",Inf,0
"2112","347","OCCURRENCE","classic","pooling",Inf,0
"2113","347","IMPACT","area","center",1.4509,0.1887
"2114","347","OCCURRENCE","area","center",0.2874,0.9467
"2115","347","IMPACT","area","centertogrid",5.3516,0.0019
"2116","347","OCCURRENCE","area","centertogrid",2.9297,0.0299
"2117","347","IMPACT","area","reachedgrid",16.308,0
"2118","347","OCCURRENCE","area","reachedgrid",5.1979,0.0023
"2119","347","IMPACT","area","weighted",1.0551,0.3293
"2120","347","OCCURRENCE","area","weighted",2.4823,0.051
"2121","347","IMPACT","area","pooling",Inf,0
"2122","347","OCCURRENCE","area","pooling",Inf,0
"2123","347","IMPACT","center","centertogrid",9.6919,0
"2124","347","OCCURRENCE","center","centertogrid",2.1325,0.0765
"2125","347","IMPACT","center","reachedgrid",17.976,0
"2126","347","OCCURRENCE","center","reachedgrid",2.8136,0.0335
"2127","347","IMPACT","center","weighted",1.8224,0.1134
"2128","347","OCCURRENCE","center","weighted",1.8539,0.1089
"2129","347","IMPACT","center","pooling",Inf,0
"2130","347","OCCURRENCE","center","pooling",Inf,0
"2131","347","IMPACT","centertogrid","reachedgrid",0.5266,0.7226
"2132","347","OCCURRENCE","centertogrid","reachedgrid",0.063,1
"2133","347","IMPACT","centertogrid","weighted",5.0496,0.0025
"2134","347","OCCURRENCE","centertogrid","weighted",3.9369,0.0089
"2135","347","IMPACT","centertogrid","pooling",Inf,0
"2136","347","OCCURRENCE","centertogrid","pooling",Inf,0
"2137","347","IMPACT","reachedgrid","weighted",9.9451,0
"2138","347","OCCURRENCE","reachedgrid","weighted",5.1832,0.0022
"2139","347","IMPACT","reachedgrid","pooling",Inf,0
"2140","347","OCCURRENCE","reachedgrid","pooling",Inf,0
"2141","347","IMPACT","weighted","pooling",Inf,0
"2142","347","OCCURRENCE","weighted","pooling",Inf,0
"2143","348","IMPACT","classic","area",12.823,0
"2144","348","OCCURRENCE","classic","area",4.5229,0.0049
"2145","348","IMPACT","classic","center",20.042,0
"2146","348","OCCURRENCE","classic","center",3.6234,0.0129
"2147","348","IMPACT","classic","centertogrid",3.2167,0.0206
"2148","348","OCCURRENCE","classic","centertogrid",2.9721,0.0276
"2149","348","IMPACT","classic","reachedgrid",3.9949,0.0086
"2150","348","OCCURRENCE","classic","reachedgrid",3.2834,0.0192
"2151","348","IMPACT","classic","weighted",7.509,2e-04
"2152","348","OCCURRENCE","classic","weighted",3.2239,0.0203
"2153","348","IMPACT","classic","pooling",Inf,0
"2154","348","OCCURRENCE","classic","pooling",Inf,0
"2155","348","IMPACT","area","center",1.4509,0.1887
"2156","348","OCCURRENCE","area","center",0.2874,0.9467
"2157","348","IMPACT","area","centertogrid",8.7241,0
"2158","348","OCCURRENCE","area","centertogrid",3.6494,0.013
"2159","348","IMPACT","area","reachedgrid",14.473,0
"2160","348","OCCURRENCE","area","reachedgrid",6.1393,8e-04
"2161","348","IMPACT","area","weighted",3.8861,0.01
"2162","348","OCCURRENCE","area","weighted",0.9079,0.4088
"2163","348","IMPACT","area","pooling",Inf,0
"2164","348","OCCURRENCE","area","pooling",Inf,0
"2165","348","IMPACT","center","centertogrid",12.309,0
"2166","348","OCCURRENCE","center","centertogrid",3.5721,0.0136
"2167","348","IMPACT","center","reachedgrid",15.396,0
"2168","348","OCCURRENCE","center","reachedgrid",4.9385,0.0029
"2169","348","IMPACT","center","weighted",4.4652,0.0049
"2170","348","OCCURRENCE","center","weighted",0.8101,0.4755
"2171","348","IMPACT","center","pooling",Inf,0
"2172","348","OCCURRENCE","center","pooling",Inf,0
"2173","348","IMPACT","centertogrid","reachedgrid",0.5145,0.735
"2174","348","OCCURRENCE","centertogrid","reachedgrid",0.0427,1
"2175","348","IMPACT","centertogrid","weighted",2.7099,0.0375
"2176","348","OCCURRENCE","centertogrid","weighted",1.4322,0.1917
"2177","348","IMPACT","centertogrid","pooling",Inf,0
"2178","348","OCCURRENCE","centertogrid","pooling",Inf,0
"2179","348","IMPACT","reachedgrid","weighted",2.3959,0.0556
"2180","348","OCCURRENCE","reachedgrid","weighted",1.8845,0.1051
"2181","348","IMPACT","reachedgrid","pooling",Inf,0
"2182","348","OCCURRENCE","reachedgrid","pooling",Inf,0
"2183","348","IMPACT","weighted","pooling",Inf,0
"2184","348","OCCURRENCE","weighted","pooling",Inf,0
"2185","349","IMPACT","classic","area",18.858,0
"2186","349","OCCURRENCE","classic","area",7.5972,2e-04
"2187","349","IMPACT","classic","center",26.215,0
"2188","349","OCCURRENCE","classic","center",6.7752,4e-04
"2189","349","IMPACT","classic","centertogrid",2.19,0.0712
"2190","349","OCCURRENCE","classic","centertogrid",6.8773,3e-04
"2191","349","IMPACT","classic","reachedgrid",4.8403,0.0033
"2192","349","OCCURRENCE","classic","reachedgrid",5.9283,0.001
"2193","349","IMPACT","classic","weighted",11.029,0
"2194","349","OCCURRENCE","classic","weighted",7.0494,3e-04
"2195","349","IMPACT","classic","pooling",Inf,0
"2196","349","OCCURRENCE","classic","pooling",Inf,0
"2197","349","IMPACT","area","center",1.4509,0.1887
"2198","349","OCCURRENCE","area","center",0.2874,0.9467
"2199","349","IMPACT","area","centertogrid",10.092,0
"2200","349","OCCURRENCE","area","centertogrid",6.4537,6e-04
"2201","349","IMPACT","area","reachedgrid",18.68,0
"2202","349","OCCURRENCE","area","reachedgrid",8.5818,1e-04
"2203","349","IMPACT","area","weighted",4.2019,0.0071
"2204","349","OCCURRENCE","area","weighted",1.5462,0.166
"2205","349","IMPACT","area","pooling",Inf,0
"2206","349","OCCURRENCE","area","pooling",Inf,0
"2207","349","IMPACT","center","centertogrid",14.663,0
"2208","349","OCCURRENCE","center","centertogrid",6.6987,4e-04
"2209","349","IMPACT","center","reachedgrid",19.064,0
"2210","349","OCCURRENCE","center","reachedgrid",7.699,1e-04
"2211","349","IMPACT","center","weighted",4.7368,0.0036
"2212","349","OCCURRENCE","center","weighted",1.1842,0.2723
"2213","349","IMPACT","center","pooling",Inf,0
"2214","349","OCCURRENCE","center","pooling",Inf,0
"2215","349","IMPACT","centertogrid","reachedgrid",0.3865,0.8658
"2216","349","OCCURRENCE","centertogrid","reachedgrid",0.3079,0.9371
"2217","349","IMPACT","centertogrid","weighted",4.3361,0.0057
"2218","349","OCCURRENCE","centertogrid","weighted",3.0331,0.0255
"2219","349","IMPACT","centertogrid","pooling",Inf,0
"2220","349","OCCURRENCE","centertogrid","pooling",Inf,0
"2221","349","IMPACT","reachedgrid","weighted",5.0602,0.0026
"2222","349","OCCURRENCE","reachedgrid","weighted",3.4034,0.0167
"2223","349","IMPACT","reachedgrid","pooling",Inf,0
"2224","349","OCCURRENCE","reachedgrid","pooling",Inf,0
"2225","349","IMPACT","weighted","pooling",Inf,0
"2226","349","OCCURRENCE","weighted","pooling",Inf,0
"2227","350","IMPACT","classic","area",17.256,0
"2228","350","OCCURRENCE","classic","area",8.3042,1e-04
"2229","350","IMPACT","classic","center",24.37,0
"2230","350","OCCURRENCE","classic","center",6.0349,8e-04
"2231","350","IMPACT","classic","centertogrid",3.1252,0.023
"2232","350","OCCURRENCE","classic","centertogrid",1.1467,0.2877
"2233","350","IMPACT","classic","reachedgrid",4.6984,0.0039
"2234","350","OCCURRENCE","classic","reachedgrid",3.062,0.025
"2235","350","IMPACT","classic","weighted",7.994,1e-04
"2236","350","OCCURRENCE","classic","weighted",5.9365,9e-04
"2237","350","IMPACT","classic","pooling",Inf,0
"2238","350","OCCURRENCE","classic","pooling",Inf,0
"2239","350","IMPACT","area","center",1.4509,0.1887
"2240","350","OCCURRENCE","area","center",0.2874,0.9467
"2241","350","IMPACT","area","centertogrid",6.7282,4e-04
"2242","350","OCCURRENCE","area","centertogrid",3.9826,0.009
"2243","350","IMPACT","area","reachedgrid",14.909,0
"2244","350","OCCURRENCE","area","reachedgrid",5.2903,0.0021
"2245","350","IMPACT","area","weighted",3.0964,0.0247
"2246","350","OCCURRENCE","area","weighted",2.5588,0.0465
"2247","350","IMPACT","area","pooling",Inf,0
"2248","350","OCCURRENCE","area","pooling",Inf,0
"2249","350","IMPACT","center","centertogrid",11.467,0
"2250","350","OCCURRENCE","center","centertogrid",2.9232,0.0292
"2251","350","IMPACT","center","reachedgrid",16.814,0
"2252","350","OCCURRENCE","center","reachedgrid",3.2133,0.0209
"2253","350","IMPACT","center","weighted",4.0422,0.008
"2254","350","OCCURRENCE","center","weighted",1.7709,0.1214
"2255","350","IMPACT","center","pooling",Inf,0
"2256","350","OCCURRENCE","center","pooling",Inf,0
"2257","350","IMPACT","centertogrid","reachedgrid",0.4797,0.7708
"2258","350","OCCURRENCE","centertogrid","reachedgrid",0.5969,0.6534
"2259","350","IMPACT","centertogrid","weighted",2.6403,0.0408
"2260","350","OCCURRENCE","centertogrid","weighted",3.8247,0.0102
"2261","350","IMPACT","centertogrid","pooling",Inf,0
"2262","350","OCCURRENCE","centertogrid","pooling",Inf,0
"2263","350","IMPACT","reachedgrid","weighted",4.2416,0.0065
"2264","350","OCCURRENCE","reachedgrid","weighted",4.0814,0.0077
"2265","350","IMPACT","reachedgrid","pooling",Inf,0
"2266","350","OCCURRENCE","reachedgrid","pooling",Inf,0
"2267","350","IMPACT","weighted","pooling",Inf,0
"2268","350","OCCURRENCE","weighted","pooling",Inf,0
"2269","351","IMPACT","classic","area",29.288,0
"2270","351","OCCURRENCE","classic","area",4.2866,0.0064
"2271","351","IMPACT","classic","center",34.231,0
"2272","351","OCCURRENCE","classic","center",4.0948,0.0076
"2273","351","IMPACT","classic","centertogrid",8.0168,1e-04
"2274","351","OCCURRENCE","classic","centertogrid",1.48,0.1798
"2275","351","IMPACT","classic","reachedgrid",7.1846,3e-04
"2276","351","OCCURRENCE","classic","reachedgrid",2.5412,0.0465
"2277","351","IMPACT","classic","weighted",19.221,0
"2278","351","OCCURRENCE","classic","weighted",3.163,0.0219
"2279","351","IMPACT","classic","pooling",Inf,0
"2280","351","OCCURRENCE","classic","pooling",Inf,0
"2281","351","IMPACT","area","center",1.4509,0.1887
"2282","351","OCCURRENCE","area","center",0.2874,0.9467
"2283","351","IMPACT","area","centertogrid",6.9993,3e-04
"2284","351","OCCURRENCE","area","centertogrid",3.7493,0.0116
"2285","351","IMPACT","area","reachedgrid",23.033,0
"2286","351","OCCURRENCE","area","reachedgrid",8.1511,1e-04
"2287","351","IMPACT","area","weighted",1.5504,0.1651
"2288","351","OCCURRENCE","area","weighted",1.9029,0.1042
"2289","351","IMPACT","area","pooling",Inf,0
"2290","351","OCCURRENCE","area","pooling",Inf,0
"2291","351","IMPACT","center","centertogrid",11.01,0
"2292","351","OCCURRENCE","center","centertogrid",4.2865,0.0061
"2293","351","IMPACT","center","reachedgrid",20.533,0
"2294","351","OCCURRENCE","center","reachedgrid",7.001,3e-04
"2295","351","IMPACT","center","weighted",2.7355,0.0364
"2296","351","OCCURRENCE","center","weighted",1.3028,0.2298
"2297","351","IMPACT","center","pooling",Inf,0
"2298","351","OCCURRENCE","center","pooling",Inf,0
"2299","351","IMPACT","centertogrid","reachedgrid",0.5426,0.7064
"2300","351","OCCURRENCE","centertogrid","reachedgrid",0.0994,1
"2301","351","IMPACT","centertogrid","weighted",4.0646,0.0078
"2302","351","OCCURRENCE","centertogrid","weighted",2.5929,0.0432
"2303","351","IMPACT","centertogrid","pooling",Inf,0
"2304","351","OCCURRENCE","centertogrid","pooling",Inf,0
"2305","351","IMPACT","reachedgrid","weighted",8.2748,1e-04
"2306","351","OCCURRENCE","reachedgrid","weighted",3.6267,0.0129
"2307","351","IMPACT","reachedgrid","pooling",Inf,0
"2308","351","OCCURRENCE","reachedgrid","pooling",Inf,0
"2309","351","IMPACT","weighted","pooling",Inf,0
"2310","351","OCCURRENCE","weighted","pooling",Inf,0
"2311","352","IMPACT","classic","area",14.358,0
"2312","352","OCCURRENCE","classic","area",6.8582,4e-04
"2313","352","IMPACT","classic","center",21.545,0
"2314","352","OCCURRENCE","classic","center",5.4398,0.0016
"2315","352","IMPACT","classic","centertogrid",3.4229,0.0162
"2316","352","OCCURRENCE","classic","centertogrid",4.4862,0.0049
"2317","352","IMPACT","classic","reachedgrid",3.5871,0.0136
"2318","352","OCCURRENCE","classic","reachedgrid",5.2694,0.002
"2319","352","IMPACT","classic","weighted",9.6579,0
"2320","352","OCCURRENCE","classic","weighted",4.2597,0.0062
"2321","352","IMPACT","classic","pooling",Inf,0
"2322","352","OCCURRENCE","classic","pooling",Inf,0
"2323","352","IMPACT","area","center",1.4509,0.1887
"2324","352","OCCURRENCE","area","center",0.2874,0.9467
"2325","352","IMPACT","area","centertogrid",6.243,7e-04
"2326","352","OCCURRENCE","area","centertogrid",4.8725,0.0033
"2327","352","IMPACT","area","reachedgrid",16.313,0
"2328","352","OCCURRENCE","area","reachedgrid",7.043,3e-04
"2329","352","IMPACT","area","weighted",1.1545,0.2854
"2330","352","OCCURRENCE","area","weighted",2.2358,0.0687
"2331","352","IMPACT","area","pooling",Inf,0
"2332","352","OCCURRENCE","area","pooling",Inf,0
"2333","352","IMPACT","center","centertogrid",10.465,0
"2334","352","OCCURRENCE","center","centertogrid",5.7598,0.0011
"2335","352","IMPACT","center","reachedgrid",18.437,0
"2336","352","OCCURRENCE","center","reachedgrid",6.5893,4e-04
"2337","352","IMPACT","center","weighted",1.9043,0.102
"2338","352","OCCURRENCE","center","weighted",1.379,0.2065
"2339","352","IMPACT","center","pooling",Inf,0
"2340","352","OCCURRENCE","center","pooling",Inf,0
"2341","352","IMPACT","centertogrid","reachedgrid",0.4694,0.7817
"2342","352","OCCURRENCE","centertogrid","reachedgrid",0.3036,0.9404
"2343","352","IMPACT","centertogrid","weighted",4.435,0.0051
"2344","352","OCCURRENCE","centertogrid","weighted",2.3436,0.0586
"2345","352","IMPACT","centertogrid","pooling",Inf,0
"2346","352","OCCURRENCE","centertogrid","pooling",Inf,0
"2347","352","IMPACT","reachedgrid","weighted",7.5008,2e-04
"2348","352","OCCURRENCE","reachedgrid","weighted",2.2668,0.0649
"2349","352","IMPACT","reachedgrid","pooling",Inf,0
"2350","352","OCCURRENCE","reachedgrid","pooling",Inf,0
"2351","352","IMPACT","weighted","pooling",Inf,0
"2352","352","OCCURRENCE","weighted","pooling",Inf,0
"2353","353","IMPACT","classic","area",14.849,0
"2354","353","OCCURRENCE","classic","area",4.5077,0.005
"2355","353","IMPACT","classic","center",20.974,0
"2356","353","OCCURRENCE","classic","center",4.5114,0.0047
"2357","353","IMPACT","classic","centertogrid",1.9279,0.0992
"2358","353","OCCURRENCE","classic","centertogrid",1.9209,0.1001
"2359","353","IMPACT","classic","reachedgrid",3.688,0.0121
"2360","353","OCCURRENCE","classic","reachedgrid",2.3267,0.0604
"2361","353","IMPACT","classic","weighted",15.708,0
"2362","353","OCCURRENCE","classic","weighted",2.2444,0.0663
"2363","353","IMPACT","classic","pooling",Inf,0
"2364","353","OCCURRENCE","classic","pooling",Inf,0
"2365","353","IMPACT","area","center",1.4509,0.1887
"2366","353","OCCURRENCE","area","center",0.2874,0.9467
"2367","353","IMPACT","area","centertogrid",6.3315,6e-04
"2368","353","OCCURRENCE","area","centertogrid",6.2573,7e-04
"2369","353","IMPACT","area","reachedgrid",12.867,0
"2370","353","OCCURRENCE","area","reachedgrid",10.331,0
"2371","353","IMPACT","area","weighted",0.8263,0.4618
"2372","353","OCCURRENCE","area","weighted",3.6694,0.0128
"2373","353","IMPACT","area","pooling",Inf,0
"2374","353","OCCURRENCE","area","pooling",Inf,0
"2375","353","IMPACT","center","centertogrid",10.892,0
"2376","353","OCCURRENCE","center","centertogrid",6.3733,6e-04
"2377","353","IMPACT","center","reachedgrid",14.599,0
"2378","353","OCCURRENCE","center","reachedgrid",8.9367,0
"2379","353","IMPACT","center","weighted",0.8378,0.4558
"2380","353","OCCURRENCE","center","weighted",2.6062,0.0425
"2381","353","IMPACT","center","pooling",Inf,0
"2382","353","OCCURRENCE","center","pooling",Inf,0
"2383","353","IMPACT","centertogrid","reachedgrid",0.4036,0.8487
"2384","353","OCCURRENCE","centertogrid","reachedgrid",0.2398,0.9789
"2385","353","IMPACT","centertogrid","weighted",7.479,2e-04
"2386","353","OCCURRENCE","centertogrid","weighted",2.0984,0.0796
"2387","353","IMPACT","centertogrid","pooling",Inf,0
"2388","353","OCCURRENCE","centertogrid","pooling",Inf,0
"2389","353","IMPACT","reachedgrid","weighted",8.9975,0
"2390","353","OCCURRENCE","reachedgrid","weighted",2.2851,0.0635
"2391","353","IMPACT","reachedgrid","pooling",Inf,0
"2392","353","OCCURRENCE","reachedgrid","pooling",Inf,0
"2393","353","IMPACT","weighted","pooling",Inf,0
"2394","353","OCCURRENCE","weighted","pooling",Inf,0
"2395","354","IMPACT","classic","area",9.8981,0
"2396","354","OCCURRENCE","classic","area",10.967,0
"2397","354","IMPACT","classic","center",16.161,0
"2398","354","OCCURRENCE","classic","center",5.0063,0.0027
"2399","354","IMPACT","classic","centertogrid",4.6768,0.0039
"2400","354","OCCURRENCE","classic","centertogrid",3.5291,0.0143
"2401","354","IMPACT","classic","reachedgrid",3.5495,0.0142
"2402","354","OCCURRENCE","classic","reachedgrid",4.6634,0.004
"2403","354","IMPACT","classic","weighted",7.5381,2e-04
"2404","354","OCCURRENCE","classic","weighted",3.3449,0.0176
"2405","354","IMPACT","classic","pooling",Inf,0
"2406","354","OCCURRENCE","classic","pooling",Inf,0
"2407","354","IMPACT","area","center",1.4509,0.1887
"2408","354","OCCURRENCE","area","center",0.2874,0.9467
"2409","354","IMPACT","area","centertogrid",3.543,0.0147
"2410","354","OCCURRENCE","area","centertogrid",2.8303,0.0336
"2411","354","IMPACT","area","reachedgrid",8.9725,0
"2412","354","OCCURRENCE","area","reachedgrid",4.2862,0.0064
"2413","354","IMPACT","area","weighted",0.9671,0.3745
"2414","354","OCCURRENCE","area","weighted",1.0933,0.3116
"2415","354","IMPACT","area","pooling",Inf,0
"2416","354","OCCURRENCE","area","pooling",Inf,0
"2417","354","IMPACT","center","centertogrid",5.8106,0.0011
"2418","354","OCCURRENCE","center","centertogrid",2.1932,0.0709
"2419","354","IMPACT","center","reachedgrid",11.549,0
"2420","354","OCCURRENCE","center","reachedgrid",3.5226,0.0146
"2421","354","IMPACT","center","weighted",1.7648,0.1224
"2422","354","OCCURRENCE","center","weighted",0.6677,0.5901
"2423","354","IMPACT","center","pooling",Inf,0
"2424","354","OCCURRENCE","center","pooling",Inf,0
"2425","354","IMPACT","centertogrid","reachedgrid",0.6399,0.6128
"2426","354","OCCURRENCE","centertogrid","reachedgrid",0.1822,0.996
"2427","354","IMPACT","centertogrid","weighted",2.4652,0.0505
"2428","354","OCCURRENCE","centertogrid","weighted",2.7179,0.0372
"2429","354","IMPACT","centertogrid","pooling",Inf,0
"2430","354","OCCURRENCE","centertogrid","pooling",Inf,0
"2431","354","IMPACT","reachedgrid","weighted",4.2366,0.0066
"2432","354","OCCURRENCE","reachedgrid","weighted",3.6295,0.0129
"2433","354","IMPACT","reachedgrid","pooling",Inf,0
"2434","354","OCCURRENCE","reachedgrid","pooling",Inf,0
"2435","354","IMPACT","weighted","pooling",Inf,0
"2436","354","OCCURRENCE","weighted","pooling",Inf,0
"2437","355","IMPACT","classic","area",6.117,8e-04
"2438","355","OCCURRENCE","classic","area",9.739,0
"2439","355","IMPACT","classic","center",11.015,0
"2440","355","OCCURRENCE","classic","center",9.6421,0
"2441","355","IMPACT","classic","centertogrid",2.7598,0.0355
"2442","355","OCCURRENCE","classic","centertogrid",7.6952,1e-04
"2443","355","IMPACT","classic","reachedgrid",3.2048,0.0212
"2444","355","OCCURRENCE","classic","reachedgrid",8.6827,0
"2445","355","IMPACT","classic","weighted",9.3845,0
"2446","355","OCCURRENCE","classic","weighted",3.4027,0.0165
"2447","355","IMPACT","classic","pooling",Inf,0
"2448","355","OCCURRENCE","classic","pooling",Inf,0
"2449","355","IMPACT","area","center",1.4509,0.1887
"2450","355","OCCURRENCE","area","center",0.2874,0.9467
"2451","355","IMPACT","area","centertogrid",3.9668,0.0091
"2452","355","OCCURRENCE","area","centertogrid",47.267,0
"2453","355","IMPACT","area","reachedgrid",10.311,0
"2454","355","OCCURRENCE","area","reachedgrid",68.849,0
"2455","355","IMPACT","area","weighted",0.4561,0.7898
"2456","355","OCCURRENCE","area","weighted",30.012,0
"2457","355","IMPACT","area","pooling",Inf,0
"2458","355","OCCURRENCE","area","pooling",Inf,0
"2459","355","IMPACT","center","centertogrid",5.7279,0.0012
"2460","355","OCCURRENCE","center","centertogrid",25.915,0
"2461","355","IMPACT","center","reachedgrid",9.7606,0
"2462","355","OCCURRENCE","center","reachedgrid",34.691,0
"2463","355","IMPACT","center","weighted",0.9271,0.3981
"2464","355","OCCURRENCE","center","weighted",17.079,0
"2465","355","IMPACT","center","pooling",Inf,0
"2466","355","OCCURRENCE","center","pooling",Inf,0
"2467","355","IMPACT","centertogrid","reachedgrid",0.2991,0.9429
"2468","355","OCCURRENCE","centertogrid","reachedgrid",0.3961,0.8576
"2469","355","IMPACT","centertogrid","weighted",3.6111,0.013
"2470","355","OCCURRENCE","centertogrid","weighted",5.8666,0.001
"2471","355","IMPACT","centertogrid","pooling",Inf,0
"2472","355","OCCURRENCE","centertogrid","pooling",Inf,0
"2473","355","IMPACT","reachedgrid","weighted",6.7071,4e-04
"2474","355","OCCURRENCE","reachedgrid","weighted",5.2032,0.0022
"2475","355","IMPACT","reachedgrid","pooling",Inf,0
"2476","355","OCCURRENCE","reachedgrid","pooling",Inf,0
"2477","355","IMPACT","weighted","pooling",Inf,0
"2478","355","OCCURRENCE","weighted","pooling",Inf,0
"2479","356","IMPACT","classic","area",20.743,0
"2480","356","OCCURRENCE","classic","area",8.6275,1e-04
"2481","356","IMPACT","classic","center",23.437,0
"2482","356","OCCURRENCE","classic","center",9.2272,0
"2483","356","IMPACT","classic","centertogrid",0.3474,0.9061
"2484","356","OCCURRENCE","classic","centertogrid",5.8564,0.001
"2485","356","IMPACT","classic","reachedgrid",1.3075,0.229
"2486","356","OCCURRENCE","classic","reachedgrid",3.0204,0.0262
"2487","356","IMPACT","classic","weighted",4.9711,0.0028
"2488","356","OCCURRENCE","classic","weighted",1.52,0.1698
"2489","356","IMPACT","classic","pooling",Inf,0
"2490","356","OCCURRENCE","classic","pooling",Inf,0
"2491","356","IMPACT","area","center",1.4509,0.1887
"2492","356","OCCURRENCE","area","center",0.2874,0.9467
"2493","356","IMPACT","area","centertogrid",16.558,0
"2494","356","OCCURRENCE","area","centertogrid",34.389,0
"2495","356","IMPACT","area","reachedgrid",29.086,0
"2496","356","OCCURRENCE","area","reachedgrid",38.325,0
"2497","356","IMPACT","area","weighted",8.7124,0
"2498","356","OCCURRENCE","area","weighted",12.564,0
"2499","356","IMPACT","area","pooling",Inf,0
"2500","356","OCCURRENCE","area","pooling",Inf,0
"2501","356","IMPACT","center","centertogrid",19.866,0
"2502","356","OCCURRENCE","center","centertogrid",21.155,0
"2503","356","IMPACT","center","reachedgrid",24.723,0
"2504","356","OCCURRENCE","center","reachedgrid",21.813,0
"2505","356","IMPACT","center","weighted",9.0568,0
"2506","356","OCCURRENCE","center","weighted",7.2363,2e-04
"2507","356","IMPACT","center","pooling",Inf,0
"2508","356","OCCURRENCE","center","pooling",Inf,0
"2509","356","IMPACT","centertogrid","reachedgrid",0.4966,0.7535
"2510","356","OCCURRENCE","centertogrid","reachedgrid",1.423,0.1948
"2511","356","IMPACT","centertogrid","weighted",3.8075,0.0103
"2512","356","OCCURRENCE","centertogrid","weighted",6.8588,3e-04
"2513","356","IMPACT","centertogrid","pooling",Inf,0
"2514","356","OCCURRENCE","centertogrid","pooling",Inf,0
"2515","356","IMPACT","reachedgrid","weighted",3.5313,0.0145
"2516","356","OCCURRENCE","reachedgrid","weighted",4.1993,0.0068
"2517","356","IMPACT","reachedgrid","pooling",Inf,0
"2518","356","OCCURRENCE","reachedgrid","pooling",Inf,0
"2519","356","IMPACT","weighted","pooling",Inf,0
"2520","356","OCCURRENCE","weighted","pooling",Inf,0
"2521","357","IMPACT","classic","area",7.863,1e-04
"2522","357","OCCURRENCE","classic","area",3.6916,0.0124
"2523","357","IMPACT","classic","center",13.076,0
"2524","357","OCCURRENCE","classic","center",3.3442,0.0178
"2525","357","IMPACT","classic","centertogrid",0.681,0.5778
"2526","357","OCCURRENCE","classic","centertogrid",1.6367,0.1454
"2527","357","IMPACT","classic","reachedgrid",1.7977,0.1181
"2528","357","OCCURRENCE","classic","reachedgrid",1.866,0.1079
"2529","357","IMPACT","classic","weighted",8.9848,0
"2530","357","OCCURRENCE","classic","weighted",2.4087,0.0541
"2531","357","IMPACT","classic","pooling",Inf,0
"2532","357","OCCURRENCE","classic","pooling",Inf,0
"2533","357","IMPACT","area","center",1.4509,0.1887
"2534","357","OCCURRENCE","area","center",0.2874,0.9467
"2535","357","IMPACT","area","centertogrid",4.8228,0.0035
"2536","357","OCCURRENCE","area","centertogrid",3.6524,0.013
"2537","357","IMPACT","area","reachedgrid",9.3846,0
"2538","357","OCCURRENCE","area","reachedgrid",6.7444,4e-04
"2539","357","IMPACT","area","weighted",0.7677,0.5042
"2540","357","OCCURRENCE","area","weighted",1.2753,0.2405
"2541","357","IMPACT","area","pooling",Inf,0
"2542","357","OCCURRENCE","area","pooling",Inf,0
"2543","357","IMPACT","center","centertogrid",8.9305,0
"2544","357","OCCURRENCE","center","centertogrid",3.9206,0.0092
"2545","357","IMPACT","center","reachedgrid",12.094,0
"2546","357","OCCURRENCE","center","reachedgrid",5.8764,0.001
"2547","357","IMPACT","center","weighted",1.2457,0.2493
"2548","357","OCCURRENCE","center","weighted",1.1848,0.2721
"2549","357","IMPACT","center","pooling",Inf,0
"2550","357","OCCURRENCE","center","pooling",Inf,0
"2551","357","IMPACT","centertogrid","reachedgrid",0.5575,0.6914
"2552","357","OCCURRENCE","centertogrid","reachedgrid",0.0647,1
"2553","357","IMPACT","centertogrid","weighted",5.7133,0.0012
"2554","357","OCCURRENCE","centertogrid","weighted",2.2743,0.0639
"2555","357","IMPACT","centertogrid","pooling",Inf,0
"2556","357","OCCURRENCE","centertogrid","pooling",Inf,0
"2557","357","IMPACT","reachedgrid","weighted",7.6972,1e-04
"2558","357","OCCURRENCE","reachedgrid","weighted",2.6982,0.0385
"2559","357","IMPACT","reachedgrid","pooling",Inf,0
"2560","357","OCCURRENCE","reachedgrid","pooling",Inf,0
"2561","357","IMPACT","weighted","pooling",Inf,0
"2562","357","OCCURRENCE","weighted","pooling",Inf,0
"2563","358","IMPACT","classic","area",13.94,0
"2564","358","OCCURRENCE","classic","area",6.3503,6e-04
"2565","358","IMPACT","classic","center",20.767,0
"2566","358","OCCURRENCE","classic","center",6.3984,5e-04
"2567","358","IMPACT","classic","centertogrid",1.4293,0.1928
"2568","358","OCCURRENCE","classic","centertogrid",7.3006,2e-04
"2569","358","IMPACT","classic","reachedgrid",3.9113,0.0094
"2570","358","OCCURRENCE","classic","reachedgrid",7.6188,2e-04
"2571","358","IMPACT","classic","weighted",7.9352,1e-04
"2572","358","OCCURRENCE","classic","weighted",4.8152,0.0033
"2573","358","IMPACT","classic","pooling",Inf,0
"2574","358","OCCURRENCE","classic","pooling",Inf,0
"2575","358","IMPACT","area","center",1.4509,0.1887
"2576","358","OCCURRENCE","area","center",0.2874,0.9467
"2577","358","IMPACT","area","centertogrid",8.5645,1e-04
"2578","358","OCCURRENCE","area","centertogrid",10.983,0
"2579","358","IMPACT","area","reachedgrid",15.763,0
"2580","358","OCCURRENCE","area","reachedgrid",15.9,0
"2581","358","IMPACT","area","weighted",3.1225,0.0239
"2582","358","OCCURRENCE","area","weighted",3.8987,0.0099
"2583","358","IMPACT","area","pooling",Inf,0
"2584","358","OCCURRENCE","area","pooling",Inf,0
"2585","358","IMPACT","center","centertogrid",13.823,0
"2586","358","OCCURRENCE","center","centertogrid",9.1182,0
"2587","358","IMPACT","center","reachedgrid",15.663,0
"2588","358","OCCURRENCE","center","reachedgrid",11.044,0
"2589","358","IMPACT","center","weighted",4.1385,0.0071
"2590","358","OCCURRENCE","center","weighted",2.818,0.033
"2591","358","IMPACT","center","pooling",Inf,0
"2592","358","OCCURRENCE","center","pooling",Inf,0
"2593","358","IMPACT","centertogrid","reachedgrid",1.2737,0.2402
"2594","358","OCCURRENCE","centertogrid","reachedgrid",0.1234,0.9999
"2595","358","IMPACT","centertogrid","weighted",3.798,0.0105
"2596","358","OCCURRENCE","centertogrid","weighted",3.7119,0.0115
"2597","358","IMPACT","centertogrid","pooling",Inf,0
"2598","358","OCCURRENCE","centertogrid","pooling",Inf,0
"2599","358","IMPACT","reachedgrid","weighted",3.9483,0.009
"2600","358","OCCURRENCE","reachedgrid","weighted",3.9748,0.0087
"2601","358","IMPACT","reachedgrid","pooling",Inf,0
"2602","358","OCCURRENCE","reachedgrid","pooling",Inf,0
"2603","358","IMPACT","weighted","pooling",Inf,0
"2604","358","OCCURRENCE","weighted","pooling",Inf,0
"2605","359","IMPACT","classic","area",6.7159,4e-04
"2606","359","OCCURRENCE","classic","area",5.1484,0.0024
"2607","359","IMPACT","classic","center",10.684,0
"2608","359","OCCURRENCE","classic","center",3.4867,0.0151
"2609","359","IMPACT","classic","centertogrid",5.1324,0.0023
"2610","359","OCCURRENCE","classic","centertogrid",1.6578,0.1413
"2611","359","IMPACT","classic","reachedgrid",4.0583,0.008
"2612","359","OCCURRENCE","classic","reachedgrid",1.5668,0.1601
"2613","359","IMPACT","classic","weighted",14.699,0
"2614","359","OCCURRENCE","classic","weighted",4.9621,0.0028
"2615","359","IMPACT","classic","pooling",Inf,0
"2616","359","OCCURRENCE","classic","pooling",Inf,0
"2617","359","IMPACT","area","center",1.4509,0.1887
"2618","359","OCCURRENCE","area","center",0.2874,0.9467
"2619","359","IMPACT","area","centertogrid",5.5095,0.0016
"2620","359","OCCURRENCE","area","centertogrid",2.8706,0.0321
"2621","359","IMPACT","area","reachedgrid",7.2684,2e-04
"2622","359","OCCURRENCE","area","reachedgrid",4.162,0.0073
"2623","359","IMPACT","area","weighted",2.1347,0.0779
"2624","359","OCCURRENCE","area","weighted",0.6559,0.5955
"2625","359","IMPACT","area","pooling",Inf,0
"2626","359","OCCURRENCE","area","pooling",Inf,0
"2627","359","IMPACT","center","centertogrid",3.9792,0.0086
"2628","359","OCCURRENCE","center","centertogrid",2.8681,0.0312
"2629","359","IMPACT","center","reachedgrid",7.1049,3e-04
"2630","359","OCCURRENCE","center","reachedgrid",3.607,0.0132
"2631","359","IMPACT","center","weighted",0.7407,0.5284
"2632","359","OCCURRENCE","center","weighted",0.5144,0.7386
"2633","359","IMPACT","center","pooling",Inf,0
"2634","359","OCCURRENCE","center","pooling",Inf,0
"2635","359","IMPACT","centertogrid","reachedgrid",0.6784,0.5786
"2636","359","OCCURRENCE","centertogrid","reachedgrid",0.2183,0.9874
"2637","359","IMPACT","centertogrid","weighted",5.3094,0.0019
"2638","359","OCCURRENCE","centertogrid","weighted",3.1266,0.0228
"2639","359","IMPACT","centertogrid","pooling",Inf,0
"2640","359","OCCURRENCE","centertogrid","pooling",Inf,0
"2641","359","IMPACT","reachedgrid","weighted",11.246,0
"2642","359","OCCURRENCE","reachedgrid","weighted",4.3146,0.006
"2643","359","IMPACT","reachedgrid","pooling",Inf,0
"2644","359","OCCURRENCE","reachedgrid","pooling",Inf,0
"2645","359","IMPACT","weighted","pooling",Inf,0
"2646","359","OCCURRENCE","weighted","pooling",Inf,0
"2647","360","IMPACT","classic","area",8.9678,0
"2648","360","OCCURRENCE","classic","area",4.392,0.0057
"2649","360","IMPACT","classic","center",14.922,0
"2650","360","OCCURRENCE","classic","center",3.5691,0.0137
"2651","360","IMPACT","classic","centertogrid",2.8077,0.0335
"2652","360","OCCURRENCE","classic","centertogrid",3.4577,0.0156
"2653","360","IMPACT","classic","reachedgrid",2.3183,0.0612
"2654","360","OCCURRENCE","classic","reachedgrid",3.4701,0.0155
"2655","360","IMPACT","classic","weighted",12.243,0
"2656","360","OCCURRENCE","classic","weighted",3.5211,0.0144
"2657","360","IMPACT","classic","pooling",Inf,0
"2658","360","OCCURRENCE","classic","pooling",Inf,0
"2659","360","IMPACT","area","center",1.4509,0.1887
"2660","360","OCCURRENCE","area","center",0.2874,0.9467
"2661","360","IMPACT","area","centertogrid",4.4949,0.0051
"2662","360","OCCURRENCE","area","centertogrid",5.9489,0.001
"2663","360","IMPACT","area","reachedgrid",11.068,0
"2664","360","OCCURRENCE","area","reachedgrid",8.8741,0
"2665","360","IMPACT","area","weighted",0.7248,0.5376
"2666","360","OCCURRENCE","area","weighted",2.2147,0.0705
"2667","360","IMPACT","area","pooling",Inf,0
"2668","360","OCCURRENCE","area","pooling",Inf,0
"2669","360","IMPACT","center","centertogrid",7.8059,1e-04
"2670","360","OCCURRENCE","center","centertogrid",5.8543,0.001
"2671","360","IMPACT","center","reachedgrid",13.377,0
"2672","360","OCCURRENCE","center","reachedgrid",7.2951,2e-04
"2673","360","IMPACT","center","weighted",0.7937,0.4875
"2674","360","OCCURRENCE","center","weighted",1.7988,0.117
"2675","360","IMPACT","center","pooling",Inf,0
"2676","360","OCCURRENCE","center","pooling",Inf,0
"2677","360","IMPACT","centertogrid","reachedgrid",0.4414,0.8104
"2678","360","OCCURRENCE","centertogrid","reachedgrid",0.1011,1
"2679","360","IMPACT","centertogrid","weighted",5.2963,0.0019
"2680","360","OCCURRENCE","centertogrid","weighted",2.6081,0.0424
"2681","360","IMPACT","centertogrid","pooling",Inf,0
"2682","360","OCCURRENCE","centertogrid","pooling",Inf,0
"2683","360","IMPACT","reachedgrid","weighted",10.779,0
"2684","360","OCCURRENCE","reachedgrid","weighted",3.8024,0.0106
"2685","360","IMPACT","reachedgrid","pooling",Inf,0
"2686","360","OCCURRENCE","reachedgrid","pooling",Inf,0
"2687","360","IMPACT","weighted","pooling",Inf,0
"2688","360","OCCURRENCE","weighted","pooling",Inf,0
"2689","361","IMPACT","classic","area",13.862,0
"2690","361","OCCURRENCE","classic","area",6.1416,8e-04
"2691","361","IMPACT","classic","center",21.428,0
"2692","361","OCCURRENCE","classic","center",3.7876,0.0107
"2693","361","IMPACT","classic","centertogrid",3.9998,0.0084
"2694","361","OCCURRENCE","classic","centertogrid",4.6471,0.004
"2695","361","IMPACT","classic","reachedgrid",5.3096,0.0019
"2696","361","OCCURRENCE","classic","reachedgrid",3.7161,0.0117
"2697","361","IMPACT","classic","weighted",9.3752,0
"2698","361","OCCURRENCE","classic","weighted",2.9669,0.0276
"2699","361","IMPACT","classic","pooling",Inf,0
"2700","361","OCCURRENCE","classic","pooling",Inf,0
"2701","361","IMPACT","area","center",1.4509,0.1887
"2702","361","OCCURRENCE","area","center",0.2874,0.9467
"2703","361","IMPACT","area","centertogrid",4.9743,0.003
"2704","361","OCCURRENCE","area","centertogrid",4.8777,0.0033
"2705","361","IMPACT","area","reachedgrid",10.011,0
"2706","361","OCCURRENCE","area","reachedgrid",5.7173,0.0013
"2707","361","IMPACT","area","weighted",1.7657,0.1243
"2708","361","OCCURRENCE","area","weighted",0.8531,0.4437
"2709","361","IMPACT","area","pooling",Inf,0
"2710","361","OCCURRENCE","area","pooling",Inf,0
"2711","361","IMPACT","center","centertogrid",9.1154,0
"2712","361","OCCURRENCE","center","centertogrid",5.1509,0.0023
"2713","361","IMPACT","center","reachedgrid",13.231,0
"2714","361","OCCURRENCE","center","reachedgrid",5.8089,0.0011
"2715","361","IMPACT","center","weighted",2.5889,0.0434
"2716","361","OCCURRENCE","center","weighted",0.6825,0.5771
"2717","361","IMPACT","center","pooling",Inf,0
"2718","361","OCCURRENCE","center","pooling",Inf,0
"2719","361","IMPACT","centertogrid","reachedgrid",0.2165,0.9877
"2720","361","OCCURRENCE","centertogrid","reachedgrid",0.4241,0.8291
"2721","361","IMPACT","centertogrid","weighted",2.8596,0.0313
"2722","361","OCCURRENCE","centertogrid","weighted",2.8461,0.0318
"2723","361","IMPACT","centertogrid","pooling",Inf,0
"2724","361","OCCURRENCE","centertogrid","pooling",Inf,0
"2725","361","IMPACT","reachedgrid","weighted",3.6992,0.0119
"2726","361","OCCURRENCE","reachedgrid","weighted",2.585,0.044
"2727","361","IMPACT","reachedgrid","pooling",Inf,0
"2728","361","OCCURRENCE","reachedgrid","pooling",Inf,0
"2729","361","IMPACT","weighted","pooling",Inf,0
"2730","361","OCCURRENCE","weighted","pooling",Inf,0
"2731","362","IMPACT","classic","area",10.368,0
"2732","362","OCCURRENCE","classic","area",3.5021,0.0154
"2733","362","IMPACT","classic","center",3.486,0.0151
"2734","362","OCCURRENCE","classic","center",2.6143,0.0423
"2735","362","IMPACT","classic","centertogrid",0.1678,0.9982
"2736","362","OCCURRENCE","classic","centertogrid",1.4971,0.1756
"2737","362","IMPACT","classic","reachedgrid",1.508,0.1735
"2738","362","OCCURRENCE","classic","reachedgrid",1.5218,0.1701
"2739","362","IMPACT","classic","weighted",6.0304,8e-04
"2740","362","OCCURRENCE","classic","weighted",2.3442,0.0585
"2741","362","IMPACT","classic","pooling",Inf,0
"2742","362","OCCURRENCE","classic","pooling",Inf,0
"2743","362","IMPACT","area","center",1.4509,0.1887
"2744","362","OCCURRENCE","area","center",0.2874,0.9467
"2745","362","IMPACT","area","centertogrid",9.0205,0
"2746","362","OCCURRENCE","area","centertogrid",6.1279,8e-04
"2747","362","IMPACT","area","reachedgrid",8.9715,0
"2748","362","OCCURRENCE","area","reachedgrid",9.3191,0
"2749","362","IMPACT","area","weighted",6.1825,8e-04
"2750","362","OCCURRENCE","area","weighted",3.328,0.0188
"2751","362","IMPACT","area","pooling",Inf,0
"2752","362","OCCURRENCE","area","pooling",Inf,0
"2753","362","IMPACT","center","centertogrid",3.3734,0.0172
"2754","362","OCCURRENCE","center","centertogrid",4.6957,0.0038
"2755","362","IMPACT","center","reachedgrid",5.448,0.0017
"2756","362","OCCURRENCE","center","reachedgrid",5.9297,0.001
"2757","362","IMPACT","center","weighted",2.3845,0.0557
"2758","362","OCCURRENCE","center","weighted",2.3068,0.0613
"2759","362","IMPACT","center","pooling",Inf,0
"2760","362","OCCURRENCE","center","pooling",Inf,0
"2761","362","IMPACT","centertogrid","reachedgrid",0.9477,0.3857
"2762","362","OCCURRENCE","centertogrid","reachedgrid",0.083,1
"2763","362","IMPACT","centertogrid","weighted",6.039,8e-04
"2764","362","OCCURRENCE","centertogrid","weighted",2.1873,0.0711
"2765","362","IMPACT","centertogrid","pooling",Inf,0
"2766","362","OCCURRENCE","centertogrid","pooling",Inf,0
"2767","362","IMPACT","reachedgrid","weighted",12.805,0
"2768","362","OCCURRENCE","reachedgrid","weighted",3.1883,0.0214
"2769","362","IMPACT","reachedgrid","pooling",Inf,0
"2770","362","OCCURRENCE","reachedgrid","pooling",Inf,0
"2771","362","IMPACT","weighted","pooling",Inf,0
"2772","362","OCCURRENCE","weighted","pooling",Inf,0
"2773","363","IMPACT","classic","area",4.99,0.0029
"2774","363","OCCURRENCE","classic","area",4.2787,0.0065
"2775","363","IMPACT","classic","center",5.3782,0.0018
"2776","363","OCCURRENCE","classic","center",2.4204,0.0535
"2777","363","IMPACT","classic","centertogrid",1.6397,0.1446
"2778","363","OCCURRENCE","classic","centertogrid",2.0322,0.0867
"2779","363","IMPACT","classic","reachedgrid",1.9848,0.0927
"2780","363","OCCURRENCE","classic","reachedgrid",2.3676,0.0574
"2781","363","IMPACT","classic","weighted",7.1615,2e-04
"2782","363","OCCURRENCE","classic","weighted",2.4421,0.0519
"2783","363","IMPACT","classic","pooling",Inf,0
"2784","363","OCCURRENCE","classic","pooling",Inf,0
"2785","363","IMPACT","area","center",1.4509,0.1887
"2786","363","OCCURRENCE","area","center",0.2874,0.9467
"2787","363","IMPACT","area","centertogrid",4.0711,0.0081
"2788","363","OCCURRENCE","area","centertogrid",3.2092,0.0216
"2789","363","IMPACT","area","reachedgrid",7.0082,3e-04
"2790","363","OCCURRENCE","area","reachedgrid",5.7512,0.0012
"2791","363","IMPACT","area","weighted",1.6788,0.1392
"2792","363","OCCURRENCE","area","weighted",1.6726,0.1403
"2793","363","IMPACT","area","pooling",Inf,0
"2794","363","OCCURRENCE","area","pooling",Inf,0
"2795","363","IMPACT","center","centertogrid",5.3486,0.0018
"2796","363","OCCURRENCE","center","centertogrid",3.59,0.0133
"2797","363","IMPACT","center","reachedgrid",8.6329,0
"2798","363","OCCURRENCE","center","reachedgrid",5.3909,0.0018
"2799","363","IMPACT","center","weighted",1.2127,0.2614
"2800","363","OCCURRENCE","center","weighted",1.1651,0.28
"2801","363","IMPACT","center","pooling",Inf,0
"2802","363","OCCURRENCE","center","pooling",Inf,0
"2803","363","IMPACT","centertogrid","reachedgrid",0.5252,0.7244
"2804","363","OCCURRENCE","centertogrid","reachedgrid",0.1587,0.9986
"2805","363","IMPACT","centertogrid","weighted",4.8824,0.003
"2806","363","OCCURRENCE","centertogrid","weighted",1.9896,0.0913
"2807","363","IMPACT","centertogrid","pooling",Inf,0
"2808","363","OCCURRENCE","centertogrid","pooling",Inf,0
"2809","363","IMPACT","reachedgrid","weighted",9.8476,0
"2810","363","OCCURRENCE","reachedgrid","weighted",2.5153,0.0479
"2811","363","IMPACT","reachedgrid","pooling",Inf,0
"2812","363","OCCURRENCE","reachedgrid","pooling",Inf,0
"2813","363","IMPACT","weighted","pooling",Inf,0
"2814","363","OCCURRENCE","weighted","pooling",Inf,0
"2815","365","IMPACT","classic","area",24.426,0
"2816","365","OCCURRENCE","classic","area",8.4049,1e-04
"2817","365","IMPACT","classic","center",26.368,0
"2818","365","OCCURRENCE","classic","center",5.334,0.0018
"2819","365","IMPACT","classic","centertogrid",0.1656,0.9984
"2820","365","OCCURRENCE","classic","centertogrid",3.2624,0.0195
"2821","365","IMPACT","classic","reachedgrid",1.1553,0.2844
"2822","365","OCCURRENCE","classic","reachedgrid",4.0328,0.0082
"2823","365","IMPACT","classic","weighted",5.8991,0.001
"2824","365","OCCURRENCE","classic","weighted",6.0527,8e-04
"2825","365","IMPACT","classic","pooling",Inf,0
"2826","365","OCCURRENCE","classic","pooling",Inf,0
"2827","365","IMPACT","area","center",1.4509,0.1887
"2828","365","OCCURRENCE","area","center",0.2874,0.9467
"2829","365","IMPACT","area","centertogrid",21.099,0
"2830","365","OCCURRENCE","area","centertogrid",3.3373,0.0186
"2831","365","IMPACT","area","reachedgrid",40.2,0
"2832","365","OCCURRENCE","area","reachedgrid",5.8976,0.0011
"2833","365","IMPACT","area","weighted",6.5782,5e-04
"2834","365","OCCURRENCE","area","weighted",0.5083,0.7364
"2835","365","IMPACT","area","pooling",Inf,0
"2836","365","OCCURRENCE","area","pooling",Inf,0
"2837","365","IMPACT","center","centertogrid",22.831,0
"2838","365","OCCURRENCE","center","centertogrid",2.3161,0.0608
"2839","365","IMPACT","center","reachedgrid",29.826,0
"2840","365","OCCURRENCE","center","reachedgrid",3.1519,0.0224
"2841","365","IMPACT","center","weighted",6.4562,5e-04
"2842","365","OCCURRENCE","center","weighted",0.5374,0.715
"2843","365","IMPACT","center","pooling",Inf,0
"2844","365","OCCURRENCE","center","pooling",Inf,0
"2845","365","IMPACT","centertogrid","reachedgrid",0.5022,0.7479
"2846","365","OCCURRENCE","centertogrid","reachedgrid",0.0309,1
"2847","365","IMPACT","centertogrid","weighted",4.5251,0.0046
"2848","365","OCCURRENCE","centertogrid","weighted",2.0013,0.09
"2849","365","IMPACT","centertogrid","pooling",Inf,0
"2850","365","OCCURRENCE","centertogrid","pooling",Inf,0
"2851","365","IMPACT","reachedgrid","weighted",5.9314,0.001
"2852","365","OCCURRENCE","reachedgrid","weighted",2.9898,0.0271
"2853","365","IMPACT","reachedgrid","pooling",Inf,0
"2854","365","OCCURRENCE","reachedgrid","pooling",Inf,0
"2855","365","IMPACT","weighted","pooling",Inf,0
"2856","365","OCCURRENCE","weighted","pooling",Inf,0
